file,key,bpm,mood,title,seed,prompt,init_loop,init_path
0001__A#min_144_ethnic__Ember__loop-Cymatics_Dragon_Platinum_E__seed7.wav,A#min,144,ethnic,Ember,7,cKz! Ember A#min 144 bpm @crushed_keyz,Cymatics - Dragon Platinum Ethnic Loop - The Future - 144 BPM A# Min.wav,/Users/mikemcgovern/Documents/SoundSauce/Melody_Loops/Cymatics_Dragon_Platinum_Expansion/Cymatics - Dragon Platinum Ethnic Loop - The Future - 144 BPM A# Min.wav
0002__A#min_144_ethnic__Ember__loop-Cymatics_Dragon_Platinum_E__seed123.wav,A#min,144,ethnic,Ember,123,cKz! Ember A#min 144 bpm @crushed_keyz,Cymatics - Dragon Platinum Ethnic Loop - The Future - 144 BPM A# Min.wav,/Users/mikemcgovern/Documents/SoundSauce/Melody_Loops/Cymatics_Dragon_Platinum_Expansion/Cymatics - Dragon Platinum Ethnic Loop - The Future - 144 BPM A# Min.wav
0003__A#min_144_ethnic__ICE__loop-Cymatics_Dragon_Platinum_E__seed7.wav,A#min,144,ethnic,ICE,7,cKz! ICE A#min 144 bpm @crushed_keyz,Cymatics - Dragon Platinum Ethnic Loop - The Future - 144 BPM A# Min.wav,/Users/mikemcgovern/Documents/SoundSauce/Melody_Loops/Cymatics_Dragon_Platinum_Expansion/Cymatics - Dragon Platinum Ethnic Loop - The Future - 144 BPM A# Min.wav
0004__A#min_144_ethnic__ICE__loop-Cymatics_Dragon_Platinum_E__seed123.wav,A#min,144,ethnic,ICE,123,cKz! ICE A#min 144 bpm @crushed_keyz,Cymatics - Dragon Platinum Ethnic Loop - The Future - 144 BPM A# Min.wav,/Users/mikemcgovern/Documents/SoundSauce/Melody_Loops/Cymatics_Dragon_Platinum_Expansion/Cymatics - Dragon Platinum Ethnic Loop - The Future - 144 BPM A# Min.wav
0005__A#min_144_ethnic__JuPitER__loop-Cymatics_Dragon_Platinum_E__seed7.wav,A#min,144,ethnic,JuPitER,7,cKz! JuPitER A#min 144 bpm @crushed_keyz,Cymatics - Dragon Platinum Ethnic Loop - The Future - 144 BPM A# Min.wav,/Users/mikemcgovern/Documents/SoundSauce/Melody_Loops/Cymatics_Dragon_Platinum_Expansion/Cymatics - Dragon Platinum Ethnic Loop - The Future - 144 BPM A# Min.wav
0006__A#min_144_ethnic__JuPitER__loop-Cymatics_Dragon_Platinum_E__seed123.wav,A#min,144,ethnic,JuPitER,123,cKz! JuPitER A#min 144 bpm @crushed_keyz,Cymatics - Dragon Platinum Ethnic Loop - The Future - 144 BPM A# Min.wav,/Users/mikemcgovern/Documents/SoundSauce/Melody_Loops/Cymatics_Dragon_Platinum_Expansion/Cymatics - Dragon Platinum Ethnic Loop - The Future - 144 BPM A# Min.wav
0007__A#min_152_dragon__StarLight__loop-Cymatics_Dragon_Nostalgic___seed7.wav,A#min,152,dragon,StarLight,7,cKz! StarLight A#min 152 bpm @crushed_keyz,Cymatics - Dragon Nostalgic Loop - Twilight - 152 BPM A# Min.wav,/Users/mikemcgovern/Documents/SoundSauce/Melody_Loops/Cymatics - Dragon Pt. 3/Nostalgic/Cymatics - Dragon Nostalgic Loop - Twilight - 152 BPM A# Min.wav
0008__A#min_152_dragon__StarLight__loop-Cymatics_Dragon_Nostalgic___seed123.wav,A#min,152,dragon,StarLight,123,cKz! StarLight A#min 152 bpm @crushed_keyz,Cymatics - Dragon Nostalgic Loop - Twilight - 152 BPM A# Min.wav,/Users/mikemcgovern/Documents/SoundSauce/Melody_Loops/Cymatics - Dragon Pt. 3/Nostalgic/Cymatics - Dragon Nostalgic Loop - Twilight - 152 BPM A# Min.wav
0009__A#min_152_dragon__Crystal__loop-Cymatics_Dragon_Nostalgic___seed7.wav,A#min,152,dragon,Crystal,7,cKz! Crystal A#min 152 bpm @crushed_keyz,Cymatics - Dragon Nostalgic Loop - Twilight - 152 BPM A# Min.wav,/Users/mikemcgovern/Documents/SoundSauce/Melody_Loops/Cymatics - Dragon Pt. 3/Nostalgic/Cymatics - Dragon Nostalgic Loop - Twilight - 152 BPM A# Min.wav
0010__A#min_152_dragon__Crystal__loop-Cymatics_Dragon_Nostalgic___seed123.wav,A#min,152,dragon,Crystal,123,cKz! Crystal A#min 152 bpm @crushed_keyz,Cymatics - Dragon Nostalgic Loop - Twilight - 152 BPM A# Min.wav,/Users/mikemcgovern/Documents/SoundSauce/Melody_Loops/Cymatics - Dragon Pt. 3/Nostalgic/Cymatics - Dragon Nostalgic Loop - Twilight - 152 BPM A# Min.wav
0011__A#min_152_dragon__Velvet__loop-Cymatics_Dragon_Nostalgic___seed7.wav,A#min,152,dragon,Velvet,7,cKz! Velvet A#min 152 bpm @crushed_keyz,Cymatics - Dragon Nostalgic Loop - Twilight - 152 BPM A# Min.wav,/Users/mikemcgovern/Documents/SoundSauce/Melody_Loops/Cymatics - Dragon Pt. 3/Nostalgic/Cymatics - Dragon Nostalgic Loop - Twilight - 152 BPM A# Min.wav
0012__A#min_152_dragon__Velvet__loop-Cymatics_Dragon_Nostalgic___seed123.wav,A#min,152,dragon,Velvet,123,cKz! Velvet A#min 152 bpm @crushed_keyz,Cymatics - Dragon Nostalgic Loop - Twilight - 152 BPM A# Min.wav,/Users/mikemcgovern/Documents/SoundSauce/Melody_Loops/Cymatics - Dragon Pt. 3/Nostalgic/Cymatics - Dragon Nostalgic Loop - Twilight - 152 BPM A# Min.wav
0013__A#min_97_oracle__Midnight__loop-Cymatics_Oracle_West_Coast__seed7.wav,A#min,97,oracle,Midnight,7,cKz! Midnight A#min 97 bpm @crushed_keyz,Cymatics - Oracle West Coast Melody Loop 2 - 97 BPM A# Min Piano Arp.wav,/Users/mikemcgovern/Documents/SoundSauce/Melody_Loops/Cymatics Oracle/Stems/Cymatics - Oracle West Coast Melody Loop 2 - 97 BPM A# Min Stems/Cymatics - Oracle West Coast Melody Loop 2 - 97 BPM A# Min Piano Arp.wav
0014__A#min_97_oracle__Midnight__loop-Cymatics_Oracle_West_Coast__seed123.wav,A#min,97,oracle,Midnight,123,cKz! Midnight A#min 97 bpm @crushed_keyz,Cymatics - Oracle West Coast Melody Loop 2 - 97 BPM A# Min Piano Arp.wav,/Users/mikemcgovern/Documents/SoundSauce/Melody_Loops/Cymatics Oracle/Stems/Cymatics - Oracle West Coast Melody Loop 2 - 97 BPM A# Min Stems/Cymatics - Oracle West Coast Melody Loop 2 - 97 BPM A# Min Piano Arp.wav
0015__A#min_97_oracle__BANDS__loop-Cymatics_Oracle_West_Coast__seed7.wav,A#min,97,oracle,BANDS,7,cKz! BANDS A#min 97 bpm @crushed_keyz,Cymatics - Oracle West Coast Melody Loop 2 - 97 BPM A# Min Piano Arp.wav,/Users/mikemcgovern/Documents/SoundSauce/Melody_Loops/Cymatics Oracle/Stems/Cymatics - Oracle West Coast Melody Loop 2 - 97 BPM A# Min Stems/Cymatics - Oracle West Coast Melody Loop 2 - 97 BPM A# Min Piano Arp.wav
0016__A#min_97_oracle__BANDS__loop-Cymatics_Oracle_West_Coast__seed123.wav,A#min,97,oracle,BANDS,123,cKz! BANDS A#min 97 bpm @crushed_keyz,Cymatics - Oracle West Coast Melody Loop 2 - 97 BPM A# Min Piano Arp.wav,/Users/mikemcgovern/Documents/SoundSauce/Melody_Loops/Cymatics Oracle/Stems/Cymatics - Oracle West Coast Melody Loop 2 - 97 BPM A# Min Stems/Cymatics - Oracle West Coast Melody Loop 2 - 97 BPM A# Min Piano Arp.wav
0017__A#min_97_oracle__CoSmoS__loop-Cymatics_Oracle_West_Coast__seed7.wav,A#min,97,oracle,CoSmoS,7,cKz! CoSmoS A#min 97 bpm @crushed_keyz,Cymatics - Oracle West Coast Melody Loop 2 - 97 BPM A# Min Piano Arp.wav,/Users/mikemcgovern/Documents/SoundSauce/Melody_Loops/Cymatics Oracle/Stems/Cymatics - Oracle West Coast Melody Loop 2 - 97 BPM A# Min Stems/Cymatics - Oracle West Coast Melody Loop 2 - 97 BPM A# Min Piano Arp.wav
0018__A#min_97_oracle__CoSmoS__loop-Cymatics_Oracle_West_Coast__seed123.wav,A#min,97,oracle,CoSmoS,123,cKz! CoSmoS A#min 97 bpm @crushed_keyz,Cymatics - Oracle West Coast Melody Loop 2 - 97 BPM A# Min Piano Arp.wav,/Users/mikemcgovern/Documents/SoundSauce/Melody_Loops/Cymatics Oracle/Stems/Cymatics - Oracle West Coast Melody Loop 2 - 97 BPM A# Min Stems/Cymatics - Oracle West Coast Melody Loop 2 - 97 BPM A# Min Piano Arp.wav
0019__A#min_150_various__Halo__loop-Cymatics_Dragon_Various_Lo__seed7.wav,A#min,150,various,Halo,7,cKz! Halo A#min 150 bpm @crushed_keyz,Cymatics - Dragon Various Loop - Do The Most - 150 BPM A# Min.wav,/Users/mikemcgovern/Documents/SoundSauce/Melody_Loops/Cymatics - Dragon Pt. 5/Various/Cymatics - Dragon Various Loop - Do The Most - 150 BPM A# Min.wav
0020__A#min_150_various__Halo__loop-Cymatics_Dragon_Various_Lo__seed123.wav,A#min,150,various,Halo,123,cKz! Halo A#min 150 bpm @crushed_keyz,Cymatics - Dragon Various Loop - Do The Most - 150 BPM A# Min.wav,/Users/mikemcgovern/Documents/SoundSauce/Melody_Loops/Cymatics - Dragon Pt. 5/Various/Cymatics - Dragon Various Loop - Do The Most - 150 BPM A# Min.wav
0021__A#min_150_various__Soulful__loop-Cymatics_Dragon_Various_Lo__seed7.wav,A#min,150,various,Soulful,7,cKz! Soulful A#min 150 bpm @crushed_keyz,Cymatics - Dragon Various Loop - Do The Most - 150 BPM A# Min.wav,/Users/mikemcgovern/Documents/SoundSauce/Melody_Loops/Cymatics - Dragon Pt. 5/Various/Cymatics - Dragon Various Loop - Do The Most - 150 BPM A# Min.wav
0022__A#min_150_various__Soulful__loop-Cymatics_Dragon_Various_Lo__seed123.wav,A#min,150,various,Soulful,123,cKz! Soulful A#min 150 bpm @crushed_keyz,Cymatics - Dragon Various Loop - Do The Most - 150 BPM A# Min.wav,/Users/mikemcgovern/Documents/SoundSauce/Melody_Loops/Cymatics - Dragon Pt. 5/Various/Cymatics - Dragon Various Loop - Do The Most - 150 BPM A# Min.wav
0023__A#min_150_various__AzUL__loop-Cymatics_Dragon_Various_Lo__seed7.wav,A#min,150,various,AzUL,7,cKz! AzUL A#min 150 bpm @crushed_keyz,Cymatics - Dragon Various Loop - Do The Most - 150 BPM A# Min.wav,/Users/mikemcgovern/Documents/SoundSauce/Melody_Loops/Cymatics - Dragon Pt. 5/Various/Cymatics - Dragon Various Loop - Do The Most - 150 BPM A# Min.wav
0024__A#min_150_various__AzUL__loop-Cymatics_Dragon_Various_Lo__seed123.wav,A#min,150,various,AzUL,123,cKz! AzUL A#min 150 bpm @crushed_keyz,Cymatics - Dragon Various Loop - Do The Most - 150 BPM A# Min.wav,/Users/mikemcgovern/Documents/SoundSauce/Melody_Loops/Cymatics - Dragon Pt. 5/Various/Cymatics - Dragon Various Loop - Do The Most - 150 BPM A# Min.wav
0025__Amin_130_ethnic__ICE__loop-Cymatics_Dragon_Platinum_E__seed7.wav,Amin,130,ethnic,ICE,7,cKz! ICE Amin 130 bpm @crushed_keyz,Cymatics - Dragon Platinum Ethnic Loop - Secrets - 130 BPM A Min.wav,/Users/mikemcgovern/Documents/SoundSauce/Melody_Loops/Cymatics_Dragon_Platinum_Expansion/Cymatics - Dragon Platinum Ethnic Loop - Secrets - 130 BPM A Min.wav
0026__Amin_130_ethnic__ICE__loop-Cymatics_Dragon_Platinum_E__seed123.wav,Amin,130,ethnic,ICE,123,cKz! ICE Amin 130 bpm @crushed_keyz,Cymatics - Dragon Platinum Ethnic Loop - Secrets - 130 BPM A Min.wav,/Users/mikemcgovern/Documents/SoundSauce/Melody_Loops/Cymatics_Dragon_Platinum_Expansion/Cymatics - Dragon Platinum Ethnic Loop - Secrets - 130 BPM A Min.wav
0027__Amin_130_ethnic__CoSmoS__loop-Cymatics_Dragon_Platinum_E__seed7.wav,Amin,130,ethnic,CoSmoS,7,cKz! CoSmoS Amin 130 bpm @crushed_keyz,Cymatics - Dragon Platinum Ethnic Loop - Secrets - 130 BPM A Min.wav,/Users/mikemcgovern/Documents/SoundSauce/Melody_Loops/Cymatics_Dragon_Platinum_Expansion/Cymatics - Dragon Platinum Ethnic Loop - Secrets - 130 BPM A Min.wav
0028__Amin_130_ethnic__CoSmoS__loop-Cymatics_Dragon_Platinum_E__seed123.wav,Amin,130,ethnic,CoSmoS,123,cKz! CoSmoS Amin 130 bpm @crushed_keyz,Cymatics - Dragon Platinum Ethnic Loop - Secrets - 130 BPM A Min.wav,/Users/mikemcgovern/Documents/SoundSauce/Melody_Loops/Cymatics_Dragon_Platinum_Expansion/Cymatics - Dragon Platinum Ethnic Loop - Secrets - 130 BPM A Min.wav
0029__Amin_130_ethnic__Halo__loop-Cymatics_Dragon_Platinum_E__seed7.wav,Amin,130,ethnic,Halo,7,cKz! Halo Amin 130 bpm @crushed_keyz,Cymatics - Dragon Platinum Ethnic Loop - Secrets - 130 BPM A Min.wav,/Users/mikemcgovern/Documents/SoundSauce/Melody_Loops/Cymatics_Dragon_Platinum_Expansion/Cymatics - Dragon Platinum Ethnic Loop - Secrets - 130 BPM A Min.wav
0030__Amin_130_ethnic__Halo__loop-Cymatics_Dragon_Platinum_E__seed123.wav,Amin,130,ethnic,Halo,123,cKz! Halo Amin 130 bpm @crushed_keyz,Cymatics - Dragon Platinum Ethnic Loop - Secrets - 130 BPM A Min.wav,/Users/mikemcgovern/Documents/SoundSauce/Melody_Loops/Cymatics_Dragon_Platinum_Expansion/Cymatics - Dragon Platinum Ethnic Loop - Secrets - 130 BPM A Min.wav
0031__Amin_88_oracle__Crystal__loop-Cymatics_Oracle_Classic_Me__seed7.wav,Amin,88,oracle,Crystal,7,cKz! Crystal Amin 88 bpm @crushed_keyz,Cymatics - Oracle Classic Melody Loop 4 - 88 BPM A Min Pluck.wav,/Users/mikemcgovern/Documents/SoundSauce/Melody_Loops/Cymatics Oracle/Stems/Cymatics - Oracle Classic Melody Loop 4 - 88 BPM A Min Stems/Cymatics - Oracle Classic Melody Loop 4 - 88 BPM A Min Pluck.wav
0032__Amin_88_oracle__Crystal__loop-Cymatics_Oracle_Classic_Me__seed123.wav,Amin,88,oracle,Crystal,123,cKz! Crystal Amin 88 bpm @crushed_keyz,Cymatics - Oracle Classic Melody Loop 4 - 88 BPM A Min Pluck.wav,/Users/mikemcgovern/Documents/SoundSauce/Melody_Loops/Cymatics Oracle/Stems/Cymatics - Oracle Classic Melody Loop 4 - 88 BPM A Min Stems/Cymatics - Oracle Classic Melody Loop 4 - 88 BPM A Min Pluck.wav
0033__Amin_88_oracle__Cry__loop-Cymatics_Oracle_Classic_Me__seed7.wav,Amin,88,oracle,Cry,7,cKz! Cry Amin 88 bpm @crushed_keyz,Cymatics - Oracle Classic Melody Loop 4 - 88 BPM A Min Pluck.wav,/Users/mikemcgovern/Documents/SoundSauce/Melody_Loops/Cymatics Oracle/Stems/Cymatics - Oracle Classic Melody Loop 4 - 88 BPM A Min Stems/Cymatics - Oracle Classic Melody Loop 4 - 88 BPM A Min Pluck.wav
0034__Amin_88_oracle__Cry__loop-Cymatics_Oracle_Classic_Me__seed123.wav,Amin,88,oracle,Cry,123,cKz! Cry Amin 88 bpm @crushed_keyz,Cymatics - Oracle Classic Melody Loop 4 - 88 BPM A Min Pluck.wav,/Users/mikemcgovern/Documents/SoundSauce/Melody_Loops/Cymatics Oracle/Stems/Cymatics - Oracle Classic Melody Loop 4 - 88 BPM A Min Stems/Cymatics - Oracle Classic Melody Loop 4 - 88 BPM A Min Pluck.wav
0035__Amin_88_oracle__Rent_Free__loop-Cymatics_Oracle_Classic_Me__seed7.wav,Amin,88,oracle,Rent_Free,7,cKz! Rent_Free Amin 88 bpm @crushed_keyz,Cymatics - Oracle Classic Melody Loop 4 - 88 BPM A Min Pluck.wav,/Users/mikemcgovern/Documents/SoundSauce/Melody_Loops/Cymatics Oracle/Stems/Cymatics - Oracle Classic Melody Loop 4 - 88 BPM A Min Stems/Cymatics - Oracle Classic Melody Loop 4 - 88 BPM A Min Pluck.wav
0036__Amin_88_oracle__Rent_Free__loop-Cymatics_Oracle_Classic_Me__seed123.wav,Amin,88,oracle,Rent_Free,123,cKz! Rent_Free Amin 88 bpm @crushed_keyz,Cymatics - Oracle Classic Melody Loop 4 - 88 BPM A Min Pluck.wav,/Users/mikemcgovern/Documents/SoundSauce/Melody_Loops/Cymatics Oracle/Stems/Cymatics - Oracle Classic Melody Loop 4 - 88 BPM A Min Stems/Cymatics - Oracle Classic Melody Loop 4 - 88 BPM A Min Pluck.wav
0037__Amin_130_sad__ICE__loop-Cymatics_Oracle_Sad_Melody__seed7.wav,Amin,130,sad,ICE,7,cKz! ICE Amin 130 bpm @crushed_keyz,Cymatics - Oracle Sad Melody Loop 5 - 130 BPM A Min.wav,/Users/mikemcgovern/Documents/SoundSauce/Melody_Loops/Cymatics Oracle/Melodies/Cymatics - Oracle Sad Melody Loop 5 - 130 BPM A Min.wav
0038__Amin_130_sad__ICE__loop-Cymatics_Oracle_Sad_Melody__seed123.wav,Amin,130,sad,ICE,123,cKz! ICE Amin 130 bpm @crushed_keyz,Cymatics - Oracle Sad Melody Loop 5 - 130 BPM A Min.wav,/Users/mikemcgovern/Documents/SoundSauce/Melody_Loops/Cymatics Oracle/Melodies/Cymatics - Oracle Sad Melody Loop 5 - 130 BPM A Min.wav
0039__Amin_130_sad__LATE__loop-Cymatics_Oracle_Sad_Melody__seed7.wav,Amin,130,sad,LATE,7,cKz! LATE Amin 130 bpm @crushed_keyz,Cymatics - Oracle Sad Melody Loop 5 - 130 BPM A Min.wav,/Users/mikemcgovern/Documents/SoundSauce/Melody_Loops/Cymatics Oracle/Melodies/Cymatics - Oracle Sad Melody Loop 5 - 130 BPM A Min.wav
0040__Amin_130_sad__LATE__loop-Cymatics_Oracle_Sad_Melody__seed123.wav,Amin,130,sad,LATE,123,cKz! LATE Amin 130 bpm @crushed_keyz,Cymatics - Oracle Sad Melody Loop 5 - 130 BPM A Min.wav,/Users/mikemcgovern/Documents/SoundSauce/Melody_Loops/Cymatics Oracle/Melodies/Cymatics - Oracle Sad Melody Loop 5 - 130 BPM A Min.wav
0041__Amin_130_sad__Dusk__loop-Cymatics_Oracle_Sad_Melody__seed7.wav,Amin,130,sad,Dusk,7,cKz! Dusk Amin 130 bpm @crushed_keyz,Cymatics - Oracle Sad Melody Loop 5 - 130 BPM A Min.wav,/Users/mikemcgovern/Documents/SoundSauce/Melody_Loops/Cymatics Oracle/Melodies/Cymatics - Oracle Sad Melody Loop 5 - 130 BPM A Min.wav
0042__Amin_130_sad__Dusk__loop-Cymatics_Oracle_Sad_Melody__seed123.wav,Amin,130,sad,Dusk,123,cKz! Dusk Amin 130 bpm @crushed_keyz,Cymatics - Oracle Sad Melody Loop 5 - 130 BPM A Min.wav,/Users/mikemcgovern/Documents/SoundSauce/Melody_Loops/Cymatics Oracle/Melodies/Cymatics - Oracle Sad Melody Loop 5 - 130 BPM A Min.wav
0043__Amin_160_misc__BANDS__loop-Cymatics_2020_Nostalgic_Me__seed7.wav,Amin,160,misc,BANDS,7,cKz! BANDS Amin 160 bpm @crushed_keyz,Cymatics - 2020 Nostalgic Melody Loop 10 - 160 BPM A Min.wav,/Users/mikemcgovern/Documents/SoundSauce/Melody_Loops/Cymatics_2020_Melody_Collection/Cymatics - 2020 Nostalgic Melody Loop 10 - 160 BPM A Min.wav
0044__Amin_160_misc__BANDS__loop-Cymatics_2020_Nostalgic_Me__seed123.wav,Amin,160,misc,BANDS,123,cKz! BANDS Amin 160 bpm @crushed_keyz,Cymatics - 2020 Nostalgic Melody Loop 10 - 160 BPM A Min.wav,/Users/mikemcgovern/Documents/SoundSauce/Melody_Loops/Cymatics_2020_Melody_Collection/Cymatics - 2020 Nostalgic Melody Loop 10 - 160 BPM A Min.wav
0045__Amin_160_misc__Emotions__loop-Cymatics_2020_Nostalgic_Me__seed7.wav,Amin,160,misc,Emotions,7,cKz! Emotions Amin 160 bpm @crushed_keyz,Cymatics - 2020 Nostalgic Melody Loop 10 - 160 BPM A Min.wav,/Users/mikemcgovern/Documents/SoundSauce/Melody_Loops/Cymatics_2020_Melody_Collection/Cymatics - 2020 Nostalgic Melody Loop 10 - 160 BPM A Min.wav
0046__Amin_160_misc__Emotions__loop-Cymatics_2020_Nostalgic_Me__seed123.wav,Amin,160,misc,Emotions,123,cKz! Emotions Amin 160 bpm @crushed_keyz,Cymatics - 2020 Nostalgic Melody Loop 10 - 160 BPM A Min.wav,/Users/mikemcgovern/Documents/SoundSauce/Melody_Loops/Cymatics_2020_Melody_Collection/Cymatics - 2020 Nostalgic Melody Loop 10 - 160 BPM A Min.wav
0047__Amin_160_misc__Crystal__loop-Cymatics_2020_Nostalgic_Me__seed7.wav,Amin,160,misc,Crystal,7,cKz! Crystal Amin 160 bpm @crushed_keyz,Cymatics - 2020 Nostalgic Melody Loop 10 - 160 BPM A Min.wav,/Users/mikemcgovern/Documents/SoundSauce/Melody_Loops/Cymatics_2020_Melody_Collection/Cymatics - 2020 Nostalgic Melody Loop 10 - 160 BPM A Min.wav
0048__Amin_160_misc__Crystal__loop-Cymatics_2020_Nostalgic_Me__seed123.wav,Amin,160,misc,Crystal,123,cKz! Crystal Amin 160 bpm @crushed_keyz,Cymatics - 2020 Nostalgic Melody Loop 10 - 160 BPM A Min.wav,/Users/mikemcgovern/Documents/SoundSauce/Melody_Loops/Cymatics_2020_Melody_Collection/Cymatics - 2020 Nostalgic Melody Loop 10 - 160 BPM A Min.wav
0049__Bmin_110_dark__FlaMEnCO__loop-Cymatics_Dragon_Platinum_D__seed7.wav,Bmin,110,dark,FlaMEnCO,7,cKz! FlaMEnCO Bmin 110 bpm @crushed_keyz,Cymatics - Dragon Platinum Dark Loop - Vengeance - 110 BPM B Min.wav,/Users/mikemcgovern/Documents/SoundSauce/Melody_Loops/Cymatics_Dragon_Platinum_Expansion/Cymatics - Dragon Platinum Dark Loop - Vengeance - 110 BPM B Min.wav
0050__Bmin_110_dark__FlaMEnCO__loop-Cymatics_Dragon_Platinum_D__seed123.wav,Bmin,110,dark,FlaMEnCO,123,cKz! FlaMEnCO Bmin 110 bpm @crushed_keyz,Cymatics - Dragon Platinum Dark Loop - Vengeance - 110 BPM B Min.wav,/Users/mikemcgovern/Documents/SoundSauce/Melody_Loops/Cymatics_Dragon_Platinum_Expansion/Cymatics - Dragon Platinum Dark Loop - Vengeance - 110 BPM B Min.wav
0051__Bmin_110_dark__Halo__loop-Cymatics_Dragon_Platinum_D__seed7.wav,Bmin,110,dark,Halo,7,cKz! Halo Bmin 110 bpm @crushed_keyz,Cymatics - Dragon Platinum Dark Loop - Vengeance - 110 BPM B Min.wav,/Users/mikemcgovern/Documents/SoundSauce/Melody_Loops/Cymatics_Dragon_Platinum_Expansion/Cymatics - Dragon Platinum Dark Loop - Vengeance - 110 BPM B Min.wav
0052__Bmin_110_dark__Halo__loop-Cymatics_Dragon_Platinum_D__seed123.wav,Bmin,110,dark,Halo,123,cKz! Halo Bmin 110 bpm @crushed_keyz,Cymatics - Dragon Platinum Dark Loop - Vengeance - 110 BPM B Min.wav,/Users/mikemcgovern/Documents/SoundSauce/Melody_Loops/Cymatics_Dragon_Platinum_Expansion/Cymatics - Dragon Platinum Dark Loop - Vengeance - 110 BPM B Min.wav
0053__Bmin_110_dark__JuPitER__loop-Cymatics_Dragon_Platinum_D__seed7.wav,Bmin,110,dark,JuPitER,7,cKz! JuPitER Bmin 110 bpm @crushed_keyz,Cymatics - Dragon Platinum Dark Loop - Vengeance - 110 BPM B Min.wav,/Users/mikemcgovern/Documents/SoundSauce/Melody_Loops/Cymatics_Dragon_Platinum_Expansion/Cymatics - Dragon Platinum Dark Loop - Vengeance - 110 BPM B Min.wav
0054__Bmin_110_dark__JuPitER__loop-Cymatics_Dragon_Platinum_D__seed123.wav,Bmin,110,dark,JuPitER,123,cKz! JuPitER Bmin 110 bpm @crushed_keyz,Cymatics - Dragon Platinum Dark Loop - Vengeance - 110 BPM B Min.wav,/Users/mikemcgovern/Documents/SoundSauce/Melody_Loops/Cymatics_Dragon_Platinum_Expansion/Cymatics - Dragon Platinum Dark Loop - Vengeance - 110 BPM B Min.wav
0055__Bmin_167_dark__ACTiVE__loop-Cymatics_Oracle_Dark_Melod__seed7.wav,Bmin,167,dark,ACTiVE,7,cKz! ACTiVE Bmin 167 bpm @crushed_keyz,Cymatics - Oracle Dark Melody Loop 15 - 167 BPM B Min Guitar.wav,/Users/mikemcgovern/Documents/SoundSauce/Melody_Loops/Cymatics Oracle/Stems/Cymatics - Oracle Dark Melody Loop 15 - 167 BPM B Min Stems/Cymatics - Oracle Dark Melody Loop 15 - 167 BPM B Min Guitar.wav
0056__Bmin_167_dark__ACTiVE__loop-Cymatics_Oracle_Dark_Melod__seed123.wav,Bmin,167,dark,ACTiVE,123,cKz! ACTiVE Bmin 167 bpm @crushed_keyz,Cymatics - Oracle Dark Melody Loop 15 - 167 BPM B Min Guitar.wav,/Users/mikemcgovern/Documents/SoundSauce/Melody_Loops/Cymatics Oracle/Stems/Cymatics - Oracle Dark Melody Loop 15 - 167 BPM B Min Stems/Cymatics - Oracle Dark Melody Loop 15 - 167 BPM B Min Guitar.wav
0057__Bmin_167_dark__Depths__loop-Cymatics_Oracle_Dark_Melod__seed7.wav,Bmin,167,dark,Depths,7,cKz! Depths Bmin 167 bpm @crushed_keyz,Cymatics - Oracle Dark Melody Loop 15 - 167 BPM B Min Guitar.wav,/Users/mikemcgovern/Documents/SoundSauce/Melody_Loops/Cymatics Oracle/Stems/Cymatics - Oracle Dark Melody Loop 15 - 167 BPM B Min Stems/Cymatics - Oracle Dark Melody Loop 15 - 167 BPM B Min Guitar.wav
0058__Bmin_167_dark__Depths__loop-Cymatics_Oracle_Dark_Melod__seed123.wav,Bmin,167,dark,Depths,123,cKz! Depths Bmin 167 bpm @crushed_keyz,Cymatics - Oracle Dark Melody Loop 15 - 167 BPM B Min Guitar.wav,/Users/mikemcgovern/Documents/SoundSauce/Melody_Loops/Cymatics Oracle/Stems/Cymatics - Oracle Dark Melody Loop 15 - 167 BPM B Min Stems/Cymatics - Oracle Dark Melody Loop 15 - 167 BPM B Min Guitar.wav
0059__Bmin_167_dark__Soulful__loop-Cymatics_Oracle_Dark_Melod__seed7.wav,Bmin,167,dark,Soulful,7,cKz! Soulful Bmin 167 bpm @crushed_keyz,Cymatics - Oracle Dark Melody Loop 15 - 167 BPM B Min Guitar.wav,/Users/mikemcgovern/Documents/SoundSauce/Melody_Loops/Cymatics Oracle/Stems/Cymatics - Oracle Dark Melody Loop 15 - 167 BPM B Min Stems/Cymatics - Oracle Dark Melody Loop 15 - 167 BPM B Min Guitar.wav
0060__Bmin_167_dark__Soulful__loop-Cymatics_Oracle_Dark_Melod__seed123.wav,Bmin,167,dark,Soulful,123,cKz! Soulful Bmin 167 bpm @crushed_keyz,Cymatics - Oracle Dark Melody Loop 15 - 167 BPM B Min Guitar.wav,/Users/mikemcgovern/Documents/SoundSauce/Melody_Loops/Cymatics Oracle/Stems/Cymatics - Oracle Dark Melody Loop 15 - 167 BPM B Min Stems/Cymatics - Oracle Dark Melody Loop 15 - 167 BPM B Min Guitar.wav
0061__Bmin_140_sad__POWER__loop-Cymatics_Dragon_Sad_Loop_F__seed7.wav,Bmin,140,sad,POWER,7,cKz! POWER Bmin 140 bpm @crushed_keyz,Cymatics - Dragon Sad Loop - Forgotten - 140 BPM B Min.wav,/Users/mikemcgovern/Documents/SoundSauce/Melody_Loops/Cymatics - Dragon Pt. 5/Sad/Cymatics - Dragon Sad Loop - Forgotten - 140 BPM B Min.wav
0062__Bmin_140_sad__POWER__loop-Cymatics_Dragon_Sad_Loop_F__seed123.wav,Bmin,140,sad,POWER,123,cKz! POWER Bmin 140 bpm @crushed_keyz,Cymatics - Dragon Sad Loop - Forgotten - 140 BPM B Min.wav,/Users/mikemcgovern/Documents/SoundSauce/Melody_Loops/Cymatics - Dragon Pt. 5/Sad/Cymatics - Dragon Sad Loop - Forgotten - 140 BPM B Min.wav
0063__Bmin_140_sad__JuPitER__loop-Cymatics_Dragon_Sad_Loop_F__seed7.wav,Bmin,140,sad,JuPitER,7,cKz! JuPitER Bmin 140 bpm @crushed_keyz,Cymatics - Dragon Sad Loop - Forgotten - 140 BPM B Min.wav,/Users/mikemcgovern/Documents/SoundSauce/Melody_Loops/Cymatics - Dragon Pt. 5/Sad/Cymatics - Dragon Sad Loop - Forgotten - 140 BPM B Min.wav
0064__Bmin_140_sad__JuPitER__loop-Cymatics_Dragon_Sad_Loop_F__seed123.wav,Bmin,140,sad,JuPitER,123,cKz! JuPitER Bmin 140 bpm @crushed_keyz,Cymatics - Dragon Sad Loop - Forgotten - 140 BPM B Min.wav,/Users/mikemcgovern/Documents/SoundSauce/Melody_Loops/Cymatics - Dragon Pt. 5/Sad/Cymatics - Dragon Sad Loop - Forgotten - 140 BPM B Min.wav
0065__Bmin_140_sad__Mirage__loop-Cymatics_Dragon_Sad_Loop_F__seed7.wav,Bmin,140,sad,Mirage,7,cKz! Mirage Bmin 140 bpm @crushed_keyz,Cymatics - Dragon Sad Loop - Forgotten - 140 BPM B Min.wav,/Users/mikemcgovern/Documents/SoundSauce/Melody_Loops/Cymatics - Dragon Pt. 5/Sad/Cymatics - Dragon Sad Loop - Forgotten - 140 BPM B Min.wav
0066__Bmin_140_sad__Mirage__loop-Cymatics_Dragon_Sad_Loop_F__seed123.wav,Bmin,140,sad,Mirage,123,cKz! Mirage Bmin 140 bpm @crushed_keyz,Cymatics - Dragon Sad Loop - Forgotten - 140 BPM B Min.wav,/Users/mikemcgovern/Documents/SoundSauce/Melody_Loops/Cymatics - Dragon Pt. 5/Sad/Cymatics - Dragon Sad Loop - Forgotten - 140 BPM B Min.wav
0067__Bmin_125_oracle__Halo__loop-Cymatics_Oracle_Nostalgic___seed7.wav,Bmin,125,oracle,Halo,7,cKz! Halo Bmin 125 bpm @crushed_keyz,Cymatics - Oracle Nostalgic Melody Loop 4 - 125 BPM B Min Reverse.wav,/Users/mikemcgovern/Documents/SoundSauce/Melody_Loops/Cymatics Oracle/Stems/Cymatics - Oracle Nostalgic Melody Loop 4 - 125 BPM B Min Stems/Cymatics - Oracle Nostalgic Melody Loop 4 - 125 BPM B Min Reverse.wav
0068__Bmin_125_oracle__Halo__loop-Cymatics_Oracle_Nostalgic___seed123.wav,Bmin,125,oracle,Halo,123,cKz! Halo Bmin 125 bpm @crushed_keyz,Cymatics - Oracle Nostalgic Melody Loop 4 - 125 BPM B Min Reverse.wav,/Users/mikemcgovern/Documents/SoundSauce/Melody_Loops/Cymatics Oracle/Stems/Cymatics - Oracle Nostalgic Melody Loop 4 - 125 BPM B Min Stems/Cymatics - Oracle Nostalgic Melody Loop 4 - 125 BPM B Min Reverse.wav
0069__Bmin_125_oracle__POWER__loop-Cymatics_Oracle_Nostalgic___seed7.wav,Bmin,125,oracle,POWER,7,cKz! POWER Bmin 125 bpm @crushed_keyz,Cymatics - Oracle Nostalgic Melody Loop 4 - 125 BPM B Min Reverse.wav,/Users/mikemcgovern/Documents/SoundSauce/Melody_Loops/Cymatics Oracle/Stems/Cymatics - Oracle Nostalgic Melody Loop 4 - 125 BPM B Min Stems/Cymatics - Oracle Nostalgic Melody Loop 4 - 125 BPM B Min Reverse.wav
0070__Bmin_125_oracle__POWER__loop-Cymatics_Oracle_Nostalgic___seed123.wav,Bmin,125,oracle,POWER,123,cKz! POWER Bmin 125 bpm @crushed_keyz,Cymatics - Oracle Nostalgic Melody Loop 4 - 125 BPM B Min Reverse.wav,/Users/mikemcgovern/Documents/SoundSauce/Melody_Loops/Cymatics Oracle/Stems/Cymatics - Oracle Nostalgic Melody Loop 4 - 125 BPM B Min Stems/Cymatics - Oracle Nostalgic Melody Loop 4 - 125 BPM B Min Reverse.wav
0071__Bmin_125_oracle__Midnight__loop-Cymatics_Oracle_Nostalgic___seed7.wav,Bmin,125,oracle,Midnight,7,cKz! Midnight Bmin 125 bpm @crushed_keyz,Cymatics - Oracle Nostalgic Melody Loop 4 - 125 BPM B Min Reverse.wav,/Users/mikemcgovern/Documents/SoundSauce/Melody_Loops/Cymatics Oracle/Stems/Cymatics - Oracle Nostalgic Melody Loop 4 - 125 BPM B Min Stems/Cymatics - Oracle Nostalgic Melody Loop 4 - 125 BPM B Min Reverse.wav
0072__Bmin_125_oracle__Midnight__loop-Cymatics_Oracle_Nostalgic___seed123.wav,Bmin,125,oracle,Midnight,123,cKz! Midnight Bmin 125 bpm @crushed_keyz,Cymatics - Oracle Nostalgic Melody Loop 4 - 125 BPM B Min Reverse.wav,/Users/mikemcgovern/Documents/SoundSauce/Melody_Loops/Cymatics Oracle/Stems/Cymatics - Oracle Nostalgic Melody Loop 4 - 125 BPM B Min Stems/Cymatics - Oracle Nostalgic Melody Loop 4 - 125 BPM B Min Reverse.wav
0073__C#min_150_dragon__CoSmoS__loop-Cymatics_Dragon_Orchestral__seed7.wav,C#min,150,dragon,CoSmoS,7,cKz! CoSmoS C#min 150 bpm @crushed_keyz,Cymatics - Dragon Orchestral Loop - Drill - 150 BPM C# Min.wav,/Users/mikemcgovern/Documents/SoundSauce/Melody_Loops/Cymatics - Dragon Pt. 3/Orchestral/Cymatics - Dragon Orchestral Loop - Drill - 150 BPM C# Min.wav
0074__C#min_150_dragon__CoSmoS__loop-Cymatics_Dragon_Orchestral__seed123.wav,C#min,150,dragon,CoSmoS,123,cKz! CoSmoS C#min 150 bpm @crushed_keyz,Cymatics - Dragon Orchestral Loop - Drill - 150 BPM C# Min.wav,/Users/mikemcgovern/Documents/SoundSauce/Melody_Loops/Cymatics - Dragon Pt. 3/Orchestral/Cymatics - Dragon Orchestral Loop - Drill - 150 BPM C# Min.wav
0075__C#min_150_dragon__Scenic__loop-Cymatics_Dragon_Orchestral__seed7.wav,C#min,150,dragon,Scenic,7,cKz! Scenic C#min 150 bpm @crushed_keyz,Cymatics - Dragon Orchestral Loop - Drill - 150 BPM C# Min.wav,/Users/mikemcgovern/Documents/SoundSauce/Melody_Loops/Cymatics - Dragon Pt. 3/Orchestral/Cymatics - Dragon Orchestral Loop - Drill - 150 BPM C# Min.wav
0076__C#min_150_dragon__Scenic__loop-Cymatics_Dragon_Orchestral__seed123.wav,C#min,150,dragon,Scenic,123,cKz! Scenic C#min 150 bpm @crushed_keyz,Cymatics - Dragon Orchestral Loop - Drill - 150 BPM C# Min.wav,/Users/mikemcgovern/Documents/SoundSauce/Melody_Loops/Cymatics - Dragon Pt. 3/Orchestral/Cymatics - Dragon Orchestral Loop - Drill - 150 BPM C# Min.wav
0077__C#min_150_dragon__Midnight__loop-Cymatics_Dragon_Orchestral__seed7.wav,C#min,150,dragon,Midnight,7,cKz! Midnight C#min 150 bpm @crushed_keyz,Cymatics - Dragon Orchestral Loop - Drill - 150 BPM C# Min.wav,/Users/mikemcgovern/Documents/SoundSauce/Melody_Loops/Cymatics - Dragon Pt. 3/Orchestral/Cymatics - Dragon Orchestral Loop - Drill - 150 BPM C# Min.wav
0078__C#min_150_dragon__Midnight__loop-Cymatics_Dragon_Orchestral__seed123.wav,C#min,150,dragon,Midnight,123,cKz! Midnight C#min 150 bpm @crushed_keyz,Cymatics - Dragon Orchestral Loop - Drill - 150 BPM C# Min.wav,/Users/mikemcgovern/Documents/SoundSauce/Melody_Loops/Cymatics - Dragon Pt. 3/Orchestral/Cymatics - Dragon Orchestral Loop - Drill - 150 BPM C# Min.wav
0079__C#min_135_dragon__Nasty__loop-Cymatics_Dragon_Nostalgic___seed7.wav,C#min,135,dragon,Nasty,7,cKz! Nasty C#min 135 bpm @crushed_keyz,Cymatics - Dragon Nostalgic Loop - Leftovers - 135 BPM C# Min.wav,/Users/mikemcgovern/Documents/SoundSauce/Melody_Loops/Cymatics - Dragon Pt. 3/Nostalgic/Cymatics - Dragon Nostalgic Loop - Leftovers - 135 BPM C# Min.wav
0080__C#min_135_dragon__Nasty__loop-Cymatics_Dragon_Nostalgic___seed123.wav,C#min,135,dragon,Nasty,123,cKz! Nasty C#min 135 bpm @crushed_keyz,Cymatics - Dragon Nostalgic Loop - Leftovers - 135 BPM C# Min.wav,/Users/mikemcgovern/Documents/SoundSauce/Melody_Loops/Cymatics - Dragon Pt. 3/Nostalgic/Cymatics - Dragon Nostalgic Loop - Leftovers - 135 BPM C# Min.wav
0081__C#min_135_dragon__Rent_Free__loop-Cymatics_Dragon_Nostalgic___seed7.wav,C#min,135,dragon,Rent_Free,7,cKz! Rent_Free C#min 135 bpm @crushed_keyz,Cymatics - Dragon Nostalgic Loop - Leftovers - 135 BPM C# Min.wav,/Users/mikemcgovern/Documents/SoundSauce/Melody_Loops/Cymatics - Dragon Pt. 3/Nostalgic/Cymatics - Dragon Nostalgic Loop - Leftovers - 135 BPM C# Min.wav
0082__C#min_135_dragon__Rent_Free__loop-Cymatics_Dragon_Nostalgic___seed123.wav,C#min,135,dragon,Rent_Free,123,cKz! Rent_Free C#min 135 bpm @crushed_keyz,Cymatics - Dragon Nostalgic Loop - Leftovers - 135 BPM C# Min.wav,/Users/mikemcgovern/Documents/SoundSauce/Melody_Loops/Cymatics - Dragon Pt. 3/Nostalgic/Cymatics - Dragon Nostalgic Loop - Leftovers - 135 BPM C# Min.wav
0083__C#min_135_dragon__Mars__loop-Cymatics_Dragon_Nostalgic___seed7.wav,C#min,135,dragon,Mars,7,cKz! Mars C#min 135 bpm @crushed_keyz,Cymatics - Dragon Nostalgic Loop - Leftovers - 135 BPM C# Min.wav,/Users/mikemcgovern/Documents/SoundSauce/Melody_Loops/Cymatics - Dragon Pt. 3/Nostalgic/Cymatics - Dragon Nostalgic Loop - Leftovers - 135 BPM C# Min.wav
0084__C#min_135_dragon__Mars__loop-Cymatics_Dragon_Nostalgic___seed123.wav,C#min,135,dragon,Mars,123,cKz! Mars C#min 135 bpm @crushed_keyz,Cymatics - Dragon Nostalgic Loop - Leftovers - 135 BPM C# Min.wav,/Users/mikemcgovern/Documents/SoundSauce/Melody_Loops/Cymatics - Dragon Pt. 3/Nostalgic/Cymatics - Dragon Nostalgic Loop - Leftovers - 135 BPM C# Min.wav
0085__C#min_136_r&b__AzUL__loop-Cymatics_Dragon_R_B_Loop_D__seed7.wav,C#min,136,r&b,AzUL,7,cKz! AzUL C#min 136 bpm @crushed_keyz,Cymatics - Dragon R&B Loop - Dawn To Dusk - 136 BPM C# Min.wav,/Users/mikemcgovern/Documents/SoundSauce/Melody_Loops/Cymatics - Dragon Pt. 4/R&B/Cymatics - Dragon R&B Loop - Dawn To Dusk - 136 BPM C# Min.wav
0086__C#min_136_r&b__AzUL__loop-Cymatics_Dragon_R_B_Loop_D__seed123.wav,C#min,136,r&b,AzUL,123,cKz! AzUL C#min 136 bpm @crushed_keyz,Cymatics - Dragon R&B Loop - Dawn To Dusk - 136 BPM C# Min.wav,/Users/mikemcgovern/Documents/SoundSauce/Melody_Loops/Cymatics - Dragon Pt. 4/R&B/Cymatics - Dragon R&B Loop - Dawn To Dusk - 136 BPM C# Min.wav
0087__C#min_136_r&b__Glassland__loop-Cymatics_Dragon_R_B_Loop_D__seed7.wav,C#min,136,r&b,Glassland,7,cKz! Glassland C#min 136 bpm @crushed_keyz,Cymatics - Dragon R&B Loop - Dawn To Dusk - 136 BPM C# Min.wav,/Users/mikemcgovern/Documents/SoundSauce/Melody_Loops/Cymatics - Dragon Pt. 4/R&B/Cymatics - Dragon R&B Loop - Dawn To Dusk - 136 BPM C# Min.wav
0088__C#min_136_r&b__Glassland__loop-Cymatics_Dragon_R_B_Loop_D__seed123.wav,C#min,136,r&b,Glassland,123,cKz! Glassland C#min 136 bpm @crushed_keyz,Cymatics - Dragon R&B Loop - Dawn To Dusk - 136 BPM C# Min.wav,/Users/mikemcgovern/Documents/SoundSauce/Melody_Loops/Cymatics - Dragon Pt. 4/R&B/Cymatics - Dragon R&B Loop - Dawn To Dusk - 136 BPM C# Min.wav
0089__C#min_136_r&b__BANDS__loop-Cymatics_Dragon_R_B_Loop_D__seed7.wav,C#min,136,r&b,BANDS,7,cKz! BANDS C#min 136 bpm @crushed_keyz,Cymatics - Dragon R&B Loop - Dawn To Dusk - 136 BPM C# Min.wav,/Users/mikemcgovern/Documents/SoundSauce/Melody_Loops/Cymatics - Dragon Pt. 4/R&B/Cymatics - Dragon R&B Loop - Dawn To Dusk - 136 BPM C# Min.wav
0090__C#min_136_r&b__BANDS__loop-Cymatics_Dragon_R_B_Loop_D__seed123.wav,C#min,136,r&b,BANDS,123,cKz! BANDS C#min 136 bpm @crushed_keyz,Cymatics - Dragon R&B Loop - Dawn To Dusk - 136 BPM C# Min.wav,/Users/mikemcgovern/Documents/SoundSauce/Melody_Loops/Cymatics - Dragon Pt. 4/R&B/Cymatics - Dragon R&B Loop - Dawn To Dusk - 136 BPM C# Min.wav
0091__C#min_130_dark__Ember__loop-Cymatics_Dragon_Platinum_D__seed7.wav,C#min,130,dark,Ember,7,cKz! Ember C#min 130 bpm @crushed_keyz,Cymatics - Dragon Platinum Dark Loop - Shadows - 130 BPM C# Min.wav,/Users/mikemcgovern/Documents/SoundSauce/Melody_Loops/Cymatics_Dragon_Platinum_Expansion/Cymatics - Dragon Platinum Dark Loop - Shadows - 130 BPM C# Min.wav
0092__C#min_130_dark__Ember__loop-Cymatics_Dragon_Platinum_D__seed123.wav,C#min,130,dark,Ember,123,cKz! Ember C#min 130 bpm @crushed_keyz,Cymatics - Dragon Platinum Dark Loop - Shadows - 130 BPM C# Min.wav,/Users/mikemcgovern/Documents/SoundSauce/Melody_Loops/Cymatics_Dragon_Platinum_Expansion/Cymatics - Dragon Platinum Dark Loop - Shadows - 130 BPM C# Min.wav
0093__C#min_130_dark__Scenic__loop-Cymatics_Dragon_Platinum_D__seed7.wav,C#min,130,dark,Scenic,7,cKz! Scenic C#min 130 bpm @crushed_keyz,Cymatics - Dragon Platinum Dark Loop - Shadows - 130 BPM C# Min.wav,/Users/mikemcgovern/Documents/SoundSauce/Melody_Loops/Cymatics_Dragon_Platinum_Expansion/Cymatics - Dragon Platinum Dark Loop - Shadows - 130 BPM C# Min.wav
0094__C#min_130_dark__Scenic__loop-Cymatics_Dragon_Platinum_D__seed123.wav,C#min,130,dark,Scenic,123,cKz! Scenic C#min 130 bpm @crushed_keyz,Cymatics - Dragon Platinum Dark Loop - Shadows - 130 BPM C# Min.wav,/Users/mikemcgovern/Documents/SoundSauce/Melody_Loops/Cymatics_Dragon_Platinum_Expansion/Cymatics - Dragon Platinum Dark Loop - Shadows - 130 BPM C# Min.wav
0095__C#min_130_dark__CoSmoS__loop-Cymatics_Dragon_Platinum_D__seed7.wav,C#min,130,dark,CoSmoS,7,cKz! CoSmoS C#min 130 bpm @crushed_keyz,Cymatics - Dragon Platinum Dark Loop - Shadows - 130 BPM C# Min.wav,/Users/mikemcgovern/Documents/SoundSauce/Melody_Loops/Cymatics_Dragon_Platinum_Expansion/Cymatics - Dragon Platinum Dark Loop - Shadows - 130 BPM C# Min.wav
0096__C#min_130_dark__CoSmoS__loop-Cymatics_Dragon_Platinum_D__seed123.wav,C#min,130,dark,CoSmoS,123,cKz! CoSmoS C#min 130 bpm @crushed_keyz,Cymatics - Dragon Platinum Dark Loop - Shadows - 130 BPM C# Min.wav,/Users/mikemcgovern/Documents/SoundSauce/Melody_Loops/Cymatics_Dragon_Platinum_Expansion/Cymatics - Dragon Platinum Dark Loop - Shadows - 130 BPM C# Min.wav
0097__Cmin_102_oracle__LATE__loop-Cymatics_Oracle_West_Coast__seed7.wav,Cmin,102,oracle,LATE,7,cKz! LATE Cmin 102 bpm @crushed_keyz,Cymatics - Oracle West Coast Melody Loop 6 - 102 BPM C Min Piano.wav,/Users/mikemcgovern/Documents/SoundSauce/Melody_Loops/Cymatics Oracle/Stems/Cymatics - Oracle West Coast Melody Loop 6 - 102 BPM C Min Stems/Cymatics - Oracle West Coast Melody Loop 6 - 102 BPM C Min Piano.wav
0098__Cmin_102_oracle__LATE__loop-Cymatics_Oracle_West_Coast__seed123.wav,Cmin,102,oracle,LATE,123,cKz! LATE Cmin 102 bpm @crushed_keyz,Cymatics - Oracle West Coast Melody Loop 6 - 102 BPM C Min Piano.wav,/Users/mikemcgovern/Documents/SoundSauce/Melody_Loops/Cymatics Oracle/Stems/Cymatics - Oracle West Coast Melody Loop 6 - 102 BPM C Min Stems/Cymatics - Oracle West Coast Melody Loop 6 - 102 BPM C Min Piano.wav
0099__Cmin_102_oracle__Veil__loop-Cymatics_Oracle_West_Coast__seed7.wav,Cmin,102,oracle,Veil,7,cKz! Veil Cmin 102 bpm @crushed_keyz,Cymatics - Oracle West Coast Melody Loop 6 - 102 BPM C Min Piano.wav,/Users/mikemcgovern/Documents/SoundSauce/Melody_Loops/Cymatics Oracle/Stems/Cymatics - Oracle West Coast Melody Loop 6 - 102 BPM C Min Stems/Cymatics - Oracle West Coast Melody Loop 6 - 102 BPM C Min Piano.wav
0100__Cmin_102_oracle__Veil__loop-Cymatics_Oracle_West_Coast__seed123.wav,Cmin,102,oracle,Veil,123,cKz! Veil Cmin 102 bpm @crushed_keyz,Cymatics - Oracle West Coast Melody Loop 6 - 102 BPM C Min Piano.wav,/Users/mikemcgovern/Documents/SoundSauce/Melody_Loops/Cymatics Oracle/Stems/Cymatics - Oracle West Coast Melody Loop 6 - 102 BPM C Min Stems/Cymatics - Oracle West Coast Melody Loop 6 - 102 BPM C Min Piano.wav
0101__Cmin_102_oracle__DreamDoor__loop-Cymatics_Oracle_West_Coast__seed7.wav,Cmin,102,oracle,DreamDoor,7,cKz! DreamDoor Cmin 102 bpm @crushed_keyz,Cymatics - Oracle West Coast Melody Loop 6 - 102 BPM C Min Piano.wav,/Users/mikemcgovern/Documents/SoundSauce/Melody_Loops/Cymatics Oracle/Stems/Cymatics - Oracle West Coast Melody Loop 6 - 102 BPM C Min Stems/Cymatics - Oracle West Coast Melody Loop 6 - 102 BPM C Min Piano.wav
0102__Cmin_102_oracle__DreamDoor__loop-Cymatics_Oracle_West_Coast__seed123.wav,Cmin,102,oracle,DreamDoor,123,cKz! DreamDoor Cmin 102 bpm @crushed_keyz,Cymatics - Oracle West Coast Melody Loop 6 - 102 BPM C Min Piano.wav,/Users/mikemcgovern/Documents/SoundSauce/Melody_Loops/Cymatics Oracle/Stems/Cymatics - Oracle West Coast Melody Loop 6 - 102 BPM C Min Stems/Cymatics - Oracle West Coast Melody Loop 6 - 102 BPM C Min Piano.wav
0103__Cmin_80_various__Coldhearted__loop-Cymatics_Dragon_Various_Lo__seed7.wav,Cmin,80,various,Coldhearted,7,cKz! Coldhearted Cmin 80 bpm @crushed_keyz,Cymatics - Dragon Various Loop - Hush - 80 BPM C Min.wav,/Users/mikemcgovern/Documents/SoundSauce/Melody_Loops/Cymatics - Dragon Pt. 5/Various/Cymatics - Dragon Various Loop - Hush - 80 BPM C Min.wav
0104__Cmin_80_various__Coldhearted__loop-Cymatics_Dragon_Various_Lo__seed123.wav,Cmin,80,various,Coldhearted,123,cKz! Coldhearted Cmin 80 bpm @crushed_keyz,Cymatics - Dragon Various Loop - Hush - 80 BPM C Min.wav,/Users/mikemcgovern/Documents/SoundSauce/Melody_Loops/Cymatics - Dragon Pt. 5/Various/Cymatics - Dragon Various Loop - Hush - 80 BPM C Min.wav
0105__Cmin_80_various__CANOPY__loop-Cymatics_Dragon_Various_Lo__seed7.wav,Cmin,80,various,CANOPY,7,cKz! CANOPY Cmin 80 bpm @crushed_keyz,Cymatics - Dragon Various Loop - Hush - 80 BPM C Min.wav,/Users/mikemcgovern/Documents/SoundSauce/Melody_Loops/Cymatics - Dragon Pt. 5/Various/Cymatics - Dragon Various Loop - Hush - 80 BPM C Min.wav
0106__Cmin_80_various__CANOPY__loop-Cymatics_Dragon_Various_Lo__seed123.wav,Cmin,80,various,CANOPY,123,cKz! CANOPY Cmin 80 bpm @crushed_keyz,Cymatics - Dragon Various Loop - Hush - 80 BPM C Min.wav,/Users/mikemcgovern/Documents/SoundSauce/Melody_Loops/Cymatics - Dragon Pt. 5/Various/Cymatics - Dragon Various Loop - Hush - 80 BPM C Min.wav
0107__Cmin_80_various__Dusk__loop-Cymatics_Dragon_Various_Lo__seed7.wav,Cmin,80,various,Dusk,7,cKz! Dusk Cmin 80 bpm @crushed_keyz,Cymatics - Dragon Various Loop - Hush - 80 BPM C Min.wav,/Users/mikemcgovern/Documents/SoundSauce/Melody_Loops/Cymatics - Dragon Pt. 5/Various/Cymatics - Dragon Various Loop - Hush - 80 BPM C Min.wav
0108__Cmin_80_various__Dusk__loop-Cymatics_Dragon_Various_Lo__seed123.wav,Cmin,80,various,Dusk,123,cKz! Dusk Cmin 80 bpm @crushed_keyz,Cymatics - Dragon Various Loop - Hush - 80 BPM C Min.wav,/Users/mikemcgovern/Documents/SoundSauce/Melody_Loops/Cymatics - Dragon Pt. 5/Various/Cymatics - Dragon Various Loop - Hush - 80 BPM C Min.wav
0109__Cmin_65_trap__Panda__loop-Cymatics_Dragon_Platinum_O__seed7.wav,Cmin,65,trap,Panda,7,cKz! Panda Cmin 65 bpm @crushed_keyz,Cymatics - Dragon Platinum Orchestral Loop - Trap Or Die - 65 BPM C Min.wav,/Users/mikemcgovern/Documents/SoundSauce/Melody_Loops/Cymatics_Dragon_Platinum_Expansion/Cymatics - Dragon Platinum Orchestral Loop - Trap Or Die - 65 BPM C Min.wav
0110__Cmin_65_trap__Panda__loop-Cymatics_Dragon_Platinum_O__seed123.wav,Cmin,65,trap,Panda,123,cKz! Panda Cmin 65 bpm @crushed_keyz,Cymatics - Dragon Platinum Orchestral Loop - Trap Or Die - 65 BPM C Min.wav,/Users/mikemcgovern/Documents/SoundSauce/Melody_Loops/Cymatics_Dragon_Platinum_Expansion/Cymatics - Dragon Platinum Orchestral Loop - Trap Or Die - 65 BPM C Min.wav
0111__Cmin_65_trap__AzUL__loop-Cymatics_Dragon_Platinum_O__seed7.wav,Cmin,65,trap,AzUL,7,cKz! AzUL Cmin 65 bpm @crushed_keyz,Cymatics - Dragon Platinum Orchestral Loop - Trap Or Die - 65 BPM C Min.wav,/Users/mikemcgovern/Documents/SoundSauce/Melody_Loops/Cymatics_Dragon_Platinum_Expansion/Cymatics - Dragon Platinum Orchestral Loop - Trap Or Die - 65 BPM C Min.wav
0112__Cmin_65_trap__AzUL__loop-Cymatics_Dragon_Platinum_O__seed123.wav,Cmin,65,trap,AzUL,123,cKz! AzUL Cmin 65 bpm @crushed_keyz,Cymatics - Dragon Platinum Orchestral Loop - Trap Or Die - 65 BPM C Min.wav,/Users/mikemcgovern/Documents/SoundSauce/Melody_Loops/Cymatics_Dragon_Platinum_Expansion/Cymatics - Dragon Platinum Orchestral Loop - Trap Or Die - 65 BPM C Min.wav
0113__Cmin_65_trap__Crystal__loop-Cymatics_Dragon_Platinum_O__seed7.wav,Cmin,65,trap,Crystal,7,cKz! Crystal Cmin 65 bpm @crushed_keyz,Cymatics - Dragon Platinum Orchestral Loop - Trap Or Die - 65 BPM C Min.wav,/Users/mikemcgovern/Documents/SoundSauce/Melody_Loops/Cymatics_Dragon_Platinum_Expansion/Cymatics - Dragon Platinum Orchestral Loop - Trap Or Die - 65 BPM C Min.wav
0114__Cmin_65_trap__Crystal__loop-Cymatics_Dragon_Platinum_O__seed123.wav,Cmin,65,trap,Crystal,123,cKz! Crystal Cmin 65 bpm @crushed_keyz,Cymatics - Dragon Platinum Orchestral Loop - Trap Or Die - 65 BPM C Min.wav,/Users/mikemcgovern/Documents/SoundSauce/Melody_Loops/Cymatics_Dragon_Platinum_Expansion/Cymatics - Dragon Platinum Orchestral Loop - Trap Or Die - 65 BPM C Min.wav
0115__Cmin_128_dragon__Veil__loop-Cymatics_Dragon_Nostalgic___seed7.wav,Cmin,128,dragon,Veil,7,cKz! Veil Cmin 128 bpm @crushed_keyz,Cymatics - Dragon Nostalgic Loop - Renaissance - 128 BPM C Min.wav,/Users/mikemcgovern/Documents/SoundSauce/Melody_Loops/Cymatics - Dragon Pt. 3/Nostalgic/Cymatics - Dragon Nostalgic Loop - Renaissance - 128 BPM C Min.wav
0116__Cmin_128_dragon__Veil__loop-Cymatics_Dragon_Nostalgic___seed123.wav,Cmin,128,dragon,Veil,123,cKz! Veil Cmin 128 bpm @crushed_keyz,Cymatics - Dragon Nostalgic Loop - Renaissance - 128 BPM C Min.wav,/Users/mikemcgovern/Documents/SoundSauce/Melody_Loops/Cymatics - Dragon Pt. 3/Nostalgic/Cymatics - Dragon Nostalgic Loop - Renaissance - 128 BPM C Min.wav
0117__Cmin_128_dragon__CoSmoS__loop-Cymatics_Dragon_Nostalgic___seed7.wav,Cmin,128,dragon,CoSmoS,7,cKz! CoSmoS Cmin 128 bpm @crushed_keyz,Cymatics - Dragon Nostalgic Loop - Renaissance - 128 BPM C Min.wav,/Users/mikemcgovern/Documents/SoundSauce/Melody_Loops/Cymatics - Dragon Pt. 3/Nostalgic/Cymatics - Dragon Nostalgic Loop - Renaissance - 128 BPM C Min.wav
0118__Cmin_128_dragon__CoSmoS__loop-Cymatics_Dragon_Nostalgic___seed123.wav,Cmin,128,dragon,CoSmoS,123,cKz! CoSmoS Cmin 128 bpm @crushed_keyz,Cymatics - Dragon Nostalgic Loop - Renaissance - 128 BPM C Min.wav,/Users/mikemcgovern/Documents/SoundSauce/Melody_Loops/Cymatics - Dragon Pt. 3/Nostalgic/Cymatics - Dragon Nostalgic Loop - Renaissance - 128 BPM C Min.wav
0119__Cmin_128_dragon__Crystal__loop-Cymatics_Dragon_Nostalgic___seed7.wav,Cmin,128,dragon,Crystal,7,cKz! Crystal Cmin 128 bpm @crushed_keyz,Cymatics - Dragon Nostalgic Loop - Renaissance - 128 BPM C Min.wav,/Users/mikemcgovern/Documents/SoundSauce/Melody_Loops/Cymatics - Dragon Pt. 3/Nostalgic/Cymatics - Dragon Nostalgic Loop - Renaissance - 128 BPM C Min.wav
0120__Cmin_128_dragon__Crystal__loop-Cymatics_Dragon_Nostalgic___seed123.wav,Cmin,128,dragon,Crystal,123,cKz! Crystal Cmin 128 bpm @crushed_keyz,Cymatics - Dragon Nostalgic Loop - Renaissance - 128 BPM C Min.wav,/Users/mikemcgovern/Documents/SoundSauce/Melody_Loops/Cymatics - Dragon Pt. 3/Nostalgic/Cymatics - Dragon Nostalgic Loop - Renaissance - 128 BPM C Min.wav
0121__D#min_106_various__Midnight__loop-Cymatics_Dragon_Various_Lo__seed7.wav,D#min,106,various,Midnight,7,cKz! Midnight D#min 106 bpm @crushed_keyz,Cymatics - Dragon Various Loop - Thieves - 106 BPM D# Min.wav,/Users/mikemcgovern/Documents/SoundSauce/Melody_Loops/Cymatics - Dragon Pt. 5/Various/Cymatics - Dragon Various Loop - Thieves - 106 BPM D# Min.wav
0122__D#min_106_various__Midnight__loop-Cymatics_Dragon_Various_Lo__seed123.wav,D#min,106,various,Midnight,123,cKz! Midnight D#min 106 bpm @crushed_keyz,Cymatics - Dragon Various Loop - Thieves - 106 BPM D# Min.wav,/Users/mikemcgovern/Documents/SoundSauce/Melody_Loops/Cymatics - Dragon Pt. 5/Various/Cymatics - Dragon Various Loop - Thieves - 106 BPM D# Min.wav
0123__D#min_106_various__Scenic__loop-Cymatics_Dragon_Various_Lo__seed7.wav,D#min,106,various,Scenic,7,cKz! Scenic D#min 106 bpm @crushed_keyz,Cymatics - Dragon Various Loop - Thieves - 106 BPM D# Min.wav,/Users/mikemcgovern/Documents/SoundSauce/Melody_Loops/Cymatics - Dragon Pt. 5/Various/Cymatics - Dragon Various Loop - Thieves - 106 BPM D# Min.wav
0124__D#min_106_various__Scenic__loop-Cymatics_Dragon_Various_Lo__seed123.wav,D#min,106,various,Scenic,123,cKz! Scenic D#min 106 bpm @crushed_keyz,Cymatics - Dragon Various Loop - Thieves - 106 BPM D# Min.wav,/Users/mikemcgovern/Documents/SoundSauce/Melody_Loops/Cymatics - Dragon Pt. 5/Various/Cymatics - Dragon Various Loop - Thieves - 106 BPM D# Min.wav
0125__D#min_106_various__JuPitER__loop-Cymatics_Dragon_Various_Lo__seed7.wav,D#min,106,various,JuPitER,7,cKz! JuPitER D#min 106 bpm @crushed_keyz,Cymatics - Dragon Various Loop - Thieves - 106 BPM D# Min.wav,/Users/mikemcgovern/Documents/SoundSauce/Melody_Loops/Cymatics - Dragon Pt. 5/Various/Cymatics - Dragon Various Loop - Thieves - 106 BPM D# Min.wav
0126__D#min_106_various__JuPitER__loop-Cymatics_Dragon_Various_Lo__seed123.wav,D#min,106,various,JuPitER,123,cKz! JuPitER D#min 106 bpm @crushed_keyz,Cymatics - Dragon Various Loop - Thieves - 106 BPM D# Min.wav,/Users/mikemcgovern/Documents/SoundSauce/Melody_Loops/Cymatics - Dragon Pt. 5/Various/Cymatics - Dragon Various Loop - Thieves - 106 BPM D# Min.wav
0127__D#min_90_r&b__Glassland__loop-Cymatics_Oracle_R_B_Melody__seed7.wav,D#min,90,r&b,Glassland,7,cKz! Glassland D#min 90 bpm @crushed_keyz,Cymatics - Oracle R&B Melody Loop 1 - 90 BPM D# Min Piano.wav,/Users/mikemcgovern/Documents/SoundSauce/Melody_Loops/Cymatics Oracle/Stems/Cymatics - Oracle R&B Melody Loop 1 - 90 BPM D# Min Stems/Cymatics - Oracle R&B Melody Loop 1 - 90 BPM D# Min Piano.wav
0128__D#min_90_r&b__Glassland__loop-Cymatics_Oracle_R_B_Melody__seed123.wav,D#min,90,r&b,Glassland,123,cKz! Glassland D#min 90 bpm @crushed_keyz,Cymatics - Oracle R&B Melody Loop 1 - 90 BPM D# Min Piano.wav,/Users/mikemcgovern/Documents/SoundSauce/Melody_Loops/Cymatics Oracle/Stems/Cymatics - Oracle R&B Melody Loop 1 - 90 BPM D# Min Stems/Cymatics - Oracle R&B Melody Loop 1 - 90 BPM D# Min Piano.wav
0129__D#min_90_r&b__Coldhearted__loop-Cymatics_Oracle_R_B_Melody__seed7.wav,D#min,90,r&b,Coldhearted,7,cKz! Coldhearted D#min 90 bpm @crushed_keyz,Cymatics - Oracle R&B Melody Loop 1 - 90 BPM D# Min Piano.wav,/Users/mikemcgovern/Documents/SoundSauce/Melody_Loops/Cymatics Oracle/Stems/Cymatics - Oracle R&B Melody Loop 1 - 90 BPM D# Min Stems/Cymatics - Oracle R&B Melody Loop 1 - 90 BPM D# Min Piano.wav
0130__D#min_90_r&b__Coldhearted__loop-Cymatics_Oracle_R_B_Melody__seed123.wav,D#min,90,r&b,Coldhearted,123,cKz! Coldhearted D#min 90 bpm @crushed_keyz,Cymatics - Oracle R&B Melody Loop 1 - 90 BPM D# Min Piano.wav,/Users/mikemcgovern/Documents/SoundSauce/Melody_Loops/Cymatics Oracle/Stems/Cymatics - Oracle R&B Melody Loop 1 - 90 BPM D# Min Stems/Cymatics - Oracle R&B Melody Loop 1 - 90 BPM D# Min Piano.wav
0131__D#min_90_r&b__Depths__loop-Cymatics_Oracle_R_B_Melody__seed7.wav,D#min,90,r&b,Depths,7,cKz! Depths D#min 90 bpm @crushed_keyz,Cymatics - Oracle R&B Melody Loop 1 - 90 BPM D# Min Piano.wav,/Users/mikemcgovern/Documents/SoundSauce/Melody_Loops/Cymatics Oracle/Stems/Cymatics - Oracle R&B Melody Loop 1 - 90 BPM D# Min Stems/Cymatics - Oracle R&B Melody Loop 1 - 90 BPM D# Min Piano.wav
0132__D#min_90_r&b__Depths__loop-Cymatics_Oracle_R_B_Melody__seed123.wav,D#min,90,r&b,Depths,123,cKz! Depths D#min 90 bpm @crushed_keyz,Cymatics - Oracle R&B Melody Loop 1 - 90 BPM D# Min Piano.wav,/Users/mikemcgovern/Documents/SoundSauce/Melody_Loops/Cymatics Oracle/Stems/Cymatics - Oracle R&B Melody Loop 1 - 90 BPM D# Min Stems/Cymatics - Oracle R&B Melody Loop 1 - 90 BPM D# Min Piano.wav
0133__D#min_140_cobra__Coldhearted__loop-Cymatics_Cobra_Melody_Loop__seed7.wav,D#min,140,cobra,Coldhearted,7,cKz! Coldhearted D#min 140 bpm @crushed_keyz,Cymatics - Cobra Melody Loop 13 - 140 BPM D# Min.wav,/Users/mikemcgovern/Documents/SoundSauce/Melody_Loops/Cymatics Cobra - Melodics/Melody Loops/Cymatics - Cobra Melody Loop 13 - 140 BPM D# Min.wav
0134__D#min_140_cobra__Coldhearted__loop-Cymatics_Cobra_Melody_Loop__seed123.wav,D#min,140,cobra,Coldhearted,123,cKz! Coldhearted D#min 140 bpm @crushed_keyz,Cymatics - Cobra Melody Loop 13 - 140 BPM D# Min.wav,/Users/mikemcgovern/Documents/SoundSauce/Melody_Loops/Cymatics Cobra - Melodics/Melody Loops/Cymatics - Cobra Melody Loop 13 - 140 BPM D# Min.wav
0135__D#min_140_cobra__Nasty__loop-Cymatics_Cobra_Melody_Loop__seed7.wav,D#min,140,cobra,Nasty,7,cKz! Nasty D#min 140 bpm @crushed_keyz,Cymatics - Cobra Melody Loop 13 - 140 BPM D# Min.wav,/Users/mikemcgovern/Documents/SoundSauce/Melody_Loops/Cymatics Cobra - Melodics/Melody Loops/Cymatics - Cobra Melody Loop 13 - 140 BPM D# Min.wav
0136__D#min_140_cobra__Nasty__loop-Cymatics_Cobra_Melody_Loop__seed123.wav,D#min,140,cobra,Nasty,123,cKz! Nasty D#min 140 bpm @crushed_keyz,Cymatics - Cobra Melody Loop 13 - 140 BPM D# Min.wav,/Users/mikemcgovern/Documents/SoundSauce/Melody_Loops/Cymatics Cobra - Melodics/Melody Loops/Cymatics - Cobra Melody Loop 13 - 140 BPM D# Min.wav
0137__D#min_140_cobra__Halo__loop-Cymatics_Cobra_Melody_Loop__seed7.wav,D#min,140,cobra,Halo,7,cKz! Halo D#min 140 bpm @crushed_keyz,Cymatics - Cobra Melody Loop 13 - 140 BPM D# Min.wav,/Users/mikemcgovern/Documents/SoundSauce/Melody_Loops/Cymatics Cobra - Melodics/Melody Loops/Cymatics - Cobra Melody Loop 13 - 140 BPM D# Min.wav
0138__D#min_140_cobra__Halo__loop-Cymatics_Cobra_Melody_Loop__seed123.wav,D#min,140,cobra,Halo,123,cKz! Halo D#min 140 bpm @crushed_keyz,Cymatics - Cobra Melody Loop 13 - 140 BPM D# Min.wav,/Users/mikemcgovern/Documents/SoundSauce/Melody_Loops/Cymatics Cobra - Melodics/Melody Loops/Cymatics - Cobra Melody Loop 13 - 140 BPM D# Min.wav
0139__D#min_94_rnb__JuPitER__loop-Cymatics_Gems_Vol_6_Glowin__seed7.wav,D#min,94,rnb,JuPitER,7,cKz! JuPitER D#min 94 bpm @crushed_keyz,Cymatics Gems Vol 6 - Glowing - 94 BPM D# Min.wav,/Users/mikemcgovern/Documents/SoundSauce/Melody_Loops/Cymatics Gems Vol 6 - Future RnB Melodies/Cymatics Gems Vol 6 - Glowing - 94 BPM D# Min.wav
0140__D#min_94_rnb__JuPitER__loop-Cymatics_Gems_Vol_6_Glowin__seed123.wav,D#min,94,rnb,JuPitER,123,cKz! JuPitER D#min 94 bpm @crushed_keyz,Cymatics Gems Vol 6 - Glowing - 94 BPM D# Min.wav,/Users/mikemcgovern/Documents/SoundSauce/Melody_Loops/Cymatics Gems Vol 6 - Future RnB Melodies/Cymatics Gems Vol 6 - Glowing - 94 BPM D# Min.wav
0141__D#min_94_rnb__Panda__loop-Cymatics_Gems_Vol_6_Glowin__seed7.wav,D#min,94,rnb,Panda,7,cKz! Panda D#min 94 bpm @crushed_keyz,Cymatics Gems Vol 6 - Glowing - 94 BPM D# Min.wav,/Users/mikemcgovern/Documents/SoundSauce/Melody_Loops/Cymatics Gems Vol 6 - Future RnB Melodies/Cymatics Gems Vol 6 - Glowing - 94 BPM D# Min.wav
0142__D#min_94_rnb__Panda__loop-Cymatics_Gems_Vol_6_Glowin__seed123.wav,D#min,94,rnb,Panda,123,cKz! Panda D#min 94 bpm @crushed_keyz,Cymatics Gems Vol 6 - Glowing - 94 BPM D# Min.wav,/Users/mikemcgovern/Documents/SoundSauce/Melody_Loops/Cymatics Gems Vol 6 - Future RnB Melodies/Cymatics Gems Vol 6 - Glowing - 94 BPM D# Min.wav
0143__D#min_94_rnb__Rent_Free__loop-Cymatics_Gems_Vol_6_Glowin__seed7.wav,D#min,94,rnb,Rent_Free,7,cKz! Rent_Free D#min 94 bpm @crushed_keyz,Cymatics Gems Vol 6 - Glowing - 94 BPM D# Min.wav,/Users/mikemcgovern/Documents/SoundSauce/Melody_Loops/Cymatics Gems Vol 6 - Future RnB Melodies/Cymatics Gems Vol 6 - Glowing - 94 BPM D# Min.wav
0144__D#min_94_rnb__Rent_Free__loop-Cymatics_Gems_Vol_6_Glowin__seed123.wav,D#min,94,rnb,Rent_Free,123,cKz! Rent_Free D#min 94 bpm @crushed_keyz,Cymatics Gems Vol 6 - Glowing - 94 BPM D# Min.wav,/Users/mikemcgovern/Documents/SoundSauce/Melody_Loops/Cymatics Gems Vol 6 - Future RnB Melodies/Cymatics Gems Vol 6 - Glowing - 94 BPM D# Min.wav
0145__Dmin_100_r&b__Depths__loop-Cymatics_Dragon_R_B_Loop_L__seed7.wav,Dmin,100,r&b,Depths,7,cKz! Depths Dmin 100 bpm @crushed_keyz,Cymatics - Dragon R&B Loop - Liquid Courage - 100 BPM D Min.wav,/Users/mikemcgovern/Documents/SoundSauce/Melody_Loops/Cymatics - Dragon Pt. 4/R&B/Cymatics - Dragon R&B Loop - Liquid Courage - 100 BPM D Min.wav
0146__Dmin_100_r&b__Depths__loop-Cymatics_Dragon_R_B_Loop_L__seed123.wav,Dmin,100,r&b,Depths,123,cKz! Depths Dmin 100 bpm @crushed_keyz,Cymatics - Dragon R&B Loop - Liquid Courage - 100 BPM D Min.wav,/Users/mikemcgovern/Documents/SoundSauce/Melody_Loops/Cymatics - Dragon Pt. 4/R&B/Cymatics - Dragon R&B Loop - Liquid Courage - 100 BPM D Min.wav
0147__Dmin_100_r&b__BANDS__loop-Cymatics_Dragon_R_B_Loop_L__seed7.wav,Dmin,100,r&b,BANDS,7,cKz! BANDS Dmin 100 bpm @crushed_keyz,Cymatics - Dragon R&B Loop - Liquid Courage - 100 BPM D Min.wav,/Users/mikemcgovern/Documents/SoundSauce/Melody_Loops/Cymatics - Dragon Pt. 4/R&B/Cymatics - Dragon R&B Loop - Liquid Courage - 100 BPM D Min.wav
0148__Dmin_100_r&b__BANDS__loop-Cymatics_Dragon_R_B_Loop_L__seed123.wav,Dmin,100,r&b,BANDS,123,cKz! BANDS Dmin 100 bpm @crushed_keyz,Cymatics - Dragon R&B Loop - Liquid Courage - 100 BPM D Min.wav,/Users/mikemcgovern/Documents/SoundSauce/Melody_Loops/Cymatics - Dragon Pt. 4/R&B/Cymatics - Dragon R&B Loop - Liquid Courage - 100 BPM D Min.wav
0149__Dmin_100_r&b__StarLight__loop-Cymatics_Dragon_R_B_Loop_L__seed7.wav,Dmin,100,r&b,StarLight,7,cKz! StarLight Dmin 100 bpm @crushed_keyz,Cymatics - Dragon R&B Loop - Liquid Courage - 100 BPM D Min.wav,/Users/mikemcgovern/Documents/SoundSauce/Melody_Loops/Cymatics - Dragon Pt. 4/R&B/Cymatics - Dragon R&B Loop - Liquid Courage - 100 BPM D Min.wav
0150__Dmin_100_r&b__StarLight__loop-Cymatics_Dragon_R_B_Loop_L__seed123.wav,Dmin,100,r&b,StarLight,123,cKz! StarLight Dmin 100 bpm @crushed_keyz,Cymatics - Dragon R&B Loop - Liquid Courage - 100 BPM D Min.wav,/Users/mikemcgovern/Documents/SoundSauce/Melody_Loops/Cymatics - Dragon Pt. 4/R&B/Cymatics - Dragon R&B Loop - Liquid Courage - 100 BPM D Min.wav
0151__Dmin_140_dark__Depths__loop-Cymatics_Dragon_Dark_Loop___seed7.wav,Dmin,140,dark,Depths,7,cKz! Depths Dmin 140 bpm @crushed_keyz,Cymatics - Dragon Dark Loop - Mortals - 140 BPM D Min.wav,/Users/mikemcgovern/Documents/SoundSauce/Melody_Loops/Cymatics_Dragon_1/Dark/Cymatics - Dragon Dark Loop - Mortals - 140 BPM D Min.wav
0152__Dmin_140_dark__Depths__loop-Cymatics_Dragon_Dark_Loop___seed123.wav,Dmin,140,dark,Depths,123,cKz! Depths Dmin 140 bpm @crushed_keyz,Cymatics - Dragon Dark Loop - Mortals - 140 BPM D Min.wav,/Users/mikemcgovern/Documents/SoundSauce/Melody_Loops/Cymatics_Dragon_1/Dark/Cymatics - Dragon Dark Loop - Mortals - 140 BPM D Min.wav
0153__Dmin_140_dark__Glassland__loop-Cymatics_Dragon_Dark_Loop___seed7.wav,Dmin,140,dark,Glassland,7,cKz! Glassland Dmin 140 bpm @crushed_keyz,Cymatics - Dragon Dark Loop - Mortals - 140 BPM D Min.wav,/Users/mikemcgovern/Documents/SoundSauce/Melody_Loops/Cymatics_Dragon_1/Dark/Cymatics - Dragon Dark Loop - Mortals - 140 BPM D Min.wav
0154__Dmin_140_dark__Glassland__loop-Cymatics_Dragon_Dark_Loop___seed123.wav,Dmin,140,dark,Glassland,123,cKz! Glassland Dmin 140 bpm @crushed_keyz,Cymatics - Dragon Dark Loop - Mortals - 140 BPM D Min.wav,/Users/mikemcgovern/Documents/SoundSauce/Melody_Loops/Cymatics_Dragon_1/Dark/Cymatics - Dragon Dark Loop - Mortals - 140 BPM D Min.wav
0155__Dmin_140_dark__Scenic__loop-Cymatics_Dragon_Dark_Loop___seed7.wav,Dmin,140,dark,Scenic,7,cKz! Scenic Dmin 140 bpm @crushed_keyz,Cymatics - Dragon Dark Loop - Mortals - 140 BPM D Min.wav,/Users/mikemcgovern/Documents/SoundSauce/Melody_Loops/Cymatics_Dragon_1/Dark/Cymatics - Dragon Dark Loop - Mortals - 140 BPM D Min.wav
0156__Dmin_140_dark__Scenic__loop-Cymatics_Dragon_Dark_Loop___seed123.wav,Dmin,140,dark,Scenic,123,cKz! Scenic Dmin 140 bpm @crushed_keyz,Cymatics - Dragon Dark Loop - Mortals - 140 BPM D Min.wav,/Users/mikemcgovern/Documents/SoundSauce/Melody_Loops/Cymatics_Dragon_1/Dark/Cymatics - Dragon Dark Loop - Mortals - 140 BPM D Min.wav
0157__Dmin_120_oracle__JuPitER__loop-Cymatics_Oracle_Simple_Mel__seed7.wav,Dmin,120,oracle,JuPitER,7,cKz! JuPitER Dmin 120 bpm @crushed_keyz,Cymatics - Oracle Simple Melody Loop 2 - 120 BPM D Min Piano.wav,/Users/mikemcgovern/Documents/SoundSauce/Melody_Loops/Cymatics Oracle/Stems/Cymatics - Oracle Simple Melody Loop 2 - 120 BPM D Min Stems/Cymatics - Oracle Simple Melody Loop 2 - 120 BPM D Min Piano.wav
0158__Dmin_120_oracle__JuPitER__loop-Cymatics_Oracle_Simple_Mel__seed123.wav,Dmin,120,oracle,JuPitER,123,cKz! JuPitER Dmin 120 bpm @crushed_keyz,Cymatics - Oracle Simple Melody Loop 2 - 120 BPM D Min Piano.wav,/Users/mikemcgovern/Documents/SoundSauce/Melody_Loops/Cymatics Oracle/Stems/Cymatics - Oracle Simple Melody Loop 2 - 120 BPM D Min Stems/Cymatics - Oracle Simple Melody Loop 2 - 120 BPM D Min Piano.wav
0159__Dmin_120_oracle__LATE__loop-Cymatics_Oracle_Simple_Mel__seed7.wav,Dmin,120,oracle,LATE,7,cKz! LATE Dmin 120 bpm @crushed_keyz,Cymatics - Oracle Simple Melody Loop 2 - 120 BPM D Min Piano.wav,/Users/mikemcgovern/Documents/SoundSauce/Melody_Loops/Cymatics Oracle/Stems/Cymatics - Oracle Simple Melody Loop 2 - 120 BPM D Min Stems/Cymatics - Oracle Simple Melody Loop 2 - 120 BPM D Min Piano.wav
0160__Dmin_120_oracle__LATE__loop-Cymatics_Oracle_Simple_Mel__seed123.wav,Dmin,120,oracle,LATE,123,cKz! LATE Dmin 120 bpm @crushed_keyz,Cymatics - Oracle Simple Melody Loop 2 - 120 BPM D Min Piano.wav,/Users/mikemcgovern/Documents/SoundSauce/Melody_Loops/Cymatics Oracle/Stems/Cymatics - Oracle Simple Melody Loop 2 - 120 BPM D Min Stems/Cymatics - Oracle Simple Melody Loop 2 - 120 BPM D Min Piano.wav
0161__Dmin_120_oracle__Crystal__loop-Cymatics_Oracle_Simple_Mel__seed7.wav,Dmin,120,oracle,Crystal,7,cKz! Crystal Dmin 120 bpm @crushed_keyz,Cymatics - Oracle Simple Melody Loop 2 - 120 BPM D Min Piano.wav,/Users/mikemcgovern/Documents/SoundSauce/Melody_Loops/Cymatics Oracle/Stems/Cymatics - Oracle Simple Melody Loop 2 - 120 BPM D Min Stems/Cymatics - Oracle Simple Melody Loop 2 - 120 BPM D Min Piano.wav
0162__Dmin_120_oracle__Crystal__loop-Cymatics_Oracle_Simple_Mel__seed123.wav,Dmin,120,oracle,Crystal,123,cKz! Crystal Dmin 120 bpm @crushed_keyz,Cymatics - Oracle Simple Melody Loop 2 - 120 BPM D Min Piano.wav,/Users/mikemcgovern/Documents/SoundSauce/Melody_Loops/Cymatics Oracle/Stems/Cymatics - Oracle Simple Melody Loop 2 - 120 BPM D Min Stems/Cymatics - Oracle Simple Melody Loop 2 - 120 BPM D Min Piano.wav
0163__Dmin_160_ethnic__Pressure__loop-Cymatics_Dragon_Ethnic_Loo__seed7.wav,Dmin,160,ethnic,Pressure,7,cKz! Pressure Dmin 160 bpm @crushed_keyz,Cymatics - Dragon Ethnic Loop - Street Lights - 160 BPM D Min.wav,/Users/mikemcgovern/Documents/SoundSauce/Melody_Loops/Cymatics_Dragon_2/Ethnic/Cymatics - Dragon Ethnic Loop - Street Lights - 160 BPM D Min.wav
0164__Dmin_160_ethnic__Pressure__loop-Cymatics_Dragon_Ethnic_Loo__seed123.wav,Dmin,160,ethnic,Pressure,123,cKz! Pressure Dmin 160 bpm @crushed_keyz,Cymatics - Dragon Ethnic Loop - Street Lights - 160 BPM D Min.wav,/Users/mikemcgovern/Documents/SoundSauce/Melody_Loops/Cymatics_Dragon_2/Ethnic/Cymatics - Dragon Ethnic Loop - Street Lights - 160 BPM D Min.wav
0165__Dmin_160_ethnic__JUNGLE__loop-Cymatics_Dragon_Ethnic_Loo__seed7.wav,Dmin,160,ethnic,JUNGLE,7,cKz! JUNGLE Dmin 160 bpm @crushed_keyz,Cymatics - Dragon Ethnic Loop - Street Lights - 160 BPM D Min.wav,/Users/mikemcgovern/Documents/SoundSauce/Melody_Loops/Cymatics_Dragon_2/Ethnic/Cymatics - Dragon Ethnic Loop - Street Lights - 160 BPM D Min.wav
0166__Dmin_160_ethnic__JUNGLE__loop-Cymatics_Dragon_Ethnic_Loo__seed123.wav,Dmin,160,ethnic,JUNGLE,123,cKz! JUNGLE Dmin 160 bpm @crushed_keyz,Cymatics - Dragon Ethnic Loop - Street Lights - 160 BPM D Min.wav,/Users/mikemcgovern/Documents/SoundSauce/Melody_Loops/Cymatics_Dragon_2/Ethnic/Cymatics - Dragon Ethnic Loop - Street Lights - 160 BPM D Min.wav
0167__Dmin_160_ethnic__Crystal__loop-Cymatics_Dragon_Ethnic_Loo__seed7.wav,Dmin,160,ethnic,Crystal,7,cKz! Crystal Dmin 160 bpm @crushed_keyz,Cymatics - Dragon Ethnic Loop - Street Lights - 160 BPM D Min.wav,/Users/mikemcgovern/Documents/SoundSauce/Melody_Loops/Cymatics_Dragon_2/Ethnic/Cymatics - Dragon Ethnic Loop - Street Lights - 160 BPM D Min.wav
0168__Dmin_160_ethnic__Crystal__loop-Cymatics_Dragon_Ethnic_Loo__seed123.wav,Dmin,160,ethnic,Crystal,123,cKz! Crystal Dmin 160 bpm @crushed_keyz,Cymatics - Dragon Ethnic Loop - Street Lights - 160 BPM D Min.wav,/Users/mikemcgovern/Documents/SoundSauce/Melody_Loops/Cymatics_Dragon_2/Ethnic/Cymatics - Dragon Ethnic Loop - Street Lights - 160 BPM D Min.wav
0169__Emin_160_cobra__AzUL__loop-Cymatics_Cobra_Melody_Loop__seed7.wav,Emin,160,cobra,AzUL,7,cKz! AzUL Emin 160 bpm @crushed_keyz,Cymatics - Cobra Melody Loop 23 - 160 BPM E Min.wav,/Users/mikemcgovern/Documents/SoundSauce/Melody_Loops/Cymatics Cobra - Melodics/Melody Loops/Cymatics - Cobra Melody Loop 23 - 160 BPM E Min.wav
0170__Emin_160_cobra__AzUL__loop-Cymatics_Cobra_Melody_Loop__seed123.wav,Emin,160,cobra,AzUL,123,cKz! AzUL Emin 160 bpm @crushed_keyz,Cymatics - Cobra Melody Loop 23 - 160 BPM E Min.wav,/Users/mikemcgovern/Documents/SoundSauce/Melody_Loops/Cymatics Cobra - Melodics/Melody Loops/Cymatics - Cobra Melody Loop 23 - 160 BPM E Min.wav
0171__Emin_160_cobra__Pressure__loop-Cymatics_Cobra_Melody_Loop__seed7.wav,Emin,160,cobra,Pressure,7,cKz! Pressure Emin 160 bpm @crushed_keyz,Cymatics - Cobra Melody Loop 23 - 160 BPM E Min.wav,/Users/mikemcgovern/Documents/SoundSauce/Melody_Loops/Cymatics Cobra - Melodics/Melody Loops/Cymatics - Cobra Melody Loop 23 - 160 BPM E Min.wav
0172__Emin_160_cobra__Pressure__loop-Cymatics_Cobra_Melody_Loop__seed123.wav,Emin,160,cobra,Pressure,123,cKz! Pressure Emin 160 bpm @crushed_keyz,Cymatics - Cobra Melody Loop 23 - 160 BPM E Min.wav,/Users/mikemcgovern/Documents/SoundSauce/Melody_Loops/Cymatics Cobra - Melodics/Melody Loops/Cymatics - Cobra Melody Loop 23 - 160 BPM E Min.wav
0173__Emin_160_cobra__LowKey__loop-Cymatics_Cobra_Melody_Loop__seed7.wav,Emin,160,cobra,LowKey,7,cKz! LowKey Emin 160 bpm @crushed_keyz,Cymatics - Cobra Melody Loop 23 - 160 BPM E Min.wav,/Users/mikemcgovern/Documents/SoundSauce/Melody_Loops/Cymatics Cobra - Melodics/Melody Loops/Cymatics - Cobra Melody Loop 23 - 160 BPM E Min.wav
0174__Emin_160_cobra__LowKey__loop-Cymatics_Cobra_Melody_Loop__seed123.wav,Emin,160,cobra,LowKey,123,cKz! LowKey Emin 160 bpm @crushed_keyz,Cymatics - Cobra Melody Loop 23 - 160 BPM E Min.wav,/Users/mikemcgovern/Documents/SoundSauce/Melody_Loops/Cymatics Cobra - Melodics/Melody Loops/Cymatics - Cobra Melody Loop 23 - 160 BPM E Min.wav
0175__Emin_110_cobra__JuPitER__loop-Cymatics_Cobra_Melody_Loop__seed7.wav,Emin,110,cobra,JuPitER,7,cKz! JuPitER Emin 110 bpm @crushed_keyz,Cymatics - Cobra Melody Loop 5 - 110 BPM E Min.wav,/Users/mikemcgovern/Documents/SoundSauce/Melody_Loops/Cymatics Cobra - Melodics/Melody Loops/Cymatics - Cobra Melody Loop 5 - 110 BPM E Min.wav
0176__Emin_110_cobra__JuPitER__loop-Cymatics_Cobra_Melody_Loop__seed123.wav,Emin,110,cobra,JuPitER,123,cKz! JuPitER Emin 110 bpm @crushed_keyz,Cymatics - Cobra Melody Loop 5 - 110 BPM E Min.wav,/Users/mikemcgovern/Documents/SoundSauce/Melody_Loops/Cymatics Cobra - Melodics/Melody Loops/Cymatics - Cobra Melody Loop 5 - 110 BPM E Min.wav
0177__Emin_110_cobra__Panda__loop-Cymatics_Cobra_Melody_Loop__seed7.wav,Emin,110,cobra,Panda,7,cKz! Panda Emin 110 bpm @crushed_keyz,Cymatics - Cobra Melody Loop 5 - 110 BPM E Min.wav,/Users/mikemcgovern/Documents/SoundSauce/Melody_Loops/Cymatics Cobra - Melodics/Melody Loops/Cymatics - Cobra Melody Loop 5 - 110 BPM E Min.wav
0178__Emin_110_cobra__Panda__loop-Cymatics_Cobra_Melody_Loop__seed123.wav,Emin,110,cobra,Panda,123,cKz! Panda Emin 110 bpm @crushed_keyz,Cymatics - Cobra Melody Loop 5 - 110 BPM E Min.wav,/Users/mikemcgovern/Documents/SoundSauce/Melody_Loops/Cymatics Cobra - Melodics/Melody Loops/Cymatics - Cobra Melody Loop 5 - 110 BPM E Min.wav
0179__Emin_110_cobra__Halo__loop-Cymatics_Cobra_Melody_Loop__seed7.wav,Emin,110,cobra,Halo,7,cKz! Halo Emin 110 bpm @crushed_keyz,Cymatics - Cobra Melody Loop 5 - 110 BPM E Min.wav,/Users/mikemcgovern/Documents/SoundSauce/Melody_Loops/Cymatics Cobra - Melodics/Melody Loops/Cymatics - Cobra Melody Loop 5 - 110 BPM E Min.wav
0180__Emin_110_cobra__Halo__loop-Cymatics_Cobra_Melody_Loop__seed123.wav,Emin,110,cobra,Halo,123,cKz! Halo Emin 110 bpm @crushed_keyz,Cymatics - Cobra Melody Loop 5 - 110 BPM E Min.wav,/Users/mikemcgovern/Documents/SoundSauce/Melody_Loops/Cymatics Cobra - Melodics/Melody Loops/Cymatics - Cobra Melody Loop 5 - 110 BPM E Min.wav
0181__Emin_150_various__CANOPY__loop-Cymatics_Oracle_Various_Me__seed7.wav,Emin,150,various,CANOPY,7,cKz! CANOPY Emin 150 bpm @crushed_keyz,Cymatics - Oracle Various Melody Loop 15 - 150 BPM E Min.wav,/Users/mikemcgovern/Documents/SoundSauce/Melody_Loops/Cymatics Oracle/Melodies/Cymatics - Oracle Various Melody Loop 15 - 150 BPM E Min.wav
0182__Emin_150_various__CANOPY__loop-Cymatics_Oracle_Various_Me__seed123.wav,Emin,150,various,CANOPY,123,cKz! CANOPY Emin 150 bpm @crushed_keyz,Cymatics - Oracle Various Melody Loop 15 - 150 BPM E Min.wav,/Users/mikemcgovern/Documents/SoundSauce/Melody_Loops/Cymatics Oracle/Melodies/Cymatics - Oracle Various Melody Loop 15 - 150 BPM E Min.wav
0183__Emin_150_various__Pressure__loop-Cymatics_Oracle_Various_Me__seed7.wav,Emin,150,various,Pressure,7,cKz! Pressure Emin 150 bpm @crushed_keyz,Cymatics - Oracle Various Melody Loop 15 - 150 BPM E Min.wav,/Users/mikemcgovern/Documents/SoundSauce/Melody_Loops/Cymatics Oracle/Melodies/Cymatics - Oracle Various Melody Loop 15 - 150 BPM E Min.wav
0184__Emin_150_various__Pressure__loop-Cymatics_Oracle_Various_Me__seed123.wav,Emin,150,various,Pressure,123,cKz! Pressure Emin 150 bpm @crushed_keyz,Cymatics - Oracle Various Melody Loop 15 - 150 BPM E Min.wav,/Users/mikemcgovern/Documents/SoundSauce/Melody_Loops/Cymatics Oracle/Melodies/Cymatics - Oracle Various Melody Loop 15 - 150 BPM E Min.wav
0185__Emin_150_various__Halo__loop-Cymatics_Oracle_Various_Me__seed7.wav,Emin,150,various,Halo,7,cKz! Halo Emin 150 bpm @crushed_keyz,Cymatics - Oracle Various Melody Loop 15 - 150 BPM E Min.wav,/Users/mikemcgovern/Documents/SoundSauce/Melody_Loops/Cymatics Oracle/Melodies/Cymatics - Oracle Various Melody Loop 15 - 150 BPM E Min.wav
0186__Emin_150_various__Halo__loop-Cymatics_Oracle_Various_Me__seed123.wav,Emin,150,various,Halo,123,cKz! Halo Emin 150 bpm @crushed_keyz,Cymatics - Oracle Various Melody Loop 15 - 150 BPM E Min.wav,/Users/mikemcgovern/Documents/SoundSauce/Melody_Loops/Cymatics Oracle/Melodies/Cymatics - Oracle Various Melody Loop 15 - 150 BPM E Min.wav
0187__Emin_94_dark__TrapSoul__loop-Cymatics_Gems_Dark_Loop_Nu__seed7.wav,Emin,94,dark,TrapSoul,7,cKz! TrapSoul Emin 94 bpm @crushed_keyz,Cymatics - Gems Dark Loop - Numb - 94 BPM E Min.wav,/Users/mikemcgovern/Documents/SoundSauce/Melody_Loops/Cymatics_Gems_Ultimate_Edition_Vol_1_Pt_1/Dark/Cymatics - Gems Dark Loop - Numb - 94 BPM E Min.wav
0188__Emin_94_dark__TrapSoul__loop-Cymatics_Gems_Dark_Loop_Nu__seed123.wav,Emin,94,dark,TrapSoul,123,cKz! TrapSoul Emin 94 bpm @crushed_keyz,Cymatics - Gems Dark Loop - Numb - 94 BPM E Min.wav,/Users/mikemcgovern/Documents/SoundSauce/Melody_Loops/Cymatics_Gems_Ultimate_Edition_Vol_1_Pt_1/Dark/Cymatics - Gems Dark Loop - Numb - 94 BPM E Min.wav
0189__Emin_94_dark__LowKey__loop-Cymatics_Gems_Dark_Loop_Nu__seed7.wav,Emin,94,dark,LowKey,7,cKz! LowKey Emin 94 bpm @crushed_keyz,Cymatics - Gems Dark Loop - Numb - 94 BPM E Min.wav,/Users/mikemcgovern/Documents/SoundSauce/Melody_Loops/Cymatics_Gems_Ultimate_Edition_Vol_1_Pt_1/Dark/Cymatics - Gems Dark Loop - Numb - 94 BPM E Min.wav
0190__Emin_94_dark__LowKey__loop-Cymatics_Gems_Dark_Loop_Nu__seed123.wav,Emin,94,dark,LowKey,123,cKz! LowKey Emin 94 bpm @crushed_keyz,Cymatics - Gems Dark Loop - Numb - 94 BPM E Min.wav,/Users/mikemcgovern/Documents/SoundSauce/Melody_Loops/Cymatics_Gems_Ultimate_Edition_Vol_1_Pt_1/Dark/Cymatics - Gems Dark Loop - Numb - 94 BPM E Min.wav
0191__Emin_94_dark__Glassland__loop-Cymatics_Gems_Dark_Loop_Nu__seed7.wav,Emin,94,dark,Glassland,7,cKz! Glassland Emin 94 bpm @crushed_keyz,Cymatics - Gems Dark Loop - Numb - 94 BPM E Min.wav,/Users/mikemcgovern/Documents/SoundSauce/Melody_Loops/Cymatics_Gems_Ultimate_Edition_Vol_1_Pt_1/Dark/Cymatics - Gems Dark Loop - Numb - 94 BPM E Min.wav
0192__Emin_94_dark__Glassland__loop-Cymatics_Gems_Dark_Loop_Nu__seed123.wav,Emin,94,dark,Glassland,123,cKz! Glassland Emin 94 bpm @crushed_keyz,Cymatics - Gems Dark Loop - Numb - 94 BPM E Min.wav,/Users/mikemcgovern/Documents/SoundSauce/Melody_Loops/Cymatics_Gems_Ultimate_Edition_Vol_1_Pt_1/Dark/Cymatics - Gems Dark Loop - Numb - 94 BPM E Min.wav
0193__F#min_100_rnb__Mirage__loop-Cymatics_Gems_Vol_6_Never___seed7.wav,F#min,100,rnb,Mirage,7,cKz! Mirage F#min 100 bpm @crushed_keyz,Cymatics Gems Vol 6 - Never - 100 BPM F# Min.wav,/Users/mikemcgovern/Documents/SoundSauce/Melody_Loops/Cymatics Gems Vol 6 - Future RnB Melodies/Cymatics Gems Vol 6 - Never - 100 BPM F# Min.wav
0194__F#min_100_rnb__Mirage__loop-Cymatics_Gems_Vol_6_Never___seed123.wav,F#min,100,rnb,Mirage,123,cKz! Mirage F#min 100 bpm @crushed_keyz,Cymatics Gems Vol 6 - Never - 100 BPM F# Min.wav,/Users/mikemcgovern/Documents/SoundSauce/Melody_Loops/Cymatics Gems Vol 6 - Future RnB Melodies/Cymatics Gems Vol 6 - Never - 100 BPM F# Min.wav
0195__F#min_100_rnb__Mars__loop-Cymatics_Gems_Vol_6_Never___seed7.wav,F#min,100,rnb,Mars,7,cKz! Mars F#min 100 bpm @crushed_keyz,Cymatics Gems Vol 6 - Never - 100 BPM F# Min.wav,/Users/mikemcgovern/Documents/SoundSauce/Melody_Loops/Cymatics Gems Vol 6 - Future RnB Melodies/Cymatics Gems Vol 6 - Never - 100 BPM F# Min.wav
0196__F#min_100_rnb__Mars__loop-Cymatics_Gems_Vol_6_Never___seed123.wav,F#min,100,rnb,Mars,123,cKz! Mars F#min 100 bpm @crushed_keyz,Cymatics Gems Vol 6 - Never - 100 BPM F# Min.wav,/Users/mikemcgovern/Documents/SoundSauce/Melody_Loops/Cymatics Gems Vol 6 - Future RnB Melodies/Cymatics Gems Vol 6 - Never - 100 BPM F# Min.wav
0197__F#min_100_rnb__Velvet__loop-Cymatics_Gems_Vol_6_Never___seed7.wav,F#min,100,rnb,Velvet,7,cKz! Velvet F#min 100 bpm @crushed_keyz,Cymatics Gems Vol 6 - Never - 100 BPM F# Min.wav,/Users/mikemcgovern/Documents/SoundSauce/Melody_Loops/Cymatics Gems Vol 6 - Future RnB Melodies/Cymatics Gems Vol 6 - Never - 100 BPM F# Min.wav
0198__F#min_100_rnb__Velvet__loop-Cymatics_Gems_Vol_6_Never___seed123.wav,F#min,100,rnb,Velvet,123,cKz! Velvet F#min 100 bpm @crushed_keyz,Cymatics Gems Vol 6 - Never - 100 BPM F# Min.wav,/Users/mikemcgovern/Documents/SoundSauce/Melody_Loops/Cymatics Gems Vol 6 - Future RnB Melodies/Cymatics Gems Vol 6 - Never - 100 BPM F# Min.wav
0199__F#min_105_dark__StarLight__loop-Cymatics_Oracle_Dark_Melod__seed7.wav,F#min,105,dark,StarLight,7,cKz! StarLight F#min 105 bpm @crushed_keyz,Cymatics - Oracle Dark Melody Loop 2 - 105 BPM F# Min Bell.wav,/Users/mikemcgovern/Documents/SoundSauce/Melody_Loops/Cymatics Oracle/Stems/Cymatics - Oracle Dark Melody Loop 2 - 105 BPM F# Min Stems/Cymatics - Oracle Dark Melody Loop 2 - 105 BPM F# Min Bell.wav
0200__F#min_105_dark__StarLight__loop-Cymatics_Oracle_Dark_Melod__seed123.wav,F#min,105,dark,StarLight,123,cKz! StarLight F#min 105 bpm @crushed_keyz,Cymatics - Oracle Dark Melody Loop 2 - 105 BPM F# Min Bell.wav,/Users/mikemcgovern/Documents/SoundSauce/Melody_Loops/Cymatics Oracle/Stems/Cymatics - Oracle Dark Melody Loop 2 - 105 BPM F# Min Stems/Cymatics - Oracle Dark Melody Loop 2 - 105 BPM F# Min Bell.wav
0201__F#min_105_dark__LATE__loop-Cymatics_Oracle_Dark_Melod__seed7.wav,F#min,105,dark,LATE,7,cKz! LATE F#min 105 bpm @crushed_keyz,Cymatics - Oracle Dark Melody Loop 2 - 105 BPM F# Min Bell.wav,/Users/mikemcgovern/Documents/SoundSauce/Melody_Loops/Cymatics Oracle/Stems/Cymatics - Oracle Dark Melody Loop 2 - 105 BPM F# Min Stems/Cymatics - Oracle Dark Melody Loop 2 - 105 BPM F# Min Bell.wav
0202__F#min_105_dark__LATE__loop-Cymatics_Oracle_Dark_Melod__seed123.wav,F#min,105,dark,LATE,123,cKz! LATE F#min 105 bpm @crushed_keyz,Cymatics - Oracle Dark Melody Loop 2 - 105 BPM F# Min Bell.wav,/Users/mikemcgovern/Documents/SoundSauce/Melody_Loops/Cymatics Oracle/Stems/Cymatics - Oracle Dark Melody Loop 2 - 105 BPM F# Min Stems/Cymatics - Oracle Dark Melody Loop 2 - 105 BPM F# Min Bell.wav
0203__F#min_105_dark__BANDS__loop-Cymatics_Oracle_Dark_Melod__seed7.wav,F#min,105,dark,BANDS,7,cKz! BANDS F#min 105 bpm @crushed_keyz,Cymatics - Oracle Dark Melody Loop 2 - 105 BPM F# Min Bell.wav,/Users/mikemcgovern/Documents/SoundSauce/Melody_Loops/Cymatics Oracle/Stems/Cymatics - Oracle Dark Melody Loop 2 - 105 BPM F# Min Stems/Cymatics - Oracle Dark Melody Loop 2 - 105 BPM F# Min Bell.wav
0204__F#min_105_dark__BANDS__loop-Cymatics_Oracle_Dark_Melod__seed123.wav,F#min,105,dark,BANDS,123,cKz! BANDS F#min 105 bpm @crushed_keyz,Cymatics - Oracle Dark Melody Loop 2 - 105 BPM F# Min Bell.wav,/Users/mikemcgovern/Documents/SoundSauce/Melody_Loops/Cymatics Oracle/Stems/Cymatics - Oracle Dark Melody Loop 2 - 105 BPM F# Min Stems/Cymatics - Oracle Dark Melody Loop 2 - 105 BPM F# Min Bell.wav
0205__F#min_130_sad__Mars__loop-Cymatics_Oracle_Sad_Melody__seed7.wav,F#min,130,sad,Mars,7,cKz! Mars F#min 130 bpm @crushed_keyz,Cymatics - Oracle Sad Melody Loop 4 - 130 BPM F# Min.wav,/Users/mikemcgovern/Documents/SoundSauce/Melody_Loops/Cymatics Oracle/Melodies/Cymatics - Oracle Sad Melody Loop 4 - 130 BPM F# Min.wav
0206__F#min_130_sad__Mars__loop-Cymatics_Oracle_Sad_Melody__seed123.wav,F#min,130,sad,Mars,123,cKz! Mars F#min 130 bpm @crushed_keyz,Cymatics - Oracle Sad Melody Loop 4 - 130 BPM F# Min.wav,/Users/mikemcgovern/Documents/SoundSauce/Melody_Loops/Cymatics Oracle/Melodies/Cymatics - Oracle Sad Melody Loop 4 - 130 BPM F# Min.wav
0207__F#min_130_sad__Halo__loop-Cymatics_Oracle_Sad_Melody__seed7.wav,F#min,130,sad,Halo,7,cKz! Halo F#min 130 bpm @crushed_keyz,Cymatics - Oracle Sad Melody Loop 4 - 130 BPM F# Min.wav,/Users/mikemcgovern/Documents/SoundSauce/Melody_Loops/Cymatics Oracle/Melodies/Cymatics - Oracle Sad Melody Loop 4 - 130 BPM F# Min.wav
0208__F#min_130_sad__Halo__loop-Cymatics_Oracle_Sad_Melody__seed123.wav,F#min,130,sad,Halo,123,cKz! Halo F#min 130 bpm @crushed_keyz,Cymatics - Oracle Sad Melody Loop 4 - 130 BPM F# Min.wav,/Users/mikemcgovern/Documents/SoundSauce/Melody_Loops/Cymatics Oracle/Melodies/Cymatics - Oracle Sad Melody Loop 4 - 130 BPM F# Min.wav
0209__F#min_130_sad__Soulful__loop-Cymatics_Oracle_Sad_Melody__seed7.wav,F#min,130,sad,Soulful,7,cKz! Soulful F#min 130 bpm @crushed_keyz,Cymatics - Oracle Sad Melody Loop 4 - 130 BPM F# Min.wav,/Users/mikemcgovern/Documents/SoundSauce/Melody_Loops/Cymatics Oracle/Melodies/Cymatics - Oracle Sad Melody Loop 4 - 130 BPM F# Min.wav
0210__F#min_130_sad__Soulful__loop-Cymatics_Oracle_Sad_Melody__seed123.wav,F#min,130,sad,Soulful,123,cKz! Soulful F#min 130 bpm @crushed_keyz,Cymatics - Oracle Sad Melody Loop 4 - 130 BPM F# Min.wav,/Users/mikemcgovern/Documents/SoundSauce/Melody_Loops/Cymatics Oracle/Melodies/Cymatics - Oracle Sad Melody Loop 4 - 130 BPM F# Min.wav
0211__F#min_113_cobra__Halo__loop-Cymatics_Cobra_Flute_Loop___seed7.wav,F#min,113,cobra,Halo,7,cKz! Halo F#min 113 bpm @crushed_keyz,Cymatics - Cobra Flute Loop 2 Wet - 113 BPM F# Min.wav,/Users/mikemcgovern/Documents/SoundSauce/Melody_Loops/Cymatics Cobra - Melodics/Instrument Loops/Flutes/Processed/Cymatics - Cobra Flute Loop 2 Wet - 113 BPM F# Min.wav
0212__F#min_113_cobra__Halo__loop-Cymatics_Cobra_Flute_Loop___seed123.wav,F#min,113,cobra,Halo,123,cKz! Halo F#min 113 bpm @crushed_keyz,Cymatics - Cobra Flute Loop 2 Wet - 113 BPM F# Min.wav,/Users/mikemcgovern/Documents/SoundSauce/Melody_Loops/Cymatics Cobra - Melodics/Instrument Loops/Flutes/Processed/Cymatics - Cobra Flute Loop 2 Wet - 113 BPM F# Min.wav
0213__F#min_113_cobra__LowKey__loop-Cymatics_Cobra_Flute_Loop___seed7.wav,F#min,113,cobra,LowKey,7,cKz! LowKey F#min 113 bpm @crushed_keyz,Cymatics - Cobra Flute Loop 2 Wet - 113 BPM F# Min.wav,/Users/mikemcgovern/Documents/SoundSauce/Melody_Loops/Cymatics Cobra - Melodics/Instrument Loops/Flutes/Processed/Cymatics - Cobra Flute Loop 2 Wet - 113 BPM F# Min.wav
0214__F#min_113_cobra__LowKey__loop-Cymatics_Cobra_Flute_Loop___seed123.wav,F#min,113,cobra,LowKey,123,cKz! LowKey F#min 113 bpm @crushed_keyz,Cymatics - Cobra Flute Loop 2 Wet - 113 BPM F# Min.wav,/Users/mikemcgovern/Documents/SoundSauce/Melody_Loops/Cymatics Cobra - Melodics/Instrument Loops/Flutes/Processed/Cymatics - Cobra Flute Loop 2 Wet - 113 BPM F# Min.wav
0215__F#min_113_cobra__Coldhearted__loop-Cymatics_Cobra_Flute_Loop___seed7.wav,F#min,113,cobra,Coldhearted,7,cKz! Coldhearted F#min 113 bpm @crushed_keyz,Cymatics - Cobra Flute Loop 2 Wet - 113 BPM F# Min.wav,/Users/mikemcgovern/Documents/SoundSauce/Melody_Loops/Cymatics Cobra - Melodics/Instrument Loops/Flutes/Processed/Cymatics - Cobra Flute Loop 2 Wet - 113 BPM F# Min.wav
0216__F#min_113_cobra__Coldhearted__loop-Cymatics_Cobra_Flute_Loop___seed123.wav,F#min,113,cobra,Coldhearted,123,cKz! Coldhearted F#min 113 bpm @crushed_keyz,Cymatics - Cobra Flute Loop 2 Wet - 113 BPM F# Min.wav,/Users/mikemcgovern/Documents/SoundSauce/Melody_Loops/Cymatics Cobra - Melodics/Instrument Loops/Flutes/Processed/Cymatics - Cobra Flute Loop 2 Wet - 113 BPM F# Min.wav
0217__Fmin_160_various__Crystal__loop-Cymatics_Oracle_Various_Me__seed7.wav,Fmin,160,various,Crystal,7,cKz! Crystal Fmin 160 bpm @crushed_keyz,Cymatics - Oracle Various Melody Loop 19 - 160 BPM F Min.wav,/Users/mikemcgovern/Documents/SoundSauce/Melody_Loops/Cymatics Oracle/Melodies/Cymatics - Oracle Various Melody Loop 19 - 160 BPM F Min.wav
0218__Fmin_160_various__Crystal__loop-Cymatics_Oracle_Various_Me__seed123.wav,Fmin,160,various,Crystal,123,cKz! Crystal Fmin 160 bpm @crushed_keyz,Cymatics - Oracle Various Melody Loop 19 - 160 BPM F Min.wav,/Users/mikemcgovern/Documents/SoundSauce/Melody_Loops/Cymatics Oracle/Melodies/Cymatics - Oracle Various Melody Loop 19 - 160 BPM F Min.wav
0219__Fmin_160_various__Velvet__loop-Cymatics_Oracle_Various_Me__seed7.wav,Fmin,160,various,Velvet,7,cKz! Velvet Fmin 160 bpm @crushed_keyz,Cymatics - Oracle Various Melody Loop 19 - 160 BPM F Min.wav,/Users/mikemcgovern/Documents/SoundSauce/Melody_Loops/Cymatics Oracle/Melodies/Cymatics - Oracle Various Melody Loop 19 - 160 BPM F Min.wav
0220__Fmin_160_various__Velvet__loop-Cymatics_Oracle_Various_Me__seed123.wav,Fmin,160,various,Velvet,123,cKz! Velvet Fmin 160 bpm @crushed_keyz,Cymatics - Oracle Various Melody Loop 19 - 160 BPM F Min.wav,/Users/mikemcgovern/Documents/SoundSauce/Melody_Loops/Cymatics Oracle/Melodies/Cymatics - Oracle Various Melody Loop 19 - 160 BPM F Min.wav
0221__Fmin_160_various__Cry__loop-Cymatics_Oracle_Various_Me__seed7.wav,Fmin,160,various,Cry,7,cKz! Cry Fmin 160 bpm @crushed_keyz,Cymatics - Oracle Various Melody Loop 19 - 160 BPM F Min.wav,/Users/mikemcgovern/Documents/SoundSauce/Melody_Loops/Cymatics Oracle/Melodies/Cymatics - Oracle Various Melody Loop 19 - 160 BPM F Min.wav
0222__Fmin_160_various__Cry__loop-Cymatics_Oracle_Various_Me__seed123.wav,Fmin,160,various,Cry,123,cKz! Cry Fmin 160 bpm @crushed_keyz,Cymatics - Oracle Various Melody Loop 19 - 160 BPM F Min.wav,/Users/mikemcgovern/Documents/SoundSauce/Melody_Loops/Cymatics Oracle/Melodies/Cymatics - Oracle Various Melody Loop 19 - 160 BPM F Min.wav
0223__Fmin_130_dragon__TrapSoul__loop-Cymatics_Dragon_Nostalgic___seed7.wav,Fmin,130,dragon,TrapSoul,7,cKz! TrapSoul Fmin 130 bpm @crushed_keyz,Cymatics - Dragon Nostalgic Loop - Endless - 130 BPM F Min.wav,/Users/mikemcgovern/Documents/SoundSauce/Melody_Loops/Cymatics - Dragon Pt. 3/Nostalgic/Cymatics - Dragon Nostalgic Loop - Endless - 130 BPM F Min.wav
0224__Fmin_130_dragon__TrapSoul__loop-Cymatics_Dragon_Nostalgic___seed123.wav,Fmin,130,dragon,TrapSoul,123,cKz! TrapSoul Fmin 130 bpm @crushed_keyz,Cymatics - Dragon Nostalgic Loop - Endless - 130 BPM F Min.wav,/Users/mikemcgovern/Documents/SoundSauce/Melody_Loops/Cymatics - Dragon Pt. 3/Nostalgic/Cymatics - Dragon Nostalgic Loop - Endless - 130 BPM F Min.wav
0225__Fmin_130_dragon__CoSmoS__loop-Cymatics_Dragon_Nostalgic___seed7.wav,Fmin,130,dragon,CoSmoS,7,cKz! CoSmoS Fmin 130 bpm @crushed_keyz,Cymatics - Dragon Nostalgic Loop - Endless - 130 BPM F Min.wav,/Users/mikemcgovern/Documents/SoundSauce/Melody_Loops/Cymatics - Dragon Pt. 3/Nostalgic/Cymatics - Dragon Nostalgic Loop - Endless - 130 BPM F Min.wav
0226__Fmin_130_dragon__CoSmoS__loop-Cymatics_Dragon_Nostalgic___seed123.wav,Fmin,130,dragon,CoSmoS,123,cKz! CoSmoS Fmin 130 bpm @crushed_keyz,Cymatics - Dragon Nostalgic Loop - Endless - 130 BPM F Min.wav,/Users/mikemcgovern/Documents/SoundSauce/Melody_Loops/Cymatics - Dragon Pt. 3/Nostalgic/Cymatics - Dragon Nostalgic Loop - Endless - 130 BPM F Min.wav
0227__Fmin_130_dragon__JUNGLE__loop-Cymatics_Dragon_Nostalgic___seed7.wav,Fmin,130,dragon,JUNGLE,7,cKz! JUNGLE Fmin 130 bpm @crushed_keyz,Cymatics - Dragon Nostalgic Loop - Endless - 130 BPM F Min.wav,/Users/mikemcgovern/Documents/SoundSauce/Melody_Loops/Cymatics - Dragon Pt. 3/Nostalgic/Cymatics - Dragon Nostalgic Loop - Endless - 130 BPM F Min.wav
0228__Fmin_130_dragon__JUNGLE__loop-Cymatics_Dragon_Nostalgic___seed123.wav,Fmin,130,dragon,JUNGLE,123,cKz! JUNGLE Fmin 130 bpm @crushed_keyz,Cymatics - Dragon Nostalgic Loop - Endless - 130 BPM F Min.wav,/Users/mikemcgovern/Documents/SoundSauce/Melody_Loops/Cymatics - Dragon Pt. 3/Nostalgic/Cymatics - Dragon Nostalgic Loop - Endless - 130 BPM F Min.wav
0229__Fmin_70_r&b__Ember__loop-Cymatics_Dragon_Platinum_R__seed7.wav,Fmin,70,r&b,Ember,7,cKz! Ember Fmin 70 bpm @crushed_keyz,Cymatics - Dragon Platinum R&B Loop - Selfish - 70 BPM F Min.wav,/Users/mikemcgovern/Documents/SoundSauce/Melody_Loops/Cymatics_Dragon_Platinum_Expansion/Cymatics - Dragon Platinum R&B Loop - Selfish - 70 BPM F Min.wav
0230__Fmin_70_r&b__Ember__loop-Cymatics_Dragon_Platinum_R__seed123.wav,Fmin,70,r&b,Ember,123,cKz! Ember Fmin 70 bpm @crushed_keyz,Cymatics - Dragon Platinum R&B Loop - Selfish - 70 BPM F Min.wav,/Users/mikemcgovern/Documents/SoundSauce/Melody_Loops/Cymatics_Dragon_Platinum_Expansion/Cymatics - Dragon Platinum R&B Loop - Selfish - 70 BPM F Min.wav
0231__Fmin_70_r&b__Mirage__loop-Cymatics_Dragon_Platinum_R__seed7.wav,Fmin,70,r&b,Mirage,7,cKz! Mirage Fmin 70 bpm @crushed_keyz,Cymatics - Dragon Platinum R&B Loop - Selfish - 70 BPM F Min.wav,/Users/mikemcgovern/Documents/SoundSauce/Melody_Loops/Cymatics_Dragon_Platinum_Expansion/Cymatics - Dragon Platinum R&B Loop - Selfish - 70 BPM F Min.wav
0232__Fmin_70_r&b__Mirage__loop-Cymatics_Dragon_Platinum_R__seed123.wav,Fmin,70,r&b,Mirage,123,cKz! Mirage Fmin 70 bpm @crushed_keyz,Cymatics - Dragon Platinum R&B Loop - Selfish - 70 BPM F Min.wav,/Users/mikemcgovern/Documents/SoundSauce/Melody_Loops/Cymatics_Dragon_Platinum_Expansion/Cymatics - Dragon Platinum R&B Loop - Selfish - 70 BPM F Min.wav
0233__Fmin_70_r&b__Depths__loop-Cymatics_Dragon_Platinum_R__seed7.wav,Fmin,70,r&b,Depths,7,cKz! Depths Fmin 70 bpm @crushed_keyz,Cymatics - Dragon Platinum R&B Loop - Selfish - 70 BPM F Min.wav,/Users/mikemcgovern/Documents/SoundSauce/Melody_Loops/Cymatics_Dragon_Platinum_Expansion/Cymatics - Dragon Platinum R&B Loop - Selfish - 70 BPM F Min.wav
0234__Fmin_70_r&b__Depths__loop-Cymatics_Dragon_Platinum_R__seed123.wav,Fmin,70,r&b,Depths,123,cKz! Depths Fmin 70 bpm @crushed_keyz,Cymatics - Dragon Platinum R&B Loop - Selfish - 70 BPM F Min.wav,/Users/mikemcgovern/Documents/SoundSauce/Melody_Loops/Cymatics_Dragon_Platinum_Expansion/Cymatics - Dragon Platinum R&B Loop - Selfish - 70 BPM F Min.wav
0235__Fmin_137_dark__Soulful__loop-Cymatics_Oracle_Dark_Melod__seed7.wav,Fmin,137,dark,Soulful,7,cKz! Soulful Fmin 137 bpm @crushed_keyz,Cymatics - Oracle Dark Melody Loop 8 - 137 BPM F Min Clarinet.wav,/Users/mikemcgovern/Documents/SoundSauce/Melody_Loops/Cymatics Oracle/Stems/Cymatics - Oracle Dark Melody Loop 8 - 137 BPM F Min Stems/Cymatics - Oracle Dark Melody Loop 8 - 137 BPM F Min Clarinet.wav
0236__Fmin_137_dark__Soulful__loop-Cymatics_Oracle_Dark_Melod__seed123.wav,Fmin,137,dark,Soulful,123,cKz! Soulful Fmin 137 bpm @crushed_keyz,Cymatics - Oracle Dark Melody Loop 8 - 137 BPM F Min Clarinet.wav,/Users/mikemcgovern/Documents/SoundSauce/Melody_Loops/Cymatics Oracle/Stems/Cymatics - Oracle Dark Melody Loop 8 - 137 BPM F Min Stems/Cymatics - Oracle Dark Melody Loop 8 - 137 BPM F Min Clarinet.wav
0237__Fmin_137_dark__Rent_Free__loop-Cymatics_Oracle_Dark_Melod__seed7.wav,Fmin,137,dark,Rent_Free,7,cKz! Rent_Free Fmin 137 bpm @crushed_keyz,Cymatics - Oracle Dark Melody Loop 8 - 137 BPM F Min Clarinet.wav,/Users/mikemcgovern/Documents/SoundSauce/Melody_Loops/Cymatics Oracle/Stems/Cymatics - Oracle Dark Melody Loop 8 - 137 BPM F Min Stems/Cymatics - Oracle Dark Melody Loop 8 - 137 BPM F Min Clarinet.wav
0238__Fmin_137_dark__Rent_Free__loop-Cymatics_Oracle_Dark_Melod__seed123.wav,Fmin,137,dark,Rent_Free,123,cKz! Rent_Free Fmin 137 bpm @crushed_keyz,Cymatics - Oracle Dark Melody Loop 8 - 137 BPM F Min Clarinet.wav,/Users/mikemcgovern/Documents/SoundSauce/Melody_Loops/Cymatics Oracle/Stems/Cymatics - Oracle Dark Melody Loop 8 - 137 BPM F Min Stems/Cymatics - Oracle Dark Melody Loop 8 - 137 BPM F Min Clarinet.wav
0239__Fmin_137_dark__Panda__loop-Cymatics_Oracle_Dark_Melod__seed7.wav,Fmin,137,dark,Panda,7,cKz! Panda Fmin 137 bpm @crushed_keyz,Cymatics - Oracle Dark Melody Loop 8 - 137 BPM F Min Clarinet.wav,/Users/mikemcgovern/Documents/SoundSauce/Melody_Loops/Cymatics Oracle/Stems/Cymatics - Oracle Dark Melody Loop 8 - 137 BPM F Min Stems/Cymatics - Oracle Dark Melody Loop 8 - 137 BPM F Min Clarinet.wav
0240__Fmin_137_dark__Panda__loop-Cymatics_Oracle_Dark_Melod__seed123.wav,Fmin,137,dark,Panda,123,cKz! Panda Fmin 137 bpm @crushed_keyz,Cymatics - Oracle Dark Melody Loop 8 - 137 BPM F Min Clarinet.wav,/Users/mikemcgovern/Documents/SoundSauce/Melody_Loops/Cymatics Oracle/Stems/Cymatics - Oracle Dark Melody Loop 8 - 137 BPM F Min Stems/Cymatics - Oracle Dark Melody Loop 8 - 137 BPM F Min Clarinet.wav
0241__G#min_105_ethnic__Scenic__loop-Cymatics_Dragon_Ethnic_Loo__seed7.wav,G#min,105,ethnic,Scenic,7,cKz! Scenic G#min 105 bpm @crushed_keyz,Cymatics - Dragon Ethnic Loop - Runners - 105 BPM G# Min.wav,/Users/mikemcgovern/Documents/SoundSauce/Melody_Loops/Cymatics_Dragon_2/Ethnic/Cymatics - Dragon Ethnic Loop - Runners - 105 BPM G# Min.wav
0242__G#min_105_ethnic__Scenic__loop-Cymatics_Dragon_Ethnic_Loo__seed123.wav,G#min,105,ethnic,Scenic,123,cKz! Scenic G#min 105 bpm @crushed_keyz,Cymatics - Dragon Ethnic Loop - Runners - 105 BPM G# Min.wav,/Users/mikemcgovern/Documents/SoundSauce/Melody_Loops/Cymatics_Dragon_2/Ethnic/Cymatics - Dragon Ethnic Loop - Runners - 105 BPM G# Min.wav
0243__G#min_105_ethnic__Rent_Free__loop-Cymatics_Dragon_Ethnic_Loo__seed7.wav,G#min,105,ethnic,Rent_Free,7,cKz! Rent_Free G#min 105 bpm @crushed_keyz,Cymatics - Dragon Ethnic Loop - Runners - 105 BPM G# Min.wav,/Users/mikemcgovern/Documents/SoundSauce/Melody_Loops/Cymatics_Dragon_2/Ethnic/Cymatics - Dragon Ethnic Loop - Runners - 105 BPM G# Min.wav
0244__G#min_105_ethnic__Rent_Free__loop-Cymatics_Dragon_Ethnic_Loo__seed123.wav,G#min,105,ethnic,Rent_Free,123,cKz! Rent_Free G#min 105 bpm @crushed_keyz,Cymatics - Dragon Ethnic Loop - Runners - 105 BPM G# Min.wav,/Users/mikemcgovern/Documents/SoundSauce/Melody_Loops/Cymatics_Dragon_2/Ethnic/Cymatics - Dragon Ethnic Loop - Runners - 105 BPM G# Min.wav
0245__G#min_105_ethnic__Glassland__loop-Cymatics_Dragon_Ethnic_Loo__seed7.wav,G#min,105,ethnic,Glassland,7,cKz! Glassland G#min 105 bpm @crushed_keyz,Cymatics - Dragon Ethnic Loop - Runners - 105 BPM G# Min.wav,/Users/mikemcgovern/Documents/SoundSauce/Melody_Loops/Cymatics_Dragon_2/Ethnic/Cymatics - Dragon Ethnic Loop - Runners - 105 BPM G# Min.wav
0246__G#min_105_ethnic__Glassland__loop-Cymatics_Dragon_Ethnic_Loo__seed123.wav,G#min,105,ethnic,Glassland,123,cKz! Glassland G#min 105 bpm @crushed_keyz,Cymatics - Dragon Ethnic Loop - Runners - 105 BPM G# Min.wav,/Users/mikemcgovern/Documents/SoundSauce/Melody_Loops/Cymatics_Dragon_2/Ethnic/Cymatics - Dragon Ethnic Loop - Runners - 105 BPM G# Min.wav
0247__G#min_150_dragon__Coupe__loop-Cymatics_Dragon_Orchestral__seed7.wav,G#min,150,dragon,Coupe,7,cKz! Coupe G#min 150 bpm @crushed_keyz,Cymatics - Dragon Orchestral Loop - Crossover - 150 BPM G# Min.wav,/Users/mikemcgovern/Documents/SoundSauce/Melody_Loops/Cymatics - Dragon Pt. 3/Orchestral/Cymatics - Dragon Orchestral Loop - Crossover - 150 BPM G# Min.wav
0248__G#min_150_dragon__Coupe__loop-Cymatics_Dragon_Orchestral__seed123.wav,G#min,150,dragon,Coupe,123,cKz! Coupe G#min 150 bpm @crushed_keyz,Cymatics - Dragon Orchestral Loop - Crossover - 150 BPM G# Min.wav,/Users/mikemcgovern/Documents/SoundSauce/Melody_Loops/Cymatics - Dragon Pt. 3/Orchestral/Cymatics - Dragon Orchestral Loop - Crossover - 150 BPM G# Min.wav
0249__G#min_150_dragon__Mars__loop-Cymatics_Dragon_Orchestral__seed7.wav,G#min,150,dragon,Mars,7,cKz! Mars G#min 150 bpm @crushed_keyz,Cymatics - Dragon Orchestral Loop - Crossover - 150 BPM G# Min.wav,/Users/mikemcgovern/Documents/SoundSauce/Melody_Loops/Cymatics - Dragon Pt. 3/Orchestral/Cymatics - Dragon Orchestral Loop - Crossover - 150 BPM G# Min.wav
0250__G#min_150_dragon__Mars__loop-Cymatics_Dragon_Orchestral__seed123.wav,G#min,150,dragon,Mars,123,cKz! Mars G#min 150 bpm @crushed_keyz,Cymatics - Dragon Orchestral Loop - Crossover - 150 BPM G# Min.wav,/Users/mikemcgovern/Documents/SoundSauce/Melody_Loops/Cymatics - Dragon Pt. 3/Orchestral/Cymatics - Dragon Orchestral Loop - Crossover - 150 BPM G# Min.wav
0251__G#min_150_dragon__LATE__loop-Cymatics_Dragon_Orchestral__seed7.wav,G#min,150,dragon,LATE,7,cKz! LATE G#min 150 bpm @crushed_keyz,Cymatics - Dragon Orchestral Loop - Crossover - 150 BPM G# Min.wav,/Users/mikemcgovern/Documents/SoundSauce/Melody_Loops/Cymatics - Dragon Pt. 3/Orchestral/Cymatics - Dragon Orchestral Loop - Crossover - 150 BPM G# Min.wav
0252__G#min_150_dragon__LATE__loop-Cymatics_Dragon_Orchestral__seed123.wav,G#min,150,dragon,LATE,123,cKz! LATE G#min 150 bpm @crushed_keyz,Cymatics - Dragon Orchestral Loop - Crossover - 150 BPM G# Min.wav,/Users/mikemcgovern/Documents/SoundSauce/Melody_Loops/Cymatics - Dragon Pt. 3/Orchestral/Cymatics - Dragon Orchestral Loop - Crossover - 150 BPM G# Min.wav
0253__G#min_85_sad__ACTiVE__loop-Cymatics_Dragon_Sad_Loop_L__seed7.wav,G#min,85,sad,ACTiVE,7,cKz! ACTiVE G#min 85 bpm @crushed_keyz,Cymatics - Dragon Sad Loop - Love Sick - 85 BPM G# Min.wav,/Users/mikemcgovern/Documents/SoundSauce/Melody_Loops/Cymatics - Dragon Pt. 5/Sad/Cymatics - Dragon Sad Loop - Love Sick - 85 BPM G# Min.wav
0254__G#min_85_sad__ACTiVE__loop-Cymatics_Dragon_Sad_Loop_L__seed123.wav,G#min,85,sad,ACTiVE,123,cKz! ACTiVE G#min 85 bpm @crushed_keyz,Cymatics - Dragon Sad Loop - Love Sick - 85 BPM G# Min.wav,/Users/mikemcgovern/Documents/SoundSauce/Melody_Loops/Cymatics - Dragon Pt. 5/Sad/Cymatics - Dragon Sad Loop - Love Sick - 85 BPM G# Min.wav
0255__G#min_85_sad__Ember__loop-Cymatics_Dragon_Sad_Loop_L__seed7.wav,G#min,85,sad,Ember,7,cKz! Ember G#min 85 bpm @crushed_keyz,Cymatics - Dragon Sad Loop - Love Sick - 85 BPM G# Min.wav,/Users/mikemcgovern/Documents/SoundSauce/Melody_Loops/Cymatics - Dragon Pt. 5/Sad/Cymatics - Dragon Sad Loop - Love Sick - 85 BPM G# Min.wav
0256__G#min_85_sad__Ember__loop-Cymatics_Dragon_Sad_Loop_L__seed123.wav,G#min,85,sad,Ember,123,cKz! Ember G#min 85 bpm @crushed_keyz,Cymatics - Dragon Sad Loop - Love Sick - 85 BPM G# Min.wav,/Users/mikemcgovern/Documents/SoundSauce/Melody_Loops/Cymatics - Dragon Pt. 5/Sad/Cymatics - Dragon Sad Loop - Love Sick - 85 BPM G# Min.wav
0257__G#min_85_sad__BANDS__loop-Cymatics_Dragon_Sad_Loop_L__seed7.wav,G#min,85,sad,BANDS,7,cKz! BANDS G#min 85 bpm @crushed_keyz,Cymatics - Dragon Sad Loop - Love Sick - 85 BPM G# Min.wav,/Users/mikemcgovern/Documents/SoundSauce/Melody_Loops/Cymatics - Dragon Pt. 5/Sad/Cymatics - Dragon Sad Loop - Love Sick - 85 BPM G# Min.wav
0258__G#min_85_sad__BANDS__loop-Cymatics_Dragon_Sad_Loop_L__seed123.wav,G#min,85,sad,BANDS,123,cKz! BANDS G#min 85 bpm @crushed_keyz,Cymatics - Dragon Sad Loop - Love Sick - 85 BPM G# Min.wav,/Users/mikemcgovern/Documents/SoundSauce/Melody_Loops/Cymatics - Dragon Pt. 5/Sad/Cymatics - Dragon Sad Loop - Love Sick - 85 BPM G# Min.wav
0259__G#min_115_dark__JuPitER__loop-Cymatics_Gems_Dark_Loop_At__seed7.wav,G#min,115,dark,JuPitER,7,cKz! JuPitER G#min 115 bpm @crushed_keyz,Cymatics - Gems Dark Loop - Atrocity - 115 BPM G# Min.wav,/Users/mikemcgovern/Documents/SoundSauce/Melody_Loops/Cymatics_Gems_Ultimate_Edition_Vol_1_Pt_1/Dark/Cymatics - Gems Dark Loop - Atrocity - 115 BPM G# Min.wav
0260__G#min_115_dark__JuPitER__loop-Cymatics_Gems_Dark_Loop_At__seed123.wav,G#min,115,dark,JuPitER,123,cKz! JuPitER G#min 115 bpm @crushed_keyz,Cymatics - Gems Dark Loop - Atrocity - 115 BPM G# Min.wav,/Users/mikemcgovern/Documents/SoundSauce/Melody_Loops/Cymatics_Gems_Ultimate_Edition_Vol_1_Pt_1/Dark/Cymatics - Gems Dark Loop - Atrocity - 115 BPM G# Min.wav
0261__G#min_115_dark__POWER__loop-Cymatics_Gems_Dark_Loop_At__seed7.wav,G#min,115,dark,POWER,7,cKz! POWER G#min 115 bpm @crushed_keyz,Cymatics - Gems Dark Loop - Atrocity - 115 BPM G# Min.wav,/Users/mikemcgovern/Documents/SoundSauce/Melody_Loops/Cymatics_Gems_Ultimate_Edition_Vol_1_Pt_1/Dark/Cymatics - Gems Dark Loop - Atrocity - 115 BPM G# Min.wav
0262__G#min_115_dark__POWER__loop-Cymatics_Gems_Dark_Loop_At__seed123.wav,G#min,115,dark,POWER,123,cKz! POWER G#min 115 bpm @crushed_keyz,Cymatics - Gems Dark Loop - Atrocity - 115 BPM G# Min.wav,/Users/mikemcgovern/Documents/SoundSauce/Melody_Loops/Cymatics_Gems_Ultimate_Edition_Vol_1_Pt_1/Dark/Cymatics - Gems Dark Loop - Atrocity - 115 BPM G# Min.wav
0263__G#min_115_dark__Ember__loop-Cymatics_Gems_Dark_Loop_At__seed7.wav,G#min,115,dark,Ember,7,cKz! Ember G#min 115 bpm @crushed_keyz,Cymatics - Gems Dark Loop - Atrocity - 115 BPM G# Min.wav,/Users/mikemcgovern/Documents/SoundSauce/Melody_Loops/Cymatics_Gems_Ultimate_Edition_Vol_1_Pt_1/Dark/Cymatics - Gems Dark Loop - Atrocity - 115 BPM G# Min.wav
0264__G#min_115_dark__Ember__loop-Cymatics_Gems_Dark_Loop_At__seed123.wav,G#min,115,dark,Ember,123,cKz! Ember G#min 115 bpm @crushed_keyz,Cymatics - Gems Dark Loop - Atrocity - 115 BPM G# Min.wav,/Users/mikemcgovern/Documents/SoundSauce/Melody_Loops/Cymatics_Gems_Ultimate_Edition_Vol_1_Pt_1/Dark/Cymatics - Gems Dark Loop - Atrocity - 115 BPM G# Min.wav
0265__Gmin_136_dark__Veil__loop-Cymatics_Dragon_Dark_Loop___seed7.wav,Gmin,136,dark,Veil,7,cKz! Veil Gmin 136 bpm @crushed_keyz,Cymatics - Dragon Dark Loop - Power - 136 BPM G Min.wav,/Users/mikemcgovern/Documents/SoundSauce/Melody_Loops/Cymatics_Dragon_1/Dark/Cymatics - Dragon Dark Loop - Power - 136 BPM G Min.wav
0266__Gmin_136_dark__Veil__loop-Cymatics_Dragon_Dark_Loop___seed123.wav,Gmin,136,dark,Veil,123,cKz! Veil Gmin 136 bpm @crushed_keyz,Cymatics - Dragon Dark Loop - Power - 136 BPM G Min.wav,/Users/mikemcgovern/Documents/SoundSauce/Melody_Loops/Cymatics_Dragon_1/Dark/Cymatics - Dragon Dark Loop - Power - 136 BPM G Min.wav
0267__Gmin_136_dark__Soulful__loop-Cymatics_Dragon_Dark_Loop___seed7.wav,Gmin,136,dark,Soulful,7,cKz! Soulful Gmin 136 bpm @crushed_keyz,Cymatics - Dragon Dark Loop - Power - 136 BPM G Min.wav,/Users/mikemcgovern/Documents/SoundSauce/Melody_Loops/Cymatics_Dragon_1/Dark/Cymatics - Dragon Dark Loop - Power - 136 BPM G Min.wav
0268__Gmin_136_dark__Soulful__loop-Cymatics_Dragon_Dark_Loop___seed123.wav,Gmin,136,dark,Soulful,123,cKz! Soulful Gmin 136 bpm @crushed_keyz,Cymatics - Dragon Dark Loop - Power - 136 BPM G Min.wav,/Users/mikemcgovern/Documents/SoundSauce/Melody_Loops/Cymatics_Dragon_1/Dark/Cymatics - Dragon Dark Loop - Power - 136 BPM G Min.wav
0269__Gmin_136_dark__Depths__loop-Cymatics_Dragon_Dark_Loop___seed7.wav,Gmin,136,dark,Depths,7,cKz! Depths Gmin 136 bpm @crushed_keyz,Cymatics - Dragon Dark Loop - Power - 136 BPM G Min.wav,/Users/mikemcgovern/Documents/SoundSauce/Melody_Loops/Cymatics_Dragon_1/Dark/Cymatics - Dragon Dark Loop - Power - 136 BPM G Min.wav
0270__Gmin_136_dark__Depths__loop-Cymatics_Dragon_Dark_Loop___seed123.wav,Gmin,136,dark,Depths,123,cKz! Depths Gmin 136 bpm @crushed_keyz,Cymatics - Dragon Dark Loop - Power - 136 BPM G Min.wav,/Users/mikemcgovern/Documents/SoundSauce/Melody_Loops/Cymatics_Dragon_1/Dark/Cymatics - Dragon Dark Loop - Power - 136 BPM G Min.wav
0271__Gmin_130_r&b__Glassland__loop-Cymatics_Dragon_R_B_Loop_R__seed7.wav,Gmin,130,r&b,Glassland,7,cKz! Glassland Gmin 130 bpm @crushed_keyz,Cymatics - Dragon R&B Loop - Right Now - 130 BPM G Min.wav,/Users/mikemcgovern/Documents/SoundSauce/Melody_Loops/Cymatics - Dragon Pt. 4/R&B/Cymatics - Dragon R&B Loop - Right Now - 130 BPM G Min.wav
0272__Gmin_130_r&b__Glassland__loop-Cymatics_Dragon_R_B_Loop_R__seed123.wav,Gmin,130,r&b,Glassland,123,cKz! Glassland Gmin 130 bpm @crushed_keyz,Cymatics - Dragon R&B Loop - Right Now - 130 BPM G Min.wav,/Users/mikemcgovern/Documents/SoundSauce/Melody_Loops/Cymatics - Dragon Pt. 4/R&B/Cymatics - Dragon R&B Loop - Right Now - 130 BPM G Min.wav
0273__Gmin_130_r&b__ACTiVE__loop-Cymatics_Dragon_R_B_Loop_R__seed7.wav,Gmin,130,r&b,ACTiVE,7,cKz! ACTiVE Gmin 130 bpm @crushed_keyz,Cymatics - Dragon R&B Loop - Right Now - 130 BPM G Min.wav,/Users/mikemcgovern/Documents/SoundSauce/Melody_Loops/Cymatics - Dragon Pt. 4/R&B/Cymatics - Dragon R&B Loop - Right Now - 130 BPM G Min.wav
0274__Gmin_130_r&b__ACTiVE__loop-Cymatics_Dragon_R_B_Loop_R__seed123.wav,Gmin,130,r&b,ACTiVE,123,cKz! ACTiVE Gmin 130 bpm @crushed_keyz,Cymatics - Dragon R&B Loop - Right Now - 130 BPM G Min.wav,/Users/mikemcgovern/Documents/SoundSauce/Melody_Loops/Cymatics - Dragon Pt. 4/R&B/Cymatics - Dragon R&B Loop - Right Now - 130 BPM G Min.wav
0275__Gmin_130_r&b__Mars__loop-Cymatics_Dragon_R_B_Loop_R__seed7.wav,Gmin,130,r&b,Mars,7,cKz! Mars Gmin 130 bpm @crushed_keyz,Cymatics - Dragon R&B Loop - Right Now - 130 BPM G Min.wav,/Users/mikemcgovern/Documents/SoundSauce/Melody_Loops/Cymatics - Dragon Pt. 4/R&B/Cymatics - Dragon R&B Loop - Right Now - 130 BPM G Min.wav
0276__Gmin_130_r&b__Mars__loop-Cymatics_Dragon_R_B_Loop_R__seed123.wav,Gmin,130,r&b,Mars,123,cKz! Mars Gmin 130 bpm @crushed_keyz,Cymatics - Dragon R&B Loop - Right Now - 130 BPM G Min.wav,/Users/mikemcgovern/Documents/SoundSauce/Melody_Loops/Cymatics - Dragon Pt. 4/R&B/Cymatics - Dragon R&B Loop - Right Now - 130 BPM G Min.wav
0277__Gmin_102_rnb__Cry__loop-Cymatics_Gems_Vol_6_Fading__seed7.wav,Gmin,102,rnb,Cry,7,cKz! Cry Gmin 102 bpm @crushed_keyz,Cymatics Gems Vol 6 - Fading Away - 102 BPM G Min.wav,/Users/mikemcgovern/Documents/SoundSauce/Melody_Loops/Cymatics Gems Vol 6 - Future RnB Melodies/Cymatics Gems Vol 6 - Fading Away - 102 BPM G Min.wav
0278__Gmin_102_rnb__Cry__loop-Cymatics_Gems_Vol_6_Fading__seed123.wav,Gmin,102,rnb,Cry,123,cKz! Cry Gmin 102 bpm @crushed_keyz,Cymatics Gems Vol 6 - Fading Away - 102 BPM G Min.wav,/Users/mikemcgovern/Documents/SoundSauce/Melody_Loops/Cymatics Gems Vol 6 - Future RnB Melodies/Cymatics Gems Vol 6 - Fading Away - 102 BPM G Min.wav
0279__Gmin_102_rnb__Twilight__loop-Cymatics_Gems_Vol_6_Fading__seed7.wav,Gmin,102,rnb,Twilight,7,cKz! Twilight Gmin 102 bpm @crushed_keyz,Cymatics Gems Vol 6 - Fading Away - 102 BPM G Min.wav,/Users/mikemcgovern/Documents/SoundSauce/Melody_Loops/Cymatics Gems Vol 6 - Future RnB Melodies/Cymatics Gems Vol 6 - Fading Away - 102 BPM G Min.wav
0280__Gmin_102_rnb__Twilight__loop-Cymatics_Gems_Vol_6_Fading__seed123.wav,Gmin,102,rnb,Twilight,123,cKz! Twilight Gmin 102 bpm @crushed_keyz,Cymatics Gems Vol 6 - Fading Away - 102 BPM G Min.wav,/Users/mikemcgovern/Documents/SoundSauce/Melody_Loops/Cymatics Gems Vol 6 - Future RnB Melodies/Cymatics Gems Vol 6 - Fading Away - 102 BPM G Min.wav
0281__Gmin_102_rnb__Midnight__loop-Cymatics_Gems_Vol_6_Fading__seed7.wav,Gmin,102,rnb,Midnight,7,cKz! Midnight Gmin 102 bpm @crushed_keyz,Cymatics Gems Vol 6 - Fading Away - 102 BPM G Min.wav,/Users/mikemcgovern/Documents/SoundSauce/Melody_Loops/Cymatics Gems Vol 6 - Future RnB Melodies/Cymatics Gems Vol 6 - Fading Away - 102 BPM G Min.wav
0282__Gmin_102_rnb__Midnight__loop-Cymatics_Gems_Vol_6_Fading__seed123.wav,Gmin,102,rnb,Midnight,123,cKz! Midnight Gmin 102 bpm @crushed_keyz,Cymatics Gems Vol 6 - Fading Away - 102 BPM G Min.wav,/Users/mikemcgovern/Documents/SoundSauce/Melody_Loops/Cymatics Gems Vol 6 - Future RnB Melodies/Cymatics Gems Vol 6 - Fading Away - 102 BPM G Min.wav
0283__Gmin_126_ethnic__Echo__loop-Cymatics_Gems_Ethnic_Loop___seed7.wav,Gmin,126,ethnic,Echo,7,cKz! Echo Gmin 126 bpm @crushed_keyz,Cymatics - Gems Ethnic Loop - Astrology - 126 BPM G Min.wav,/Users/mikemcgovern/Documents/SoundSauce/Melody_Loops/Cymatics_Gems_Ultimate_Edition_Vol_1_Pt_1/Ethnic/Cymatics - Gems Ethnic Loop - Astrology - 126 BPM G Min.wav
0284__Gmin_126_ethnic__Echo__loop-Cymatics_Gems_Ethnic_Loop___seed123.wav,Gmin,126,ethnic,Echo,123,cKz! Echo Gmin 126 bpm @crushed_keyz,Cymatics - Gems Ethnic Loop - Astrology - 126 BPM G Min.wav,/Users/mikemcgovern/Documents/SoundSauce/Melody_Loops/Cymatics_Gems_Ultimate_Edition_Vol_1_Pt_1/Ethnic/Cymatics - Gems Ethnic Loop - Astrology - 126 BPM G Min.wav
0285__Gmin_126_ethnic__Cry__loop-Cymatics_Gems_Ethnic_Loop___seed7.wav,Gmin,126,ethnic,Cry,7,cKz! Cry Gmin 126 bpm @crushed_keyz,Cymatics - Gems Ethnic Loop - Astrology - 126 BPM G Min.wav,/Users/mikemcgovern/Documents/SoundSauce/Melody_Loops/Cymatics_Gems_Ultimate_Edition_Vol_1_Pt_1/Ethnic/Cymatics - Gems Ethnic Loop - Astrology - 126 BPM G Min.wav
0286__Gmin_126_ethnic__Cry__loop-Cymatics_Gems_Ethnic_Loop___seed123.wav,Gmin,126,ethnic,Cry,123,cKz! Cry Gmin 126 bpm @crushed_keyz,Cymatics - Gems Ethnic Loop - Astrology - 126 BPM G Min.wav,/Users/mikemcgovern/Documents/SoundSauce/Melody_Loops/Cymatics_Gems_Ultimate_Edition_Vol_1_Pt_1/Ethnic/Cymatics - Gems Ethnic Loop - Astrology - 126 BPM G Min.wav
0287__Gmin_126_ethnic__Rent_Free__loop-Cymatics_Gems_Ethnic_Loop___seed7.wav,Gmin,126,ethnic,Rent_Free,7,cKz! Rent_Free Gmin 126 bpm @crushed_keyz,Cymatics - Gems Ethnic Loop - Astrology - 126 BPM G Min.wav,/Users/mikemcgovern/Documents/SoundSauce/Melody_Loops/Cymatics_Gems_Ultimate_Edition_Vol_1_Pt_1/Ethnic/Cymatics - Gems Ethnic Loop - Astrology - 126 BPM G Min.wav
0288__Gmin_126_ethnic__Rent_Free__loop-Cymatics_Gems_Ethnic_Loop___seed123.wav,Gmin,126,ethnic,Rent_Free,123,cKz! Rent_Free Gmin 126 bpm @crushed_keyz,Cymatics - Gems Ethnic Loop - Astrology - 126 BPM G Min.wav,/Users/mikemcgovern/Documents/SoundSauce/Melody_Loops/Cymatics_Gems_Ultimate_Edition_Vol_1_Pt_1/Ethnic/Cymatics - Gems Ethnic Loop - Astrology - 126 BPM G Min.wav
