file,key,bpm,mood,title,seed,prompt,init_loop,init_path
0001__A#min_144_ethnic__Ember__loop-Cymatics_Dragon_Platinum_E__seed7.wav,A#min,144,ethnic,Ember,7,cKz! Ember A#min 144 bpm @crushed_keyz,Cymatics - Dragon Platinum Ethnic Loop - The Future - 144 BPM A# Min.wav,/Users/mikemcgovern/Documents/SoundSauce/Melody_Loops/Cymatics_Dragon_Platinum_Expansion/Cymatics - Dragon Platinum Ethnic Loop - The Future - 144 BPM A# Min.wav
0002__A#min_144_ethnic__Ember__loop-Cymatics_Dragon_Platinum_E__seed123.wav,A#min,144,ethnic,Ember,123,cKz! Ember A#min 144 bpm @crushed_keyz,Cymatics - Dragon Platinum Ethnic Loop - The Future - 144 BPM A# Min.wav,/Users/mikemcgovern/Documents/SoundSauce/Melody_Loops/Cymatics_Dragon_Platinum_Expansion/Cymatics - Dragon Platinum Ethnic Loop - The Future - 144 BPM A# Min.wav
0003__A#min_144_ethnic__Ember__loop-Cymatics_Dragon_Platinum_E__seed777.wav,A#min,144,ethnic,Ember,777,cKz! Ember A#min 144 bpm @crushed_keyz,Cymatics - Dragon Platinum Ethnic Loop - The Future - 144 BPM A# Min.wav,/Users/mikemcgovern/Documents/SoundSauce/Melody_Loops/Cymatics_Dragon_Platinum_Expansion/Cymatics - Dragon Platinum Ethnic Loop - The Future - 144 BPM A# Min.wav
0004__A#min_144_ethnic__ICE__loop-Cymatics_Dragon_Platinum_E__seed7.wav,A#min,144,ethnic,ICE,7,cKz! ICE A#min 144 bpm @crushed_keyz,Cymatics - Dragon Platinum Ethnic Loop - The Future - 144 BPM A# Min.wav,/Users/mikemcgovern/Documents/SoundSauce/Melody_Loops/Cymatics_Dragon_Platinum_Expansion/Cymatics - Dragon Platinum Ethnic Loop - The Future - 144 BPM A# Min.wav
0005__A#min_144_ethnic__ICE__loop-Cymatics_Dragon_Platinum_E__seed123.wav,A#min,144,ethnic,ICE,123,cKz! ICE A#min 144 bpm @crushed_keyz,Cymatics - Dragon Platinum Ethnic Loop - The Future - 144 BPM A# Min.wav,/Users/mikemcgovern/Documents/SoundSauce/Melody_Loops/Cymatics_Dragon_Platinum_Expansion/Cymatics - Dragon Platinum Ethnic Loop - The Future - 144 BPM A# Min.wav
0006__A#min_144_ethnic__ICE__loop-Cymatics_Dragon_Platinum_E__seed777.wav,A#min,144,ethnic,ICE,777,cKz! ICE A#min 144 bpm @crushed_keyz,Cymatics - Dragon Platinum Ethnic Loop - The Future - 144 BPM A# Min.wav,/Users/mikemcgovern/Documents/SoundSauce/Melody_Loops/Cymatics_Dragon_Platinum_Expansion/Cymatics - Dragon Platinum Ethnic Loop - The Future - 144 BPM A# Min.wav
0007__A#min_144_ethnic__JuPitER__loop-Cymatics_Dragon_Platinum_E__seed7.wav,A#min,144,ethnic,JuPitER,7,cKz! JuPitER A#min 144 bpm @crushed_keyz,Cymatics - Dragon Platinum Ethnic Loop - The Future - 144 BPM A# Min.wav,/Users/mikemcgovern/Documents/SoundSauce/Melody_Loops/Cymatics_Dragon_Platinum_Expansion/Cymatics - Dragon Platinum Ethnic Loop - The Future - 144 BPM A# Min.wav
0008__A#min_144_ethnic__JuPitER__loop-Cymatics_Dragon_Platinum_E__seed123.wav,A#min,144,ethnic,JuPitER,123,cKz! JuPitER A#min 144 bpm @crushed_keyz,Cymatics - Dragon Platinum Ethnic Loop - The Future - 144 BPM A# Min.wav,/Users/mikemcgovern/Documents/SoundSauce/Melody_Loops/Cymatics_Dragon_Platinum_Expansion/Cymatics - Dragon Platinum Ethnic Loop - The Future - 144 BPM A# Min.wav
0009__A#min_144_ethnic__JuPitER__loop-Cymatics_Dragon_Platinum_E__seed777.wav,A#min,144,ethnic,JuPitER,777,cKz! JuPitER A#min 144 bpm @crushed_keyz,Cymatics - Dragon Platinum Ethnic Loop - The Future - 144 BPM A# Min.wav,/Users/mikemcgovern/Documents/SoundSauce/Melody_Loops/Cymatics_Dragon_Platinum_Expansion/Cymatics - Dragon Platinum Ethnic Loop - The Future - 144 BPM A# Min.wav
0010__A#min_144_ethnic__StarLight__loop-Cymatics_Dragon_Platinum_E__seed7.wav,A#min,144,ethnic,StarLight,7,cKz! StarLight A#min 144 bpm @crushed_keyz,Cymatics - Dragon Platinum Ethnic Loop - The Future - 144 BPM A# Min.wav,/Users/mikemcgovern/Documents/SoundSauce/Melody_Loops/Cymatics_Dragon_Platinum_Expansion/Cymatics - Dragon Platinum Ethnic Loop - The Future - 144 BPM A# Min.wav
0011__A#min_144_ethnic__StarLight__loop-Cymatics_Dragon_Platinum_E__seed123.wav,A#min,144,ethnic,StarLight,123,cKz! StarLight A#min 144 bpm @crushed_keyz,Cymatics - Dragon Platinum Ethnic Loop - The Future - 144 BPM A# Min.wav,/Users/mikemcgovern/Documents/SoundSauce/Melody_Loops/Cymatics_Dragon_Platinum_Expansion/Cymatics - Dragon Platinum Ethnic Loop - The Future - 144 BPM A# Min.wav
0012__A#min_144_ethnic__StarLight__loop-Cymatics_Dragon_Platinum_E__seed777.wav,A#min,144,ethnic,StarLight,777,cKz! StarLight A#min 144 bpm @crushed_keyz,Cymatics - Dragon Platinum Ethnic Loop - The Future - 144 BPM A# Min.wav,/Users/mikemcgovern/Documents/SoundSauce/Melody_Loops/Cymatics_Dragon_Platinum_Expansion/Cymatics - Dragon Platinum Ethnic Loop - The Future - 144 BPM A# Min.wav
0013__A#min_152_dragon__Crystal__loop-Cymatics_Dragon_Nostalgic___seed7.wav,A#min,152,dragon,Crystal,7,cKz! Crystal A#min 152 bpm @crushed_keyz,Cymatics - Dragon Nostalgic Loop - Twilight - 152 BPM A# Min.wav,/Users/mikemcgovern/Documents/SoundSauce/Melody_Loops/Cymatics - Dragon Pt. 3/Nostalgic/Cymatics - Dragon Nostalgic Loop - Twilight - 152 BPM A# Min.wav
0014__A#min_152_dragon__Crystal__loop-Cymatics_Dragon_Nostalgic___seed123.wav,A#min,152,dragon,Crystal,123,cKz! Crystal A#min 152 bpm @crushed_keyz,Cymatics - Dragon Nostalgic Loop - Twilight - 152 BPM A# Min.wav,/Users/mikemcgovern/Documents/SoundSauce/Melody_Loops/Cymatics - Dragon Pt. 3/Nostalgic/Cymatics - Dragon Nostalgic Loop - Twilight - 152 BPM A# Min.wav
0015__A#min_152_dragon__Crystal__loop-Cymatics_Dragon_Nostalgic___seed777.wav,A#min,152,dragon,Crystal,777,cKz! Crystal A#min 152 bpm @crushed_keyz,Cymatics - Dragon Nostalgic Loop - Twilight - 152 BPM A# Min.wav,/Users/mikemcgovern/Documents/SoundSauce/Melody_Loops/Cymatics - Dragon Pt. 3/Nostalgic/Cymatics - Dragon Nostalgic Loop - Twilight - 152 BPM A# Min.wav
0016__A#min_152_dragon__Velvet__loop-Cymatics_Dragon_Nostalgic___seed7.wav,A#min,152,dragon,Velvet,7,cKz! Velvet A#min 152 bpm @crushed_keyz,Cymatics - Dragon Nostalgic Loop - Twilight - 152 BPM A# Min.wav,/Users/mikemcgovern/Documents/SoundSauce/Melody_Loops/Cymatics - Dragon Pt. 3/Nostalgic/Cymatics - Dragon Nostalgic Loop - Twilight - 152 BPM A# Min.wav
0017__A#min_152_dragon__Velvet__loop-Cymatics_Dragon_Nostalgic___seed123.wav,A#min,152,dragon,Velvet,123,cKz! Velvet A#min 152 bpm @crushed_keyz,Cymatics - Dragon Nostalgic Loop - Twilight - 152 BPM A# Min.wav,/Users/mikemcgovern/Documents/SoundSauce/Melody_Loops/Cymatics - Dragon Pt. 3/Nostalgic/Cymatics - Dragon Nostalgic Loop - Twilight - 152 BPM A# Min.wav
0018__A#min_152_dragon__Velvet__loop-Cymatics_Dragon_Nostalgic___seed777.wav,A#min,152,dragon,Velvet,777,cKz! Velvet A#min 152 bpm @crushed_keyz,Cymatics - Dragon Nostalgic Loop - Twilight - 152 BPM A# Min.wav,/Users/mikemcgovern/Documents/SoundSauce/Melody_Loops/Cymatics - Dragon Pt. 3/Nostalgic/Cymatics - Dragon Nostalgic Loop - Twilight - 152 BPM A# Min.wav
0019__A#min_152_dragon__Midnight__loop-Cymatics_Dragon_Nostalgic___seed7.wav,A#min,152,dragon,Midnight,7,cKz! Midnight A#min 152 bpm @crushed_keyz,Cymatics - Dragon Nostalgic Loop - Twilight - 152 BPM A# Min.wav,/Users/mikemcgovern/Documents/SoundSauce/Melody_Loops/Cymatics - Dragon Pt. 3/Nostalgic/Cymatics - Dragon Nostalgic Loop - Twilight - 152 BPM A# Min.wav
0020__A#min_152_dragon__Midnight__loop-Cymatics_Dragon_Nostalgic___seed123.wav,A#min,152,dragon,Midnight,123,cKz! Midnight A#min 152 bpm @crushed_keyz,Cymatics - Dragon Nostalgic Loop - Twilight - 152 BPM A# Min.wav,/Users/mikemcgovern/Documents/SoundSauce/Melody_Loops/Cymatics - Dragon Pt. 3/Nostalgic/Cymatics - Dragon Nostalgic Loop - Twilight - 152 BPM A# Min.wav
0021__A#min_152_dragon__Midnight__loop-Cymatics_Dragon_Nostalgic___seed777.wav,A#min,152,dragon,Midnight,777,cKz! Midnight A#min 152 bpm @crushed_keyz,Cymatics - Dragon Nostalgic Loop - Twilight - 152 BPM A# Min.wav,/Users/mikemcgovern/Documents/SoundSauce/Melody_Loops/Cymatics - Dragon Pt. 3/Nostalgic/Cymatics - Dragon Nostalgic Loop - Twilight - 152 BPM A# Min.wav
0022__A#min_152_dragon__BANDS__loop-Cymatics_Dragon_Nostalgic___seed7.wav,A#min,152,dragon,BANDS,7,cKz! BANDS A#min 152 bpm @crushed_keyz,Cymatics - Dragon Nostalgic Loop - Twilight - 152 BPM A# Min.wav,/Users/mikemcgovern/Documents/SoundSauce/Melody_Loops/Cymatics - Dragon Pt. 3/Nostalgic/Cymatics - Dragon Nostalgic Loop - Twilight - 152 BPM A# Min.wav
0023__A#min_152_dragon__BANDS__loop-Cymatics_Dragon_Nostalgic___seed123.wav,A#min,152,dragon,BANDS,123,cKz! BANDS A#min 152 bpm @crushed_keyz,Cymatics - Dragon Nostalgic Loop - Twilight - 152 BPM A# Min.wav,/Users/mikemcgovern/Documents/SoundSauce/Melody_Loops/Cymatics - Dragon Pt. 3/Nostalgic/Cymatics - Dragon Nostalgic Loop - Twilight - 152 BPM A# Min.wav
0024__A#min_152_dragon__BANDS__loop-Cymatics_Dragon_Nostalgic___seed777.wav,A#min,152,dragon,BANDS,777,cKz! BANDS A#min 152 bpm @crushed_keyz,Cymatics - Dragon Nostalgic Loop - Twilight - 152 BPM A# Min.wav,/Users/mikemcgovern/Documents/SoundSauce/Melody_Loops/Cymatics - Dragon Pt. 3/Nostalgic/Cymatics - Dragon Nostalgic Loop - Twilight - 152 BPM A# Min.wav
0025__A#min_97_oracle__CoSmoS__loop-Cymatics_Oracle_West_Coast__seed7.wav,A#min,97,oracle,CoSmoS,7,cKz! CoSmoS A#min 97 bpm @crushed_keyz,Cymatics - Oracle West Coast Melody Loop 2 - 97 BPM A# Min Piano Arp.wav,/Users/mikemcgovern/Documents/SoundSauce/Melody_Loops/Cymatics Oracle/Stems/Cymatics - Oracle West Coast Melody Loop 2 - 97 BPM A# Min Stems/Cymatics - Oracle West Coast Melody Loop 2 - 97 BPM A# Min Piano Arp.wav
0026__A#min_97_oracle__CoSmoS__loop-Cymatics_Oracle_West_Coast__seed123.wav,A#min,97,oracle,CoSmoS,123,cKz! CoSmoS A#min 97 bpm @crushed_keyz,Cymatics - Oracle West Coast Melody Loop 2 - 97 BPM A# Min Piano Arp.wav,/Users/mikemcgovern/Documents/SoundSauce/Melody_Loops/Cymatics Oracle/Stems/Cymatics - Oracle West Coast Melody Loop 2 - 97 BPM A# Min Stems/Cymatics - Oracle West Coast Melody Loop 2 - 97 BPM A# Min Piano Arp.wav
0027__A#min_97_oracle__CoSmoS__loop-Cymatics_Oracle_West_Coast__seed777.wav,A#min,97,oracle,CoSmoS,777,cKz! CoSmoS A#min 97 bpm @crushed_keyz,Cymatics - Oracle West Coast Melody Loop 2 - 97 BPM A# Min Piano Arp.wav,/Users/mikemcgovern/Documents/SoundSauce/Melody_Loops/Cymatics Oracle/Stems/Cymatics - Oracle West Coast Melody Loop 2 - 97 BPM A# Min Stems/Cymatics - Oracle West Coast Melody Loop 2 - 97 BPM A# Min Piano Arp.wav
0028__A#min_97_oracle__Halo__loop-Cymatics_Oracle_West_Coast__seed7.wav,A#min,97,oracle,Halo,7,cKz! Halo A#min 97 bpm @crushed_keyz,Cymatics - Oracle West Coast Melody Loop 2 - 97 BPM A# Min Piano Arp.wav,/Users/mikemcgovern/Documents/SoundSauce/Melody_Loops/Cymatics Oracle/Stems/Cymatics - Oracle West Coast Melody Loop 2 - 97 BPM A# Min Stems/Cymatics - Oracle West Coast Melody Loop 2 - 97 BPM A# Min Piano Arp.wav
0029__A#min_97_oracle__Halo__loop-Cymatics_Oracle_West_Coast__seed123.wav,A#min,97,oracle,Halo,123,cKz! Halo A#min 97 bpm @crushed_keyz,Cymatics - Oracle West Coast Melody Loop 2 - 97 BPM A# Min Piano Arp.wav,/Users/mikemcgovern/Documents/SoundSauce/Melody_Loops/Cymatics Oracle/Stems/Cymatics - Oracle West Coast Melody Loop 2 - 97 BPM A# Min Stems/Cymatics - Oracle West Coast Melody Loop 2 - 97 BPM A# Min Piano Arp.wav
0030__A#min_97_oracle__Halo__loop-Cymatics_Oracle_West_Coast__seed777.wav,A#min,97,oracle,Halo,777,cKz! Halo A#min 97 bpm @crushed_keyz,Cymatics - Oracle West Coast Melody Loop 2 - 97 BPM A# Min Piano Arp.wav,/Users/mikemcgovern/Documents/SoundSauce/Melody_Loops/Cymatics Oracle/Stems/Cymatics - Oracle West Coast Melody Loop 2 - 97 BPM A# Min Stems/Cymatics - Oracle West Coast Melody Loop 2 - 97 BPM A# Min Piano Arp.wav
0031__A#min_97_oracle__Soulful__loop-Cymatics_Oracle_West_Coast__seed7.wav,A#min,97,oracle,Soulful,7,cKz! Soulful A#min 97 bpm @crushed_keyz,Cymatics - Oracle West Coast Melody Loop 2 - 97 BPM A# Min Piano Arp.wav,/Users/mikemcgovern/Documents/SoundSauce/Melody_Loops/Cymatics Oracle/Stems/Cymatics - Oracle West Coast Melody Loop 2 - 97 BPM A# Min Stems/Cymatics - Oracle West Coast Melody Loop 2 - 97 BPM A# Min Piano Arp.wav
0032__A#min_97_oracle__Soulful__loop-Cymatics_Oracle_West_Coast__seed123.wav,A#min,97,oracle,Soulful,123,cKz! Soulful A#min 97 bpm @crushed_keyz,Cymatics - Oracle West Coast Melody Loop 2 - 97 BPM A# Min Piano Arp.wav,/Users/mikemcgovern/Documents/SoundSauce/Melody_Loops/Cymatics Oracle/Stems/Cymatics - Oracle West Coast Melody Loop 2 - 97 BPM A# Min Stems/Cymatics - Oracle West Coast Melody Loop 2 - 97 BPM A# Min Piano Arp.wav
0033__A#min_97_oracle__Soulful__loop-Cymatics_Oracle_West_Coast__seed777.wav,A#min,97,oracle,Soulful,777,cKz! Soulful A#min 97 bpm @crushed_keyz,Cymatics - Oracle West Coast Melody Loop 2 - 97 BPM A# Min Piano Arp.wav,/Users/mikemcgovern/Documents/SoundSauce/Melody_Loops/Cymatics Oracle/Stems/Cymatics - Oracle West Coast Melody Loop 2 - 97 BPM A# Min Stems/Cymatics - Oracle West Coast Melody Loop 2 - 97 BPM A# Min Piano Arp.wav
0034__A#min_97_oracle__AzUL__loop-Cymatics_Oracle_West_Coast__seed7.wav,A#min,97,oracle,AzUL,7,cKz! AzUL A#min 97 bpm @crushed_keyz,Cymatics - Oracle West Coast Melody Loop 2 - 97 BPM A# Min Piano Arp.wav,/Users/mikemcgovern/Documents/SoundSauce/Melody_Loops/Cymatics Oracle/Stems/Cymatics - Oracle West Coast Melody Loop 2 - 97 BPM A# Min Stems/Cymatics - Oracle West Coast Melody Loop 2 - 97 BPM A# Min Piano Arp.wav
0035__A#min_97_oracle__AzUL__loop-Cymatics_Oracle_West_Coast__seed123.wav,A#min,97,oracle,AzUL,123,cKz! AzUL A#min 97 bpm @crushed_keyz,Cymatics - Oracle West Coast Melody Loop 2 - 97 BPM A# Min Piano Arp.wav,/Users/mikemcgovern/Documents/SoundSauce/Melody_Loops/Cymatics Oracle/Stems/Cymatics - Oracle West Coast Melody Loop 2 - 97 BPM A# Min Stems/Cymatics - Oracle West Coast Melody Loop 2 - 97 BPM A# Min Piano Arp.wav
0036__A#min_97_oracle__AzUL__loop-Cymatics_Oracle_West_Coast__seed777.wav,A#min,97,oracle,AzUL,777,cKz! AzUL A#min 97 bpm @crushed_keyz,Cymatics - Oracle West Coast Melody Loop 2 - 97 BPM A# Min Piano Arp.wav,/Users/mikemcgovern/Documents/SoundSauce/Melody_Loops/Cymatics Oracle/Stems/Cymatics - Oracle West Coast Melody Loop 2 - 97 BPM A# Min Stems/Cymatics - Oracle West Coast Melody Loop 2 - 97 BPM A# Min Piano Arp.wav
0037__A#min_150_various__ICE__loop-Cymatics_Dragon_Various_Lo__seed7.wav,A#min,150,various,ICE,7,cKz! ICE A#min 150 bpm @crushed_keyz,Cymatics - Dragon Various Loop - Do The Most - 150 BPM A# Min.wav,/Users/mikemcgovern/Documents/SoundSauce/Melody_Loops/Cymatics - Dragon Pt. 5/Various/Cymatics - Dragon Various Loop - Do The Most - 150 BPM A# Min.wav
0038__A#min_150_various__ICE__loop-Cymatics_Dragon_Various_Lo__seed123.wav,A#min,150,various,ICE,123,cKz! ICE A#min 150 bpm @crushed_keyz,Cymatics - Dragon Various Loop - Do The Most - 150 BPM A# Min.wav,/Users/mikemcgovern/Documents/SoundSauce/Melody_Loops/Cymatics - Dragon Pt. 5/Various/Cymatics - Dragon Various Loop - Do The Most - 150 BPM A# Min.wav
0039__A#min_150_various__ICE__loop-Cymatics_Dragon_Various_Lo__seed777.wav,A#min,150,various,ICE,777,cKz! ICE A#min 150 bpm @crushed_keyz,Cymatics - Dragon Various Loop - Do The Most - 150 BPM A# Min.wav,/Users/mikemcgovern/Documents/SoundSauce/Melody_Loops/Cymatics - Dragon Pt. 5/Various/Cymatics - Dragon Various Loop - Do The Most - 150 BPM A# Min.wav
0040__A#min_150_various__CoSmoS__loop-Cymatics_Dragon_Various_Lo__seed7.wav,A#min,150,various,CoSmoS,7,cKz! CoSmoS A#min 150 bpm @crushed_keyz,Cymatics - Dragon Various Loop - Do The Most - 150 BPM A# Min.wav,/Users/mikemcgovern/Documents/SoundSauce/Melody_Loops/Cymatics - Dragon Pt. 5/Various/Cymatics - Dragon Various Loop - Do The Most - 150 BPM A# Min.wav
0041__A#min_150_various__CoSmoS__loop-Cymatics_Dragon_Various_Lo__seed123.wav,A#min,150,various,CoSmoS,123,cKz! CoSmoS A#min 150 bpm @crushed_keyz,Cymatics - Dragon Various Loop - Do The Most - 150 BPM A# Min.wav,/Users/mikemcgovern/Documents/SoundSauce/Melody_Loops/Cymatics - Dragon Pt. 5/Various/Cymatics - Dragon Various Loop - Do The Most - 150 BPM A# Min.wav
0042__A#min_150_various__CoSmoS__loop-Cymatics_Dragon_Various_Lo__seed777.wav,A#min,150,various,CoSmoS,777,cKz! CoSmoS A#min 150 bpm @crushed_keyz,Cymatics - Dragon Various Loop - Do The Most - 150 BPM A# Min.wav,/Users/mikemcgovern/Documents/SoundSauce/Melody_Loops/Cymatics - Dragon Pt. 5/Various/Cymatics - Dragon Various Loop - Do The Most - 150 BPM A# Min.wav
0043__A#min_150_various__Halo__loop-Cymatics_Dragon_Various_Lo__seed7.wav,A#min,150,various,Halo,7,cKz! Halo A#min 150 bpm @crushed_keyz,Cymatics - Dragon Various Loop - Do The Most - 150 BPM A# Min.wav,/Users/mikemcgovern/Documents/SoundSauce/Melody_Loops/Cymatics - Dragon Pt. 5/Various/Cymatics - Dragon Various Loop - Do The Most - 150 BPM A# Min.wav
0044__A#min_150_various__Halo__loop-Cymatics_Dragon_Various_Lo__seed123.wav,A#min,150,various,Halo,123,cKz! Halo A#min 150 bpm @crushed_keyz,Cymatics - Dragon Various Loop - Do The Most - 150 BPM A# Min.wav,/Users/mikemcgovern/Documents/SoundSauce/Melody_Loops/Cymatics - Dragon Pt. 5/Various/Cymatics - Dragon Various Loop - Do The Most - 150 BPM A# Min.wav
0045__A#min_150_various__Halo__loop-Cymatics_Dragon_Various_Lo__seed777.wav,A#min,150,various,Halo,777,cKz! Halo A#min 150 bpm @crushed_keyz,Cymatics - Dragon Various Loop - Do The Most - 150 BPM A# Min.wav,/Users/mikemcgovern/Documents/SoundSauce/Melody_Loops/Cymatics - Dragon Pt. 5/Various/Cymatics - Dragon Various Loop - Do The Most - 150 BPM A# Min.wav
0046__A#min_150_various__Crystal__loop-Cymatics_Dragon_Various_Lo__seed7.wav,A#min,150,various,Crystal,7,cKz! Crystal A#min 150 bpm @crushed_keyz,Cymatics - Dragon Various Loop - Do The Most - 150 BPM A# Min.wav,/Users/mikemcgovern/Documents/SoundSauce/Melody_Loops/Cymatics - Dragon Pt. 5/Various/Cymatics - Dragon Various Loop - Do The Most - 150 BPM A# Min.wav
0047__A#min_150_various__Crystal__loop-Cymatics_Dragon_Various_Lo__seed123.wav,A#min,150,various,Crystal,123,cKz! Crystal A#min 150 bpm @crushed_keyz,Cymatics - Dragon Various Loop - Do The Most - 150 BPM A# Min.wav,/Users/mikemcgovern/Documents/SoundSauce/Melody_Loops/Cymatics - Dragon Pt. 5/Various/Cymatics - Dragon Various Loop - Do The Most - 150 BPM A# Min.wav
0048__A#min_150_various__Crystal__loop-Cymatics_Dragon_Various_Lo__seed777.wav,A#min,150,various,Crystal,777,cKz! Crystal A#min 150 bpm @crushed_keyz,Cymatics - Dragon Various Loop - Do The Most - 150 BPM A# Min.wav,/Users/mikemcgovern/Documents/SoundSauce/Melody_Loops/Cymatics - Dragon Pt. 5/Various/Cymatics - Dragon Various Loop - Do The Most - 150 BPM A# Min.wav
0049__Amin_130_ethnic__Cry__loop-Cymatics_Dragon_Platinum_E__seed7.wav,Amin,130,ethnic,Cry,7,cKz! Cry Amin 130 bpm @crushed_keyz,Cymatics - Dragon Platinum Ethnic Loop - Secrets - 130 BPM A Min.wav,/Users/mikemcgovern/Documents/SoundSauce/Melody_Loops/Cymatics_Dragon_Platinum_Expansion/Cymatics - Dragon Platinum Ethnic Loop - Secrets - 130 BPM A Min.wav
0050__Amin_130_ethnic__Cry__loop-Cymatics_Dragon_Platinum_E__seed123.wav,Amin,130,ethnic,Cry,123,cKz! Cry Amin 130 bpm @crushed_keyz,Cymatics - Dragon Platinum Ethnic Loop - Secrets - 130 BPM A Min.wav,/Users/mikemcgovern/Documents/SoundSauce/Melody_Loops/Cymatics_Dragon_Platinum_Expansion/Cymatics - Dragon Platinum Ethnic Loop - Secrets - 130 BPM A Min.wav
0051__Amin_130_ethnic__Cry__loop-Cymatics_Dragon_Platinum_E__seed777.wav,Amin,130,ethnic,Cry,777,cKz! Cry Amin 130 bpm @crushed_keyz,Cymatics - Dragon Platinum Ethnic Loop - Secrets - 130 BPM A Min.wav,/Users/mikemcgovern/Documents/SoundSauce/Melody_Loops/Cymatics_Dragon_Platinum_Expansion/Cymatics - Dragon Platinum Ethnic Loop - Secrets - 130 BPM A Min.wav
0052__Amin_130_ethnic__Rent_Free__loop-Cymatics_Dragon_Platinum_E__seed7.wav,Amin,130,ethnic,Rent_Free,7,cKz! Rent_Free Amin 130 bpm @crushed_keyz,Cymatics - Dragon Platinum Ethnic Loop - Secrets - 130 BPM A Min.wav,/Users/mikemcgovern/Documents/SoundSauce/Melody_Loops/Cymatics_Dragon_Platinum_Expansion/Cymatics - Dragon Platinum Ethnic Loop - Secrets - 130 BPM A Min.wav
0053__Amin_130_ethnic__Rent_Free__loop-Cymatics_Dragon_Platinum_E__seed123.wav,Amin,130,ethnic,Rent_Free,123,cKz! Rent_Free Amin 130 bpm @crushed_keyz,Cymatics - Dragon Platinum Ethnic Loop - Secrets - 130 BPM A Min.wav,/Users/mikemcgovern/Documents/SoundSauce/Melody_Loops/Cymatics_Dragon_Platinum_Expansion/Cymatics - Dragon Platinum Ethnic Loop - Secrets - 130 BPM A Min.wav
0054__Amin_130_ethnic__Rent_Free__loop-Cymatics_Dragon_Platinum_E__seed777.wav,Amin,130,ethnic,Rent_Free,777,cKz! Rent_Free Amin 130 bpm @crushed_keyz,Cymatics - Dragon Platinum Ethnic Loop - Secrets - 130 BPM A Min.wav,/Users/mikemcgovern/Documents/SoundSauce/Melody_Loops/Cymatics_Dragon_Platinum_Expansion/Cymatics - Dragon Platinum Ethnic Loop - Secrets - 130 BPM A Min.wav
0055__Amin_130_ethnic__ICE__loop-Cymatics_Dragon_Platinum_E__seed7.wav,Amin,130,ethnic,ICE,7,cKz! ICE Amin 130 bpm @crushed_keyz,Cymatics - Dragon Platinum Ethnic Loop - Secrets - 130 BPM A Min.wav,/Users/mikemcgovern/Documents/SoundSauce/Melody_Loops/Cymatics_Dragon_Platinum_Expansion/Cymatics - Dragon Platinum Ethnic Loop - Secrets - 130 BPM A Min.wav
0056__Amin_130_ethnic__ICE__loop-Cymatics_Dragon_Platinum_E__seed123.wav,Amin,130,ethnic,ICE,123,cKz! ICE Amin 130 bpm @crushed_keyz,Cymatics - Dragon Platinum Ethnic Loop - Secrets - 130 BPM A Min.wav,/Users/mikemcgovern/Documents/SoundSauce/Melody_Loops/Cymatics_Dragon_Platinum_Expansion/Cymatics - Dragon Platinum Ethnic Loop - Secrets - 130 BPM A Min.wav
0057__Amin_130_ethnic__ICE__loop-Cymatics_Dragon_Platinum_E__seed777.wav,Amin,130,ethnic,ICE,777,cKz! ICE Amin 130 bpm @crushed_keyz,Cymatics - Dragon Platinum Ethnic Loop - Secrets - 130 BPM A Min.wav,/Users/mikemcgovern/Documents/SoundSauce/Melody_Loops/Cymatics_Dragon_Platinum_Expansion/Cymatics - Dragon Platinum Ethnic Loop - Secrets - 130 BPM A Min.wav
0058__Amin_130_ethnic__LATE__loop-Cymatics_Dragon_Platinum_E__seed7.wav,Amin,130,ethnic,LATE,7,cKz! LATE Amin 130 bpm @crushed_keyz,Cymatics - Dragon Platinum Ethnic Loop - Secrets - 130 BPM A Min.wav,/Users/mikemcgovern/Documents/SoundSauce/Melody_Loops/Cymatics_Dragon_Platinum_Expansion/Cymatics - Dragon Platinum Ethnic Loop - Secrets - 130 BPM A Min.wav
0059__Amin_130_ethnic__LATE__loop-Cymatics_Dragon_Platinum_E__seed123.wav,Amin,130,ethnic,LATE,123,cKz! LATE Amin 130 bpm @crushed_keyz,Cymatics - Dragon Platinum Ethnic Loop - Secrets - 130 BPM A Min.wav,/Users/mikemcgovern/Documents/SoundSauce/Melody_Loops/Cymatics_Dragon_Platinum_Expansion/Cymatics - Dragon Platinum Ethnic Loop - Secrets - 130 BPM A Min.wav
0060__Amin_130_ethnic__LATE__loop-Cymatics_Dragon_Platinum_E__seed777.wav,Amin,130,ethnic,LATE,777,cKz! LATE Amin 130 bpm @crushed_keyz,Cymatics - Dragon Platinum Ethnic Loop - Secrets - 130 BPM A Min.wav,/Users/mikemcgovern/Documents/SoundSauce/Melody_Loops/Cymatics_Dragon_Platinum_Expansion/Cymatics - Dragon Platinum Ethnic Loop - Secrets - 130 BPM A Min.wav
0061__Amin_88_oracle__Dusk__loop-Cymatics_Oracle_Classic_Me__seed7.wav,Amin,88,oracle,Dusk,7,cKz! Dusk Amin 88 bpm @crushed_keyz,Cymatics - Oracle Classic Melody Loop 4 - 88 BPM A Min Pluck.wav,/Users/mikemcgovern/Documents/SoundSauce/Melody_Loops/Cymatics Oracle/Stems/Cymatics - Oracle Classic Melody Loop 4 - 88 BPM A Min Stems/Cymatics - Oracle Classic Melody Loop 4 - 88 BPM A Min Pluck.wav
0062__Amin_88_oracle__Dusk__loop-Cymatics_Oracle_Classic_Me__seed123.wav,Amin,88,oracle,Dusk,123,cKz! Dusk Amin 88 bpm @crushed_keyz,Cymatics - Oracle Classic Melody Loop 4 - 88 BPM A Min Pluck.wav,/Users/mikemcgovern/Documents/SoundSauce/Melody_Loops/Cymatics Oracle/Stems/Cymatics - Oracle Classic Melody Loop 4 - 88 BPM A Min Stems/Cymatics - Oracle Classic Melody Loop 4 - 88 BPM A Min Pluck.wav
0063__Amin_88_oracle__Dusk__loop-Cymatics_Oracle_Classic_Me__seed777.wav,Amin,88,oracle,Dusk,777,cKz! Dusk Amin 88 bpm @crushed_keyz,Cymatics - Oracle Classic Melody Loop 4 - 88 BPM A Min Pluck.wav,/Users/mikemcgovern/Documents/SoundSauce/Melody_Loops/Cymatics Oracle/Stems/Cymatics - Oracle Classic Melody Loop 4 - 88 BPM A Min Stems/Cymatics - Oracle Classic Melody Loop 4 - 88 BPM A Min Pluck.wav
0064__Amin_88_oracle__BANDS__loop-Cymatics_Oracle_Classic_Me__seed7.wav,Amin,88,oracle,BANDS,7,cKz! BANDS Amin 88 bpm @crushed_keyz,Cymatics - Oracle Classic Melody Loop 4 - 88 BPM A Min Pluck.wav,/Users/mikemcgovern/Documents/SoundSauce/Melody_Loops/Cymatics Oracle/Stems/Cymatics - Oracle Classic Melody Loop 4 - 88 BPM A Min Stems/Cymatics - Oracle Classic Melody Loop 4 - 88 BPM A Min Pluck.wav
0065__Amin_88_oracle__BANDS__loop-Cymatics_Oracle_Classic_Me__seed123.wav,Amin,88,oracle,BANDS,123,cKz! BANDS Amin 88 bpm @crushed_keyz,Cymatics - Oracle Classic Melody Loop 4 - 88 BPM A Min Pluck.wav,/Users/mikemcgovern/Documents/SoundSauce/Melody_Loops/Cymatics Oracle/Stems/Cymatics - Oracle Classic Melody Loop 4 - 88 BPM A Min Stems/Cymatics - Oracle Classic Melody Loop 4 - 88 BPM A Min Pluck.wav
0066__Amin_88_oracle__BANDS__loop-Cymatics_Oracle_Classic_Me__seed777.wav,Amin,88,oracle,BANDS,777,cKz! BANDS Amin 88 bpm @crushed_keyz,Cymatics - Oracle Classic Melody Loop 4 - 88 BPM A Min Pluck.wav,/Users/mikemcgovern/Documents/SoundSauce/Melody_Loops/Cymatics Oracle/Stems/Cymatics - Oracle Classic Melody Loop 4 - 88 BPM A Min Stems/Cymatics - Oracle Classic Melody Loop 4 - 88 BPM A Min Pluck.wav
0067__Amin_88_oracle__Emotions__loop-Cymatics_Oracle_Classic_Me__seed7.wav,Amin,88,oracle,Emotions,7,cKz! Emotions Amin 88 bpm @crushed_keyz,Cymatics - Oracle Classic Melody Loop 4 - 88 BPM A Min Pluck.wav,/Users/mikemcgovern/Documents/SoundSauce/Melody_Loops/Cymatics Oracle/Stems/Cymatics - Oracle Classic Melody Loop 4 - 88 BPM A Min Stems/Cymatics - Oracle Classic Melody Loop 4 - 88 BPM A Min Pluck.wav
0068__Amin_88_oracle__Emotions__loop-Cymatics_Oracle_Classic_Me__seed123.wav,Amin,88,oracle,Emotions,123,cKz! Emotions Amin 88 bpm @crushed_keyz,Cymatics - Oracle Classic Melody Loop 4 - 88 BPM A Min Pluck.wav,/Users/mikemcgovern/Documents/SoundSauce/Melody_Loops/Cymatics Oracle/Stems/Cymatics - Oracle Classic Melody Loop 4 - 88 BPM A Min Stems/Cymatics - Oracle Classic Melody Loop 4 - 88 BPM A Min Pluck.wav
0069__Amin_88_oracle__Emotions__loop-Cymatics_Oracle_Classic_Me__seed777.wav,Amin,88,oracle,Emotions,777,cKz! Emotions Amin 88 bpm @crushed_keyz,Cymatics - Oracle Classic Melody Loop 4 - 88 BPM A Min Pluck.wav,/Users/mikemcgovern/Documents/SoundSauce/Melody_Loops/Cymatics Oracle/Stems/Cymatics - Oracle Classic Melody Loop 4 - 88 BPM A Min Stems/Cymatics - Oracle Classic Melody Loop 4 - 88 BPM A Min Pluck.wav
0070__Amin_88_oracle__Crystal__loop-Cymatics_Oracle_Classic_Me__seed7.wav,Amin,88,oracle,Crystal,7,cKz! Crystal Amin 88 bpm @crushed_keyz,Cymatics - Oracle Classic Melody Loop 4 - 88 BPM A Min Pluck.wav,/Users/mikemcgovern/Documents/SoundSauce/Melody_Loops/Cymatics Oracle/Stems/Cymatics - Oracle Classic Melody Loop 4 - 88 BPM A Min Stems/Cymatics - Oracle Classic Melody Loop 4 - 88 BPM A Min Pluck.wav
0071__Amin_88_oracle__Crystal__loop-Cymatics_Oracle_Classic_Me__seed123.wav,Amin,88,oracle,Crystal,123,cKz! Crystal Amin 88 bpm @crushed_keyz,Cymatics - Oracle Classic Melody Loop 4 - 88 BPM A Min Pluck.wav,/Users/mikemcgovern/Documents/SoundSauce/Melody_Loops/Cymatics Oracle/Stems/Cymatics - Oracle Classic Melody Loop 4 - 88 BPM A Min Stems/Cymatics - Oracle Classic Melody Loop 4 - 88 BPM A Min Pluck.wav
0072__Amin_88_oracle__Crystal__loop-Cymatics_Oracle_Classic_Me__seed777.wav,Amin,88,oracle,Crystal,777,cKz! Crystal Amin 88 bpm @crushed_keyz,Cymatics - Oracle Classic Melody Loop 4 - 88 BPM A Min Pluck.wav,/Users/mikemcgovern/Documents/SoundSauce/Melody_Loops/Cymatics Oracle/Stems/Cymatics - Oracle Classic Melody Loop 4 - 88 BPM A Min Stems/Cymatics - Oracle Classic Melody Loop 4 - 88 BPM A Min Pluck.wav
0073__Amin_130_sad__FlaMEnCO__loop-Cymatics_Oracle_Sad_Melody__seed7.wav,Amin,130,sad,FlaMEnCO,7,cKz! FlaMEnCO Amin 130 bpm @crushed_keyz,Cymatics - Oracle Sad Melody Loop 5 - 130 BPM A Min.wav,/Users/mikemcgovern/Documents/SoundSauce/Melody_Loops/Cymatics Oracle/Melodies/Cymatics - Oracle Sad Melody Loop 5 - 130 BPM A Min.wav
0074__Amin_130_sad__FlaMEnCO__loop-Cymatics_Oracle_Sad_Melody__seed123.wav,Amin,130,sad,FlaMEnCO,123,cKz! FlaMEnCO Amin 130 bpm @crushed_keyz,Cymatics - Oracle Sad Melody Loop 5 - 130 BPM A Min.wav,/Users/mikemcgovern/Documents/SoundSauce/Melody_Loops/Cymatics Oracle/Melodies/Cymatics - Oracle Sad Melody Loop 5 - 130 BPM A Min.wav
0075__Amin_130_sad__FlaMEnCO__loop-Cymatics_Oracle_Sad_Melody__seed777.wav,Amin,130,sad,FlaMEnCO,777,cKz! FlaMEnCO Amin 130 bpm @crushed_keyz,Cymatics - Oracle Sad Melody Loop 5 - 130 BPM A Min.wav,/Users/mikemcgovern/Documents/SoundSauce/Melody_Loops/Cymatics Oracle/Melodies/Cymatics - Oracle Sad Melody Loop 5 - 130 BPM A Min.wav
0076__Amin_130_sad__Halo__loop-Cymatics_Oracle_Sad_Melody__seed7.wav,Amin,130,sad,Halo,7,cKz! Halo Amin 130 bpm @crushed_keyz,Cymatics - Oracle Sad Melody Loop 5 - 130 BPM A Min.wav,/Users/mikemcgovern/Documents/SoundSauce/Melody_Loops/Cymatics Oracle/Melodies/Cymatics - Oracle Sad Melody Loop 5 - 130 BPM A Min.wav
0077__Amin_130_sad__Halo__loop-Cymatics_Oracle_Sad_Melody__seed123.wav,Amin,130,sad,Halo,123,cKz! Halo Amin 130 bpm @crushed_keyz,Cymatics - Oracle Sad Melody Loop 5 - 130 BPM A Min.wav,/Users/mikemcgovern/Documents/SoundSauce/Melody_Loops/Cymatics Oracle/Melodies/Cymatics - Oracle Sad Melody Loop 5 - 130 BPM A Min.wav
0078__Amin_130_sad__Halo__loop-Cymatics_Oracle_Sad_Melody__seed777.wav,Amin,130,sad,Halo,777,cKz! Halo Amin 130 bpm @crushed_keyz,Cymatics - Oracle Sad Melody Loop 5 - 130 BPM A Min.wav,/Users/mikemcgovern/Documents/SoundSauce/Melody_Loops/Cymatics Oracle/Melodies/Cymatics - Oracle Sad Melody Loop 5 - 130 BPM A Min.wav
0079__Amin_130_sad__JuPitER__loop-Cymatics_Oracle_Sad_Melody__seed7.wav,Amin,130,sad,JuPitER,7,cKz! JuPitER Amin 130 bpm @crushed_keyz,Cymatics - Oracle Sad Melody Loop 5 - 130 BPM A Min.wav,/Users/mikemcgovern/Documents/SoundSauce/Melody_Loops/Cymatics Oracle/Melodies/Cymatics - Oracle Sad Melody Loop 5 - 130 BPM A Min.wav
0080__Amin_130_sad__JuPitER__loop-Cymatics_Oracle_Sad_Melody__seed123.wav,Amin,130,sad,JuPitER,123,cKz! JuPitER Amin 130 bpm @crushed_keyz,Cymatics - Oracle Sad Melody Loop 5 - 130 BPM A Min.wav,/Users/mikemcgovern/Documents/SoundSauce/Melody_Loops/Cymatics Oracle/Melodies/Cymatics - Oracle Sad Melody Loop 5 - 130 BPM A Min.wav
0081__Amin_130_sad__JuPitER__loop-Cymatics_Oracle_Sad_Melody__seed777.wav,Amin,130,sad,JuPitER,777,cKz! JuPitER Amin 130 bpm @crushed_keyz,Cymatics - Oracle Sad Melody Loop 5 - 130 BPM A Min.wav,/Users/mikemcgovern/Documents/SoundSauce/Melody_Loops/Cymatics Oracle/Melodies/Cymatics - Oracle Sad Melody Loop 5 - 130 BPM A Min.wav
0082__Amin_130_sad__ACTiVE__loop-Cymatics_Oracle_Sad_Melody__seed7.wav,Amin,130,sad,ACTiVE,7,cKz! ACTiVE Amin 130 bpm @crushed_keyz,Cymatics - Oracle Sad Melody Loop 5 - 130 BPM A Min.wav,/Users/mikemcgovern/Documents/SoundSauce/Melody_Loops/Cymatics Oracle/Melodies/Cymatics - Oracle Sad Melody Loop 5 - 130 BPM A Min.wav
0083__Amin_130_sad__ACTiVE__loop-Cymatics_Oracle_Sad_Melody__seed123.wav,Amin,130,sad,ACTiVE,123,cKz! ACTiVE Amin 130 bpm @crushed_keyz,Cymatics - Oracle Sad Melody Loop 5 - 130 BPM A Min.wav,/Users/mikemcgovern/Documents/SoundSauce/Melody_Loops/Cymatics Oracle/Melodies/Cymatics - Oracle Sad Melody Loop 5 - 130 BPM A Min.wav
0084__Amin_130_sad__ACTiVE__loop-Cymatics_Oracle_Sad_Melody__seed777.wav,Amin,130,sad,ACTiVE,777,cKz! ACTiVE Amin 130 bpm @crushed_keyz,Cymatics - Oracle Sad Melody Loop 5 - 130 BPM A Min.wav,/Users/mikemcgovern/Documents/SoundSauce/Melody_Loops/Cymatics Oracle/Melodies/Cymatics - Oracle Sad Melody Loop 5 - 130 BPM A Min.wav
0085__Amin_160_misc__Depths__loop-Cymatics_2020_Nostalgic_Me__seed7.wav,Amin,160,misc,Depths,7,cKz! Depths Amin 160 bpm @crushed_keyz,Cymatics - 2020 Nostalgic Melody Loop 10 - 160 BPM A Min.wav,/Users/mikemcgovern/Documents/SoundSauce/Melody_Loops/Cymatics_2020_Melody_Collection/Cymatics - 2020 Nostalgic Melody Loop 10 - 160 BPM A Min.wav
0086__Amin_160_misc__Depths__loop-Cymatics_2020_Nostalgic_Me__seed123.wav,Amin,160,misc,Depths,123,cKz! Depths Amin 160 bpm @crushed_keyz,Cymatics - 2020 Nostalgic Melody Loop 10 - 160 BPM A Min.wav,/Users/mikemcgovern/Documents/SoundSauce/Melody_Loops/Cymatics_2020_Melody_Collection/Cymatics - 2020 Nostalgic Melody Loop 10 - 160 BPM A Min.wav
0087__Amin_160_misc__Depths__loop-Cymatics_2020_Nostalgic_Me__seed777.wav,Amin,160,misc,Depths,777,cKz! Depths Amin 160 bpm @crushed_keyz,Cymatics - 2020 Nostalgic Melody Loop 10 - 160 BPM A Min.wav,/Users/mikemcgovern/Documents/SoundSauce/Melody_Loops/Cymatics_2020_Melody_Collection/Cymatics - 2020 Nostalgic Melody Loop 10 - 160 BPM A Min.wav
0088__Amin_160_misc__Soulful__loop-Cymatics_2020_Nostalgic_Me__seed7.wav,Amin,160,misc,Soulful,7,cKz! Soulful Amin 160 bpm @crushed_keyz,Cymatics - 2020 Nostalgic Melody Loop 10 - 160 BPM A Min.wav,/Users/mikemcgovern/Documents/SoundSauce/Melody_Loops/Cymatics_2020_Melody_Collection/Cymatics - 2020 Nostalgic Melody Loop 10 - 160 BPM A Min.wav
0089__Amin_160_misc__Soulful__loop-Cymatics_2020_Nostalgic_Me__seed123.wav,Amin,160,misc,Soulful,123,cKz! Soulful Amin 160 bpm @crushed_keyz,Cymatics - 2020 Nostalgic Melody Loop 10 - 160 BPM A Min.wav,/Users/mikemcgovern/Documents/SoundSauce/Melody_Loops/Cymatics_2020_Melody_Collection/Cymatics - 2020 Nostalgic Melody Loop 10 - 160 BPM A Min.wav
0090__Amin_160_misc__Soulful__loop-Cymatics_2020_Nostalgic_Me__seed777.wav,Amin,160,misc,Soulful,777,cKz! Soulful Amin 160 bpm @crushed_keyz,Cymatics - 2020 Nostalgic Melody Loop 10 - 160 BPM A Min.wav,/Users/mikemcgovern/Documents/SoundSauce/Melody_Loops/Cymatics_2020_Melody_Collection/Cymatics - 2020 Nostalgic Melody Loop 10 - 160 BPM A Min.wav
0091__Amin_160_misc__POWER__loop-Cymatics_2020_Nostalgic_Me__seed7.wav,Amin,160,misc,POWER,7,cKz! POWER Amin 160 bpm @crushed_keyz,Cymatics - 2020 Nostalgic Melody Loop 10 - 160 BPM A Min.wav,/Users/mikemcgovern/Documents/SoundSauce/Melody_Loops/Cymatics_2020_Melody_Collection/Cymatics - 2020 Nostalgic Melody Loop 10 - 160 BPM A Min.wav
0092__Amin_160_misc__POWER__loop-Cymatics_2020_Nostalgic_Me__seed123.wav,Amin,160,misc,POWER,123,cKz! POWER Amin 160 bpm @crushed_keyz,Cymatics - 2020 Nostalgic Melody Loop 10 - 160 BPM A Min.wav,/Users/mikemcgovern/Documents/SoundSauce/Melody_Loops/Cymatics_2020_Melody_Collection/Cymatics - 2020 Nostalgic Melody Loop 10 - 160 BPM A Min.wav
0093__Amin_160_misc__POWER__loop-Cymatics_2020_Nostalgic_Me__seed777.wav,Amin,160,misc,POWER,777,cKz! POWER Amin 160 bpm @crushed_keyz,Cymatics - 2020 Nostalgic Melody Loop 10 - 160 BPM A Min.wav,/Users/mikemcgovern/Documents/SoundSauce/Melody_Loops/Cymatics_2020_Melody_Collection/Cymatics - 2020 Nostalgic Melody Loop 10 - 160 BPM A Min.wav
0094__Amin_160_misc__JuPitER__loop-Cymatics_2020_Nostalgic_Me__seed7.wav,Amin,160,misc,JuPitER,7,cKz! JuPitER Amin 160 bpm @crushed_keyz,Cymatics - 2020 Nostalgic Melody Loop 10 - 160 BPM A Min.wav,/Users/mikemcgovern/Documents/SoundSauce/Melody_Loops/Cymatics_2020_Melody_Collection/Cymatics - 2020 Nostalgic Melody Loop 10 - 160 BPM A Min.wav
0095__Amin_160_misc__JuPitER__loop-Cymatics_2020_Nostalgic_Me__seed123.wav,Amin,160,misc,JuPitER,123,cKz! JuPitER Amin 160 bpm @crushed_keyz,Cymatics - 2020 Nostalgic Melody Loop 10 - 160 BPM A Min.wav,/Users/mikemcgovern/Documents/SoundSauce/Melody_Loops/Cymatics_2020_Melody_Collection/Cymatics - 2020 Nostalgic Melody Loop 10 - 160 BPM A Min.wav
0096__Amin_160_misc__JuPitER__loop-Cymatics_2020_Nostalgic_Me__seed777.wav,Amin,160,misc,JuPitER,777,cKz! JuPitER Amin 160 bpm @crushed_keyz,Cymatics - 2020 Nostalgic Melody Loop 10 - 160 BPM A Min.wav,/Users/mikemcgovern/Documents/SoundSauce/Melody_Loops/Cymatics_2020_Melody_Collection/Cymatics - 2020 Nostalgic Melody Loop 10 - 160 BPM A Min.wav
0097__Bmin_110_dark__Mirage__loop-Cymatics_Dragon_Platinum_D__seed7.wav,Bmin,110,dark,Mirage,7,cKz! Mirage Bmin 110 bpm @crushed_keyz,Cymatics - Dragon Platinum Dark Loop - Vengeance - 110 BPM B Min.wav,/Users/mikemcgovern/Documents/SoundSauce/Melody_Loops/Cymatics_Dragon_Platinum_Expansion/Cymatics - Dragon Platinum Dark Loop - Vengeance - 110 BPM B Min.wav
0098__Bmin_110_dark__Mirage__loop-Cymatics_Dragon_Platinum_D__seed123.wav,Bmin,110,dark,Mirage,123,cKz! Mirage Bmin 110 bpm @crushed_keyz,Cymatics - Dragon Platinum Dark Loop - Vengeance - 110 BPM B Min.wav,/Users/mikemcgovern/Documents/SoundSauce/Melody_Loops/Cymatics_Dragon_Platinum_Expansion/Cymatics - Dragon Platinum Dark Loop - Vengeance - 110 BPM B Min.wav
0099__Bmin_110_dark__Mirage__loop-Cymatics_Dragon_Platinum_D__seed777.wav,Bmin,110,dark,Mirage,777,cKz! Mirage Bmin 110 bpm @crushed_keyz,Cymatics - Dragon Platinum Dark Loop - Vengeance - 110 BPM B Min.wav,/Users/mikemcgovern/Documents/SoundSauce/Melody_Loops/Cymatics_Dragon_Platinum_Expansion/Cymatics - Dragon Platinum Dark Loop - Vengeance - 110 BPM B Min.wav
0100__Bmin_110_dark__Halo__loop-Cymatics_Dragon_Platinum_D__seed7.wav,Bmin,110,dark,Halo,7,cKz! Halo Bmin 110 bpm @crushed_keyz,Cymatics - Dragon Platinum Dark Loop - Vengeance - 110 BPM B Min.wav,/Users/mikemcgovern/Documents/SoundSauce/Melody_Loops/Cymatics_Dragon_Platinum_Expansion/Cymatics - Dragon Platinum Dark Loop - Vengeance - 110 BPM B Min.wav
0101__Bmin_110_dark__Halo__loop-Cymatics_Dragon_Platinum_D__seed123.wav,Bmin,110,dark,Halo,123,cKz! Halo Bmin 110 bpm @crushed_keyz,Cymatics - Dragon Platinum Dark Loop - Vengeance - 110 BPM B Min.wav,/Users/mikemcgovern/Documents/SoundSauce/Melody_Loops/Cymatics_Dragon_Platinum_Expansion/Cymatics - Dragon Platinum Dark Loop - Vengeance - 110 BPM B Min.wav
0102__Bmin_110_dark__Halo__loop-Cymatics_Dragon_Platinum_D__seed777.wav,Bmin,110,dark,Halo,777,cKz! Halo Bmin 110 bpm @crushed_keyz,Cymatics - Dragon Platinum Dark Loop - Vengeance - 110 BPM B Min.wav,/Users/mikemcgovern/Documents/SoundSauce/Melody_Loops/Cymatics_Dragon_Platinum_Expansion/Cymatics - Dragon Platinum Dark Loop - Vengeance - 110 BPM B Min.wav
0103__Bmin_110_dark__POWER__loop-Cymatics_Dragon_Platinum_D__seed7.wav,Bmin,110,dark,POWER,7,cKz! POWER Bmin 110 bpm @crushed_keyz,Cymatics - Dragon Platinum Dark Loop - Vengeance - 110 BPM B Min.wav,/Users/mikemcgovern/Documents/SoundSauce/Melody_Loops/Cymatics_Dragon_Platinum_Expansion/Cymatics - Dragon Platinum Dark Loop - Vengeance - 110 BPM B Min.wav
0104__Bmin_110_dark__POWER__loop-Cymatics_Dragon_Platinum_D__seed123.wav,Bmin,110,dark,POWER,123,cKz! POWER Bmin 110 bpm @crushed_keyz,Cymatics - Dragon Platinum Dark Loop - Vengeance - 110 BPM B Min.wav,/Users/mikemcgovern/Documents/SoundSauce/Melody_Loops/Cymatics_Dragon_Platinum_Expansion/Cymatics - Dragon Platinum Dark Loop - Vengeance - 110 BPM B Min.wav
0105__Bmin_110_dark__POWER__loop-Cymatics_Dragon_Platinum_D__seed777.wav,Bmin,110,dark,POWER,777,cKz! POWER Bmin 110 bpm @crushed_keyz,Cymatics - Dragon Platinum Dark Loop - Vengeance - 110 BPM B Min.wav,/Users/mikemcgovern/Documents/SoundSauce/Melody_Loops/Cymatics_Dragon_Platinum_Expansion/Cymatics - Dragon Platinum Dark Loop - Vengeance - 110 BPM B Min.wav
0106__Bmin_110_dark__Midnight__loop-Cymatics_Dragon_Platinum_D__seed7.wav,Bmin,110,dark,Midnight,7,cKz! Midnight Bmin 110 bpm @crushed_keyz,Cymatics - Dragon Platinum Dark Loop - Vengeance - 110 BPM B Min.wav,/Users/mikemcgovern/Documents/SoundSauce/Melody_Loops/Cymatics_Dragon_Platinum_Expansion/Cymatics - Dragon Platinum Dark Loop - Vengeance - 110 BPM B Min.wav
0107__Bmin_110_dark__Midnight__loop-Cymatics_Dragon_Platinum_D__seed123.wav,Bmin,110,dark,Midnight,123,cKz! Midnight Bmin 110 bpm @crushed_keyz,Cymatics - Dragon Platinum Dark Loop - Vengeance - 110 BPM B Min.wav,/Users/mikemcgovern/Documents/SoundSauce/Melody_Loops/Cymatics_Dragon_Platinum_Expansion/Cymatics - Dragon Platinum Dark Loop - Vengeance - 110 BPM B Min.wav
0108__Bmin_110_dark__Midnight__loop-Cymatics_Dragon_Platinum_D__seed777.wav,Bmin,110,dark,Midnight,777,cKz! Midnight Bmin 110 bpm @crushed_keyz,Cymatics - Dragon Platinum Dark Loop - Vengeance - 110 BPM B Min.wav,/Users/mikemcgovern/Documents/SoundSauce/Melody_Loops/Cymatics_Dragon_Platinum_Expansion/Cymatics - Dragon Platinum Dark Loop - Vengeance - 110 BPM B Min.wav
0109__Bmin_167_dark__CoSmoS__loop-Cymatics_Oracle_Dark_Melod__seed7.wav,Bmin,167,dark,CoSmoS,7,cKz! CoSmoS Bmin 167 bpm @crushed_keyz,Cymatics - Oracle Dark Melody Loop 15 - 167 BPM B Min Guitar.wav,/Users/mikemcgovern/Documents/SoundSauce/Melody_Loops/Cymatics Oracle/Stems/Cymatics - Oracle Dark Melody Loop 15 - 167 BPM B Min Stems/Cymatics - Oracle Dark Melody Loop 15 - 167 BPM B Min Guitar.wav
0110__Bmin_167_dark__CoSmoS__loop-Cymatics_Oracle_Dark_Melod__seed123.wav,Bmin,167,dark,CoSmoS,123,cKz! CoSmoS Bmin 167 bpm @crushed_keyz,Cymatics - Oracle Dark Melody Loop 15 - 167 BPM B Min Guitar.wav,/Users/mikemcgovern/Documents/SoundSauce/Melody_Loops/Cymatics Oracle/Stems/Cymatics - Oracle Dark Melody Loop 15 - 167 BPM B Min Stems/Cymatics - Oracle Dark Melody Loop 15 - 167 BPM B Min Guitar.wav
0111__Bmin_167_dark__CoSmoS__loop-Cymatics_Oracle_Dark_Melod__seed777.wav,Bmin,167,dark,CoSmoS,777,cKz! CoSmoS Bmin 167 bpm @crushed_keyz,Cymatics - Oracle Dark Melody Loop 15 - 167 BPM B Min Guitar.wav,/Users/mikemcgovern/Documents/SoundSauce/Melody_Loops/Cymatics Oracle/Stems/Cymatics - Oracle Dark Melody Loop 15 - 167 BPM B Min Stems/Cymatics - Oracle Dark Melody Loop 15 - 167 BPM B Min Guitar.wav
0112__Bmin_167_dark__Scenic__loop-Cymatics_Oracle_Dark_Melod__seed7.wav,Bmin,167,dark,Scenic,7,cKz! Scenic Bmin 167 bpm @crushed_keyz,Cymatics - Oracle Dark Melody Loop 15 - 167 BPM B Min Guitar.wav,/Users/mikemcgovern/Documents/SoundSauce/Melody_Loops/Cymatics Oracle/Stems/Cymatics - Oracle Dark Melody Loop 15 - 167 BPM B Min Stems/Cymatics - Oracle Dark Melody Loop 15 - 167 BPM B Min Guitar.wav
0113__Bmin_167_dark__Scenic__loop-Cymatics_Oracle_Dark_Melod__seed123.wav,Bmin,167,dark,Scenic,123,cKz! Scenic Bmin 167 bpm @crushed_keyz,Cymatics - Oracle Dark Melody Loop 15 - 167 BPM B Min Guitar.wav,/Users/mikemcgovern/Documents/SoundSauce/Melody_Loops/Cymatics Oracle/Stems/Cymatics - Oracle Dark Melody Loop 15 - 167 BPM B Min Stems/Cymatics - Oracle Dark Melody Loop 15 - 167 BPM B Min Guitar.wav
0114__Bmin_167_dark__Scenic__loop-Cymatics_Oracle_Dark_Melod__seed777.wav,Bmin,167,dark,Scenic,777,cKz! Scenic Bmin 167 bpm @crushed_keyz,Cymatics - Oracle Dark Melody Loop 15 - 167 BPM B Min Guitar.wav,/Users/mikemcgovern/Documents/SoundSauce/Melody_Loops/Cymatics Oracle/Stems/Cymatics - Oracle Dark Melody Loop 15 - 167 BPM B Min Stems/Cymatics - Oracle Dark Melody Loop 15 - 167 BPM B Min Guitar.wav
0115__Bmin_167_dark__Midnight__loop-Cymatics_Oracle_Dark_Melod__seed7.wav,Bmin,167,dark,Midnight,7,cKz! Midnight Bmin 167 bpm @crushed_keyz,Cymatics - Oracle Dark Melody Loop 15 - 167 BPM B Min Guitar.wav,/Users/mikemcgovern/Documents/SoundSauce/Melody_Loops/Cymatics Oracle/Stems/Cymatics - Oracle Dark Melody Loop 15 - 167 BPM B Min Stems/Cymatics - Oracle Dark Melody Loop 15 - 167 BPM B Min Guitar.wav
0116__Bmin_167_dark__Midnight__loop-Cymatics_Oracle_Dark_Melod__seed123.wav,Bmin,167,dark,Midnight,123,cKz! Midnight Bmin 167 bpm @crushed_keyz,Cymatics - Oracle Dark Melody Loop 15 - 167 BPM B Min Guitar.wav,/Users/mikemcgovern/Documents/SoundSauce/Melody_Loops/Cymatics Oracle/Stems/Cymatics - Oracle Dark Melody Loop 15 - 167 BPM B Min Stems/Cymatics - Oracle Dark Melody Loop 15 - 167 BPM B Min Guitar.wav
0117__Bmin_167_dark__Midnight__loop-Cymatics_Oracle_Dark_Melod__seed777.wav,Bmin,167,dark,Midnight,777,cKz! Midnight Bmin 167 bpm @crushed_keyz,Cymatics - Oracle Dark Melody Loop 15 - 167 BPM B Min Guitar.wav,/Users/mikemcgovern/Documents/SoundSauce/Melody_Loops/Cymatics Oracle/Stems/Cymatics - Oracle Dark Melody Loop 15 - 167 BPM B Min Stems/Cymatics - Oracle Dark Melody Loop 15 - 167 BPM B Min Guitar.wav
0118__Bmin_167_dark__Nasty__loop-Cymatics_Oracle_Dark_Melod__seed7.wav,Bmin,167,dark,Nasty,7,cKz! Nasty Bmin 167 bpm @crushed_keyz,Cymatics - Oracle Dark Melody Loop 15 - 167 BPM B Min Guitar.wav,/Users/mikemcgovern/Documents/SoundSauce/Melody_Loops/Cymatics Oracle/Stems/Cymatics - Oracle Dark Melody Loop 15 - 167 BPM B Min Stems/Cymatics - Oracle Dark Melody Loop 15 - 167 BPM B Min Guitar.wav
0119__Bmin_167_dark__Nasty__loop-Cymatics_Oracle_Dark_Melod__seed123.wav,Bmin,167,dark,Nasty,123,cKz! Nasty Bmin 167 bpm @crushed_keyz,Cymatics - Oracle Dark Melody Loop 15 - 167 BPM B Min Guitar.wav,/Users/mikemcgovern/Documents/SoundSauce/Melody_Loops/Cymatics Oracle/Stems/Cymatics - Oracle Dark Melody Loop 15 - 167 BPM B Min Stems/Cymatics - Oracle Dark Melody Loop 15 - 167 BPM B Min Guitar.wav
0120__Bmin_167_dark__Nasty__loop-Cymatics_Oracle_Dark_Melod__seed777.wav,Bmin,167,dark,Nasty,777,cKz! Nasty Bmin 167 bpm @crushed_keyz,Cymatics - Oracle Dark Melody Loop 15 - 167 BPM B Min Guitar.wav,/Users/mikemcgovern/Documents/SoundSauce/Melody_Loops/Cymatics Oracle/Stems/Cymatics - Oracle Dark Melody Loop 15 - 167 BPM B Min Stems/Cymatics - Oracle Dark Melody Loop 15 - 167 BPM B Min Guitar.wav
0121__Bmin_140_sad__Nasty__loop-Cymatics_Dragon_Sad_Loop_F__seed7.wav,Bmin,140,sad,Nasty,7,cKz! Nasty Bmin 140 bpm @crushed_keyz,Cymatics - Dragon Sad Loop - Forgotten - 140 BPM B Min.wav,/Users/mikemcgovern/Documents/SoundSauce/Melody_Loops/Cymatics - Dragon Pt. 5/Sad/Cymatics - Dragon Sad Loop - Forgotten - 140 BPM B Min.wav
0122__Bmin_140_sad__Nasty__loop-Cymatics_Dragon_Sad_Loop_F__seed123.wav,Bmin,140,sad,Nasty,123,cKz! Nasty Bmin 140 bpm @crushed_keyz,Cymatics - Dragon Sad Loop - Forgotten - 140 BPM B Min.wav,/Users/mikemcgovern/Documents/SoundSauce/Melody_Loops/Cymatics - Dragon Pt. 5/Sad/Cymatics - Dragon Sad Loop - Forgotten - 140 BPM B Min.wav
0123__Bmin_140_sad__Nasty__loop-Cymatics_Dragon_Sad_Loop_F__seed777.wav,Bmin,140,sad,Nasty,777,cKz! Nasty Bmin 140 bpm @crushed_keyz,Cymatics - Dragon Sad Loop - Forgotten - 140 BPM B Min.wav,/Users/mikemcgovern/Documents/SoundSauce/Melody_Loops/Cymatics - Dragon Pt. 5/Sad/Cymatics - Dragon Sad Loop - Forgotten - 140 BPM B Min.wav
0124__Bmin_140_sad__Rent_Free__loop-Cymatics_Dragon_Sad_Loop_F__seed7.wav,Bmin,140,sad,Rent_Free,7,cKz! Rent_Free Bmin 140 bpm @crushed_keyz,Cymatics - Dragon Sad Loop - Forgotten - 140 BPM B Min.wav,/Users/mikemcgovern/Documents/SoundSauce/Melody_Loops/Cymatics - Dragon Pt. 5/Sad/Cymatics - Dragon Sad Loop - Forgotten - 140 BPM B Min.wav
0125__Bmin_140_sad__Rent_Free__loop-Cymatics_Dragon_Sad_Loop_F__seed123.wav,Bmin,140,sad,Rent_Free,123,cKz! Rent_Free Bmin 140 bpm @crushed_keyz,Cymatics - Dragon Sad Loop - Forgotten - 140 BPM B Min.wav,/Users/mikemcgovern/Documents/SoundSauce/Melody_Loops/Cymatics - Dragon Pt. 5/Sad/Cymatics - Dragon Sad Loop - Forgotten - 140 BPM B Min.wav
0126__Bmin_140_sad__Rent_Free__loop-Cymatics_Dragon_Sad_Loop_F__seed777.wav,Bmin,140,sad,Rent_Free,777,cKz! Rent_Free Bmin 140 bpm @crushed_keyz,Cymatics - Dragon Sad Loop - Forgotten - 140 BPM B Min.wav,/Users/mikemcgovern/Documents/SoundSauce/Melody_Loops/Cymatics - Dragon Pt. 5/Sad/Cymatics - Dragon Sad Loop - Forgotten - 140 BPM B Min.wav
0127__Bmin_140_sad__Mars__loop-Cymatics_Dragon_Sad_Loop_F__seed7.wav,Bmin,140,sad,Mars,7,cKz! Mars Bmin 140 bpm @crushed_keyz,Cymatics - Dragon Sad Loop - Forgotten - 140 BPM B Min.wav,/Users/mikemcgovern/Documents/SoundSauce/Melody_Loops/Cymatics - Dragon Pt. 5/Sad/Cymatics - Dragon Sad Loop - Forgotten - 140 BPM B Min.wav
0128__Bmin_140_sad__Mars__loop-Cymatics_Dragon_Sad_Loop_F__seed123.wav,Bmin,140,sad,Mars,123,cKz! Mars Bmin 140 bpm @crushed_keyz,Cymatics - Dragon Sad Loop - Forgotten - 140 BPM B Min.wav,/Users/mikemcgovern/Documents/SoundSauce/Melody_Loops/Cymatics - Dragon Pt. 5/Sad/Cymatics - Dragon Sad Loop - Forgotten - 140 BPM B Min.wav
0129__Bmin_140_sad__Mars__loop-Cymatics_Dragon_Sad_Loop_F__seed777.wav,Bmin,140,sad,Mars,777,cKz! Mars Bmin 140 bpm @crushed_keyz,Cymatics - Dragon Sad Loop - Forgotten - 140 BPM B Min.wav,/Users/mikemcgovern/Documents/SoundSauce/Melody_Loops/Cymatics - Dragon Pt. 5/Sad/Cymatics - Dragon Sad Loop - Forgotten - 140 BPM B Min.wav
0130__Bmin_140_sad__AzUL__loop-Cymatics_Dragon_Sad_Loop_F__seed7.wav,Bmin,140,sad,AzUL,7,cKz! AzUL Bmin 140 bpm @crushed_keyz,Cymatics - Dragon Sad Loop - Forgotten - 140 BPM B Min.wav,/Users/mikemcgovern/Documents/SoundSauce/Melody_Loops/Cymatics - Dragon Pt. 5/Sad/Cymatics - Dragon Sad Loop - Forgotten - 140 BPM B Min.wav
0131__Bmin_140_sad__AzUL__loop-Cymatics_Dragon_Sad_Loop_F__seed123.wav,Bmin,140,sad,AzUL,123,cKz! AzUL Bmin 140 bpm @crushed_keyz,Cymatics - Dragon Sad Loop - Forgotten - 140 BPM B Min.wav,/Users/mikemcgovern/Documents/SoundSauce/Melody_Loops/Cymatics - Dragon Pt. 5/Sad/Cymatics - Dragon Sad Loop - Forgotten - 140 BPM B Min.wav
0132__Bmin_140_sad__AzUL__loop-Cymatics_Dragon_Sad_Loop_F__seed777.wav,Bmin,140,sad,AzUL,777,cKz! AzUL Bmin 140 bpm @crushed_keyz,Cymatics - Dragon Sad Loop - Forgotten - 140 BPM B Min.wav,/Users/mikemcgovern/Documents/SoundSauce/Melody_Loops/Cymatics - Dragon Pt. 5/Sad/Cymatics - Dragon Sad Loop - Forgotten - 140 BPM B Min.wav
0133__Bmin_125_oracle__Glassland__loop-Cymatics_Oracle_Nostalgic___seed7.wav,Bmin,125,oracle,Glassland,7,cKz! Glassland Bmin 125 bpm @crushed_keyz,Cymatics - Oracle Nostalgic Melody Loop 4 - 125 BPM B Min Reverse.wav,/Users/mikemcgovern/Documents/SoundSauce/Melody_Loops/Cymatics Oracle/Stems/Cymatics - Oracle Nostalgic Melody Loop 4 - 125 BPM B Min Stems/Cymatics - Oracle Nostalgic Melody Loop 4 - 125 BPM B Min Reverse.wav
0134__Bmin_125_oracle__Glassland__loop-Cymatics_Oracle_Nostalgic___seed123.wav,Bmin,125,oracle,Glassland,123,cKz! Glassland Bmin 125 bpm @crushed_keyz,Cymatics - Oracle Nostalgic Melody Loop 4 - 125 BPM B Min Reverse.wav,/Users/mikemcgovern/Documents/SoundSauce/Melody_Loops/Cymatics Oracle/Stems/Cymatics - Oracle Nostalgic Melody Loop 4 - 125 BPM B Min Stems/Cymatics - Oracle Nostalgic Melody Loop 4 - 125 BPM B Min Reverse.wav
0135__Bmin_125_oracle__Glassland__loop-Cymatics_Oracle_Nostalgic___seed777.wav,Bmin,125,oracle,Glassland,777,cKz! Glassland Bmin 125 bpm @crushed_keyz,Cymatics - Oracle Nostalgic Melody Loop 4 - 125 BPM B Min Reverse.wav,/Users/mikemcgovern/Documents/SoundSauce/Melody_Loops/Cymatics Oracle/Stems/Cymatics - Oracle Nostalgic Melody Loop 4 - 125 BPM B Min Stems/Cymatics - Oracle Nostalgic Melody Loop 4 - 125 BPM B Min Reverse.wav
0136__Bmin_125_oracle__BANDS__loop-Cymatics_Oracle_Nostalgic___seed7.wav,Bmin,125,oracle,BANDS,7,cKz! BANDS Bmin 125 bpm @crushed_keyz,Cymatics - Oracle Nostalgic Melody Loop 4 - 125 BPM B Min Reverse.wav,/Users/mikemcgovern/Documents/SoundSauce/Melody_Loops/Cymatics Oracle/Stems/Cymatics - Oracle Nostalgic Melody Loop 4 - 125 BPM B Min Stems/Cymatics - Oracle Nostalgic Melody Loop 4 - 125 BPM B Min Reverse.wav
0137__Bmin_125_oracle__BANDS__loop-Cymatics_Oracle_Nostalgic___seed123.wav,Bmin,125,oracle,BANDS,123,cKz! BANDS Bmin 125 bpm @crushed_keyz,Cymatics - Oracle Nostalgic Melody Loop 4 - 125 BPM B Min Reverse.wav,/Users/mikemcgovern/Documents/SoundSauce/Melody_Loops/Cymatics Oracle/Stems/Cymatics - Oracle Nostalgic Melody Loop 4 - 125 BPM B Min Stems/Cymatics - Oracle Nostalgic Melody Loop 4 - 125 BPM B Min Reverse.wav
0138__Bmin_125_oracle__BANDS__loop-Cymatics_Oracle_Nostalgic___seed777.wav,Bmin,125,oracle,BANDS,777,cKz! BANDS Bmin 125 bpm @crushed_keyz,Cymatics - Oracle Nostalgic Melody Loop 4 - 125 BPM B Min Reverse.wav,/Users/mikemcgovern/Documents/SoundSauce/Melody_Loops/Cymatics Oracle/Stems/Cymatics - Oracle Nostalgic Melody Loop 4 - 125 BPM B Min Stems/Cymatics - Oracle Nostalgic Melody Loop 4 - 125 BPM B Min Reverse.wav
0139__Bmin_125_oracle__Ember__loop-Cymatics_Oracle_Nostalgic___seed7.wav,Bmin,125,oracle,Ember,7,cKz! Ember Bmin 125 bpm @crushed_keyz,Cymatics - Oracle Nostalgic Melody Loop 4 - 125 BPM B Min Reverse.wav,/Users/mikemcgovern/Documents/SoundSauce/Melody_Loops/Cymatics Oracle/Stems/Cymatics - Oracle Nostalgic Melody Loop 4 - 125 BPM B Min Stems/Cymatics - Oracle Nostalgic Melody Loop 4 - 125 BPM B Min Reverse.wav
0140__Bmin_125_oracle__Ember__loop-Cymatics_Oracle_Nostalgic___seed123.wav,Bmin,125,oracle,Ember,123,cKz! Ember Bmin 125 bpm @crushed_keyz,Cymatics - Oracle Nostalgic Melody Loop 4 - 125 BPM B Min Reverse.wav,/Users/mikemcgovern/Documents/SoundSauce/Melody_Loops/Cymatics Oracle/Stems/Cymatics - Oracle Nostalgic Melody Loop 4 - 125 BPM B Min Stems/Cymatics - Oracle Nostalgic Melody Loop 4 - 125 BPM B Min Reverse.wav
0141__Bmin_125_oracle__Ember__loop-Cymatics_Oracle_Nostalgic___seed777.wav,Bmin,125,oracle,Ember,777,cKz! Ember Bmin 125 bpm @crushed_keyz,Cymatics - Oracle Nostalgic Melody Loop 4 - 125 BPM B Min Reverse.wav,/Users/mikemcgovern/Documents/SoundSauce/Melody_Loops/Cymatics Oracle/Stems/Cymatics - Oracle Nostalgic Melody Loop 4 - 125 BPM B Min Stems/Cymatics - Oracle Nostalgic Melody Loop 4 - 125 BPM B Min Reverse.wav
0142__Bmin_125_oracle__Scenic__loop-Cymatics_Oracle_Nostalgic___seed7.wav,Bmin,125,oracle,Scenic,7,cKz! Scenic Bmin 125 bpm @crushed_keyz,Cymatics - Oracle Nostalgic Melody Loop 4 - 125 BPM B Min Reverse.wav,/Users/mikemcgovern/Documents/SoundSauce/Melody_Loops/Cymatics Oracle/Stems/Cymatics - Oracle Nostalgic Melody Loop 4 - 125 BPM B Min Stems/Cymatics - Oracle Nostalgic Melody Loop 4 - 125 BPM B Min Reverse.wav
0143__Bmin_125_oracle__Scenic__loop-Cymatics_Oracle_Nostalgic___seed123.wav,Bmin,125,oracle,Scenic,123,cKz! Scenic Bmin 125 bpm @crushed_keyz,Cymatics - Oracle Nostalgic Melody Loop 4 - 125 BPM B Min Reverse.wav,/Users/mikemcgovern/Documents/SoundSauce/Melody_Loops/Cymatics Oracle/Stems/Cymatics - Oracle Nostalgic Melody Loop 4 - 125 BPM B Min Stems/Cymatics - Oracle Nostalgic Melody Loop 4 - 125 BPM B Min Reverse.wav
0144__Bmin_125_oracle__Scenic__loop-Cymatics_Oracle_Nostalgic___seed777.wav,Bmin,125,oracle,Scenic,777,cKz! Scenic Bmin 125 bpm @crushed_keyz,Cymatics - Oracle Nostalgic Melody Loop 4 - 125 BPM B Min Reverse.wav,/Users/mikemcgovern/Documents/SoundSauce/Melody_Loops/Cymatics Oracle/Stems/Cymatics - Oracle Nostalgic Melody Loop 4 - 125 BPM B Min Stems/Cymatics - Oracle Nostalgic Melody Loop 4 - 125 BPM B Min Reverse.wav
0145__C#min_150_dragon__CoSmoS__loop-Cymatics_Dragon_Orchestral__seed7.wav,C#min,150,dragon,CoSmoS,7,cKz! CoSmoS C#min 150 bpm @crushed_keyz,Cymatics - Dragon Orchestral Loop - Drill - 150 BPM C# Min.wav,/Users/mikemcgovern/Documents/SoundSauce/Melody_Loops/Cymatics - Dragon Pt. 3/Orchestral/Cymatics - Dragon Orchestral Loop - Drill - 150 BPM C# Min.wav
0146__C#min_150_dragon__CoSmoS__loop-Cymatics_Dragon_Orchestral__seed123.wav,C#min,150,dragon,CoSmoS,123,cKz! CoSmoS C#min 150 bpm @crushed_keyz,Cymatics - Dragon Orchestral Loop - Drill - 150 BPM C# Min.wav,/Users/mikemcgovern/Documents/SoundSauce/Melody_Loops/Cymatics - Dragon Pt. 3/Orchestral/Cymatics - Dragon Orchestral Loop - Drill - 150 BPM C# Min.wav
0147__C#min_150_dragon__CoSmoS__loop-Cymatics_Dragon_Orchestral__seed777.wav,C#min,150,dragon,CoSmoS,777,cKz! CoSmoS C#min 150 bpm @crushed_keyz,Cymatics - Dragon Orchestral Loop - Drill - 150 BPM C# Min.wav,/Users/mikemcgovern/Documents/SoundSauce/Melody_Loops/Cymatics - Dragon Pt. 3/Orchestral/Cymatics - Dragon Orchestral Loop - Drill - 150 BPM C# Min.wav
0148__C#min_150_dragon__LATE__loop-Cymatics_Dragon_Orchestral__seed7.wav,C#min,150,dragon,LATE,7,cKz! LATE C#min 150 bpm @crushed_keyz,Cymatics - Dragon Orchestral Loop - Drill - 150 BPM C# Min.wav,/Users/mikemcgovern/Documents/SoundSauce/Melody_Loops/Cymatics - Dragon Pt. 3/Orchestral/Cymatics - Dragon Orchestral Loop - Drill - 150 BPM C# Min.wav
0149__C#min_150_dragon__LATE__loop-Cymatics_Dragon_Orchestral__seed123.wav,C#min,150,dragon,LATE,123,cKz! LATE C#min 150 bpm @crushed_keyz,Cymatics - Dragon Orchestral Loop - Drill - 150 BPM C# Min.wav,/Users/mikemcgovern/Documents/SoundSauce/Melody_Loops/Cymatics - Dragon Pt. 3/Orchestral/Cymatics - Dragon Orchestral Loop - Drill - 150 BPM C# Min.wav
0150__C#min_150_dragon__LATE__loop-Cymatics_Dragon_Orchestral__seed777.wav,C#min,150,dragon,LATE,777,cKz! LATE C#min 150 bpm @crushed_keyz,Cymatics - Dragon Orchestral Loop - Drill - 150 BPM C# Min.wav,/Users/mikemcgovern/Documents/SoundSauce/Melody_Loops/Cymatics - Dragon Pt. 3/Orchestral/Cymatics - Dragon Orchestral Loop - Drill - 150 BPM C# Min.wav
0151__C#min_150_dragon__Veil__loop-Cymatics_Dragon_Orchestral__seed7.wav,C#min,150,dragon,Veil,7,cKz! Veil C#min 150 bpm @crushed_keyz,Cymatics - Dragon Orchestral Loop - Drill - 150 BPM C# Min.wav,/Users/mikemcgovern/Documents/SoundSauce/Melody_Loops/Cymatics - Dragon Pt. 3/Orchestral/Cymatics - Dragon Orchestral Loop - Drill - 150 BPM C# Min.wav
0152__C#min_150_dragon__Veil__loop-Cymatics_Dragon_Orchestral__seed123.wav,C#min,150,dragon,Veil,123,cKz! Veil C#min 150 bpm @crushed_keyz,Cymatics - Dragon Orchestral Loop - Drill - 150 BPM C# Min.wav,/Users/mikemcgovern/Documents/SoundSauce/Melody_Loops/Cymatics - Dragon Pt. 3/Orchestral/Cymatics - Dragon Orchestral Loop - Drill - 150 BPM C# Min.wav
0153__C#min_150_dragon__Veil__loop-Cymatics_Dragon_Orchestral__seed777.wav,C#min,150,dragon,Veil,777,cKz! Veil C#min 150 bpm @crushed_keyz,Cymatics - Dragon Orchestral Loop - Drill - 150 BPM C# Min.wav,/Users/mikemcgovern/Documents/SoundSauce/Melody_Loops/Cymatics - Dragon Pt. 3/Orchestral/Cymatics - Dragon Orchestral Loop - Drill - 150 BPM C# Min.wav
0154__C#min_150_dragon__DreamDoor__loop-Cymatics_Dragon_Orchestral__seed7.wav,C#min,150,dragon,DreamDoor,7,cKz! DreamDoor C#min 150 bpm @crushed_keyz,Cymatics - Dragon Orchestral Loop - Drill - 150 BPM C# Min.wav,/Users/mikemcgovern/Documents/SoundSauce/Melody_Loops/Cymatics - Dragon Pt. 3/Orchestral/Cymatics - Dragon Orchestral Loop - Drill - 150 BPM C# Min.wav
0155__C#min_150_dragon__DreamDoor__loop-Cymatics_Dragon_Orchestral__seed123.wav,C#min,150,dragon,DreamDoor,123,cKz! DreamDoor C#min 150 bpm @crushed_keyz,Cymatics - Dragon Orchestral Loop - Drill - 150 BPM C# Min.wav,/Users/mikemcgovern/Documents/SoundSauce/Melody_Loops/Cymatics - Dragon Pt. 3/Orchestral/Cymatics - Dragon Orchestral Loop - Drill - 150 BPM C# Min.wav
0156__C#min_150_dragon__DreamDoor__loop-Cymatics_Dragon_Orchestral__seed777.wav,C#min,150,dragon,DreamDoor,777,cKz! DreamDoor C#min 150 bpm @crushed_keyz,Cymatics - Dragon Orchestral Loop - Drill - 150 BPM C# Min.wav,/Users/mikemcgovern/Documents/SoundSauce/Melody_Loops/Cymatics - Dragon Pt. 3/Orchestral/Cymatics - Dragon Orchestral Loop - Drill - 150 BPM C# Min.wav
0157__C#min_135_dragon__Coldhearted__loop-Cymatics_Dragon_Nostalgic___seed7.wav,C#min,135,dragon,Coldhearted,7,cKz! Coldhearted C#min 135 bpm @crushed_keyz,Cymatics - Dragon Nostalgic Loop - Leftovers - 135 BPM C# Min.wav,/Users/mikemcgovern/Documents/SoundSauce/Melody_Loops/Cymatics - Dragon Pt. 3/Nostalgic/Cymatics - Dragon Nostalgic Loop - Leftovers - 135 BPM C# Min.wav
0158__C#min_135_dragon__Coldhearted__loop-Cymatics_Dragon_Nostalgic___seed123.wav,C#min,135,dragon,Coldhearted,123,cKz! Coldhearted C#min 135 bpm @crushed_keyz,Cymatics - Dragon Nostalgic Loop - Leftovers - 135 BPM C# Min.wav,/Users/mikemcgovern/Documents/SoundSauce/Melody_Loops/Cymatics - Dragon Pt. 3/Nostalgic/Cymatics - Dragon Nostalgic Loop - Leftovers - 135 BPM C# Min.wav
0159__C#min_135_dragon__Coldhearted__loop-Cymatics_Dragon_Nostalgic___seed777.wav,C#min,135,dragon,Coldhearted,777,cKz! Coldhearted C#min 135 bpm @crushed_keyz,Cymatics - Dragon Nostalgic Loop - Leftovers - 135 BPM C# Min.wav,/Users/mikemcgovern/Documents/SoundSauce/Melody_Loops/Cymatics - Dragon Pt. 3/Nostalgic/Cymatics - Dragon Nostalgic Loop - Leftovers - 135 BPM C# Min.wav
0160__C#min_135_dragon__CANOPY__loop-Cymatics_Dragon_Nostalgic___seed7.wav,C#min,135,dragon,CANOPY,7,cKz! CANOPY C#min 135 bpm @crushed_keyz,Cymatics - Dragon Nostalgic Loop - Leftovers - 135 BPM C# Min.wav,/Users/mikemcgovern/Documents/SoundSauce/Melody_Loops/Cymatics - Dragon Pt. 3/Nostalgic/Cymatics - Dragon Nostalgic Loop - Leftovers - 135 BPM C# Min.wav
0161__C#min_135_dragon__CANOPY__loop-Cymatics_Dragon_Nostalgic___seed123.wav,C#min,135,dragon,CANOPY,123,cKz! CANOPY C#min 135 bpm @crushed_keyz,Cymatics - Dragon Nostalgic Loop - Leftovers - 135 BPM C# Min.wav,/Users/mikemcgovern/Documents/SoundSauce/Melody_Loops/Cymatics - Dragon Pt. 3/Nostalgic/Cymatics - Dragon Nostalgic Loop - Leftovers - 135 BPM C# Min.wav
0162__C#min_135_dragon__CANOPY__loop-Cymatics_Dragon_Nostalgic___seed777.wav,C#min,135,dragon,CANOPY,777,cKz! CANOPY C#min 135 bpm @crushed_keyz,Cymatics - Dragon Nostalgic Loop - Leftovers - 135 BPM C# Min.wav,/Users/mikemcgovern/Documents/SoundSauce/Melody_Loops/Cymatics - Dragon Pt. 3/Nostalgic/Cymatics - Dragon Nostalgic Loop - Leftovers - 135 BPM C# Min.wav
0163__C#min_135_dragon__Dusk__loop-Cymatics_Dragon_Nostalgic___seed7.wav,C#min,135,dragon,Dusk,7,cKz! Dusk C#min 135 bpm @crushed_keyz,Cymatics - Dragon Nostalgic Loop - Leftovers - 135 BPM C# Min.wav,/Users/mikemcgovern/Documents/SoundSauce/Melody_Loops/Cymatics - Dragon Pt. 3/Nostalgic/Cymatics - Dragon Nostalgic Loop - Leftovers - 135 BPM C# Min.wav
0164__C#min_135_dragon__Dusk__loop-Cymatics_Dragon_Nostalgic___seed123.wav,C#min,135,dragon,Dusk,123,cKz! Dusk C#min 135 bpm @crushed_keyz,Cymatics - Dragon Nostalgic Loop - Leftovers - 135 BPM C# Min.wav,/Users/mikemcgovern/Documents/SoundSauce/Melody_Loops/Cymatics - Dragon Pt. 3/Nostalgic/Cymatics - Dragon Nostalgic Loop - Leftovers - 135 BPM C# Min.wav
0165__C#min_135_dragon__Dusk__loop-Cymatics_Dragon_Nostalgic___seed777.wav,C#min,135,dragon,Dusk,777,cKz! Dusk C#min 135 bpm @crushed_keyz,Cymatics - Dragon Nostalgic Loop - Leftovers - 135 BPM C# Min.wav,/Users/mikemcgovern/Documents/SoundSauce/Melody_Loops/Cymatics - Dragon Pt. 3/Nostalgic/Cymatics - Dragon Nostalgic Loop - Leftovers - 135 BPM C# Min.wav
0166__C#min_135_dragon__Panda__loop-Cymatics_Dragon_Nostalgic___seed7.wav,C#min,135,dragon,Panda,7,cKz! Panda C#min 135 bpm @crushed_keyz,Cymatics - Dragon Nostalgic Loop - Leftovers - 135 BPM C# Min.wav,/Users/mikemcgovern/Documents/SoundSauce/Melody_Loops/Cymatics - Dragon Pt. 3/Nostalgic/Cymatics - Dragon Nostalgic Loop - Leftovers - 135 BPM C# Min.wav
0167__C#min_135_dragon__Panda__loop-Cymatics_Dragon_Nostalgic___seed123.wav,C#min,135,dragon,Panda,123,cKz! Panda C#min 135 bpm @crushed_keyz,Cymatics - Dragon Nostalgic Loop - Leftovers - 135 BPM C# Min.wav,/Users/mikemcgovern/Documents/SoundSauce/Melody_Loops/Cymatics - Dragon Pt. 3/Nostalgic/Cymatics - Dragon Nostalgic Loop - Leftovers - 135 BPM C# Min.wav
0168__C#min_135_dragon__Panda__loop-Cymatics_Dragon_Nostalgic___seed777.wav,C#min,135,dragon,Panda,777,cKz! Panda C#min 135 bpm @crushed_keyz,Cymatics - Dragon Nostalgic Loop - Leftovers - 135 BPM C# Min.wav,/Users/mikemcgovern/Documents/SoundSauce/Melody_Loops/Cymatics - Dragon Pt. 3/Nostalgic/Cymatics - Dragon Nostalgic Loop - Leftovers - 135 BPM C# Min.wav
0169__C#min_136_r&b__AzUL__loop-Cymatics_Dragon_R_B_Loop_D__seed7.wav,C#min,136,r&b,AzUL,7,cKz! AzUL C#min 136 bpm @crushed_keyz,Cymatics - Dragon R&B Loop - Dawn To Dusk - 136 BPM C# Min.wav,/Users/mikemcgovern/Documents/SoundSauce/Melody_Loops/Cymatics - Dragon Pt. 4/R&B/Cymatics - Dragon R&B Loop - Dawn To Dusk - 136 BPM C# Min.wav
0170__C#min_136_r&b__AzUL__loop-Cymatics_Dragon_R_B_Loop_D__seed123.wav,C#min,136,r&b,AzUL,123,cKz! AzUL C#min 136 bpm @crushed_keyz,Cymatics - Dragon R&B Loop - Dawn To Dusk - 136 BPM C# Min.wav,/Users/mikemcgovern/Documents/SoundSauce/Melody_Loops/Cymatics - Dragon Pt. 4/R&B/Cymatics - Dragon R&B Loop - Dawn To Dusk - 136 BPM C# Min.wav
0171__C#min_136_r&b__AzUL__loop-Cymatics_Dragon_R_B_Loop_D__seed777.wav,C#min,136,r&b,AzUL,777,cKz! AzUL C#min 136 bpm @crushed_keyz,Cymatics - Dragon R&B Loop - Dawn To Dusk - 136 BPM C# Min.wav,/Users/mikemcgovern/Documents/SoundSauce/Melody_Loops/Cymatics - Dragon Pt. 4/R&B/Cymatics - Dragon R&B Loop - Dawn To Dusk - 136 BPM C# Min.wav
0172__C#min_136_r&b__Crystal__loop-Cymatics_Dragon_R_B_Loop_D__seed7.wav,C#min,136,r&b,Crystal,7,cKz! Crystal C#min 136 bpm @crushed_keyz,Cymatics - Dragon R&B Loop - Dawn To Dusk - 136 BPM C# Min.wav,/Users/mikemcgovern/Documents/SoundSauce/Melody_Loops/Cymatics - Dragon Pt. 4/R&B/Cymatics - Dragon R&B Loop - Dawn To Dusk - 136 BPM C# Min.wav
0173__C#min_136_r&b__Crystal__loop-Cymatics_Dragon_R_B_Loop_D__seed123.wav,C#min,136,r&b,Crystal,123,cKz! Crystal C#min 136 bpm @crushed_keyz,Cymatics - Dragon R&B Loop - Dawn To Dusk - 136 BPM C# Min.wav,/Users/mikemcgovern/Documents/SoundSauce/Melody_Loops/Cymatics - Dragon Pt. 4/R&B/Cymatics - Dragon R&B Loop - Dawn To Dusk - 136 BPM C# Min.wav
0174__C#min_136_r&b__Crystal__loop-Cymatics_Dragon_R_B_Loop_D__seed777.wav,C#min,136,r&b,Crystal,777,cKz! Crystal C#min 136 bpm @crushed_keyz,Cymatics - Dragon R&B Loop - Dawn To Dusk - 136 BPM C# Min.wav,/Users/mikemcgovern/Documents/SoundSauce/Melody_Loops/Cymatics - Dragon Pt. 4/R&B/Cymatics - Dragon R&B Loop - Dawn To Dusk - 136 BPM C# Min.wav
0175__C#min_136_r&b__Veil__loop-Cymatics_Dragon_R_B_Loop_D__seed7.wav,C#min,136,r&b,Veil,7,cKz! Veil C#min 136 bpm @crushed_keyz,Cymatics - Dragon R&B Loop - Dawn To Dusk - 136 BPM C# Min.wav,/Users/mikemcgovern/Documents/SoundSauce/Melody_Loops/Cymatics - Dragon Pt. 4/R&B/Cymatics - Dragon R&B Loop - Dawn To Dusk - 136 BPM C# Min.wav
0176__C#min_136_r&b__Veil__loop-Cymatics_Dragon_R_B_Loop_D__seed123.wav,C#min,136,r&b,Veil,123,cKz! Veil C#min 136 bpm @crushed_keyz,Cymatics - Dragon R&B Loop - Dawn To Dusk - 136 BPM C# Min.wav,/Users/mikemcgovern/Documents/SoundSauce/Melody_Loops/Cymatics - Dragon Pt. 4/R&B/Cymatics - Dragon R&B Loop - Dawn To Dusk - 136 BPM C# Min.wav
0177__C#min_136_r&b__Veil__loop-Cymatics_Dragon_R_B_Loop_D__seed777.wav,C#min,136,r&b,Veil,777,cKz! Veil C#min 136 bpm @crushed_keyz,Cymatics - Dragon R&B Loop - Dawn To Dusk - 136 BPM C# Min.wav,/Users/mikemcgovern/Documents/SoundSauce/Melody_Loops/Cymatics - Dragon Pt. 4/R&B/Cymatics - Dragon R&B Loop - Dawn To Dusk - 136 BPM C# Min.wav
0178__C#min_136_r&b__CoSmoS__loop-Cymatics_Dragon_R_B_Loop_D__seed7.wav,C#min,136,r&b,CoSmoS,7,cKz! CoSmoS C#min 136 bpm @crushed_keyz,Cymatics - Dragon R&B Loop - Dawn To Dusk - 136 BPM C# Min.wav,/Users/mikemcgovern/Documents/SoundSauce/Melody_Loops/Cymatics - Dragon Pt. 4/R&B/Cymatics - Dragon R&B Loop - Dawn To Dusk - 136 BPM C# Min.wav
0179__C#min_136_r&b__CoSmoS__loop-Cymatics_Dragon_R_B_Loop_D__seed123.wav,C#min,136,r&b,CoSmoS,123,cKz! CoSmoS C#min 136 bpm @crushed_keyz,Cymatics - Dragon R&B Loop - Dawn To Dusk - 136 BPM C# Min.wav,/Users/mikemcgovern/Documents/SoundSauce/Melody_Loops/Cymatics - Dragon Pt. 4/R&B/Cymatics - Dragon R&B Loop - Dawn To Dusk - 136 BPM C# Min.wav
0180__C#min_136_r&b__CoSmoS__loop-Cymatics_Dragon_R_B_Loop_D__seed777.wav,C#min,136,r&b,CoSmoS,777,cKz! CoSmoS C#min 136 bpm @crushed_keyz,Cymatics - Dragon R&B Loop - Dawn To Dusk - 136 BPM C# Min.wav,/Users/mikemcgovern/Documents/SoundSauce/Melody_Loops/Cymatics - Dragon Pt. 4/R&B/Cymatics - Dragon R&B Loop - Dawn To Dusk - 136 BPM C# Min.wav
0181__C#min_130_dark__Crystal__loop-Cymatics_Dragon_Platinum_D__seed7.wav,C#min,130,dark,Crystal,7,cKz! Crystal C#min 130 bpm @crushed_keyz,Cymatics - Dragon Platinum Dark Loop - Shadows - 130 BPM C# Min.wav,/Users/mikemcgovern/Documents/SoundSauce/Melody_Loops/Cymatics_Dragon_Platinum_Expansion/Cymatics - Dragon Platinum Dark Loop - Shadows - 130 BPM C# Min.wav
0182__C#min_130_dark__Crystal__loop-Cymatics_Dragon_Platinum_D__seed123.wav,C#min,130,dark,Crystal,123,cKz! Crystal C#min 130 bpm @crushed_keyz,Cymatics - Dragon Platinum Dark Loop - Shadows - 130 BPM C# Min.wav,/Users/mikemcgovern/Documents/SoundSauce/Melody_Loops/Cymatics_Dragon_Platinum_Expansion/Cymatics - Dragon Platinum Dark Loop - Shadows - 130 BPM C# Min.wav
0183__C#min_130_dark__Crystal__loop-Cymatics_Dragon_Platinum_D__seed777.wav,C#min,130,dark,Crystal,777,cKz! Crystal C#min 130 bpm @crushed_keyz,Cymatics - Dragon Platinum Dark Loop - Shadows - 130 BPM C# Min.wav,/Users/mikemcgovern/Documents/SoundSauce/Melody_Loops/Cymatics_Dragon_Platinum_Expansion/Cymatics - Dragon Platinum Dark Loop - Shadows - 130 BPM C# Min.wav
0184__C#min_130_dark__Midnight__loop-Cymatics_Dragon_Platinum_D__seed7.wav,C#min,130,dark,Midnight,7,cKz! Midnight C#min 130 bpm @crushed_keyz,Cymatics - Dragon Platinum Dark Loop - Shadows - 130 BPM C# Min.wav,/Users/mikemcgovern/Documents/SoundSauce/Melody_Loops/Cymatics_Dragon_Platinum_Expansion/Cymatics - Dragon Platinum Dark Loop - Shadows - 130 BPM C# Min.wav
0185__C#min_130_dark__Midnight__loop-Cymatics_Dragon_Platinum_D__seed123.wav,C#min,130,dark,Midnight,123,cKz! Midnight C#min 130 bpm @crushed_keyz,Cymatics - Dragon Platinum Dark Loop - Shadows - 130 BPM C# Min.wav,/Users/mikemcgovern/Documents/SoundSauce/Melody_Loops/Cymatics_Dragon_Platinum_Expansion/Cymatics - Dragon Platinum Dark Loop - Shadows - 130 BPM C# Min.wav
0186__C#min_130_dark__Midnight__loop-Cymatics_Dragon_Platinum_D__seed777.wav,C#min,130,dark,Midnight,777,cKz! Midnight C#min 130 bpm @crushed_keyz,Cymatics - Dragon Platinum Dark Loop - Shadows - 130 BPM C# Min.wav,/Users/mikemcgovern/Documents/SoundSauce/Melody_Loops/Cymatics_Dragon_Platinum_Expansion/Cymatics - Dragon Platinum Dark Loop - Shadows - 130 BPM C# Min.wav
0187__C#min_130_dark__Scenic__loop-Cymatics_Dragon_Platinum_D__seed7.wav,C#min,130,dark,Scenic,7,cKz! Scenic C#min 130 bpm @crushed_keyz,Cymatics - Dragon Platinum Dark Loop - Shadows - 130 BPM C# Min.wav,/Users/mikemcgovern/Documents/SoundSauce/Melody_Loops/Cymatics_Dragon_Platinum_Expansion/Cymatics - Dragon Platinum Dark Loop - Shadows - 130 BPM C# Min.wav
0188__C#min_130_dark__Scenic__loop-Cymatics_Dragon_Platinum_D__seed123.wav,C#min,130,dark,Scenic,123,cKz! Scenic C#min 130 bpm @crushed_keyz,Cymatics - Dragon Platinum Dark Loop - Shadows - 130 BPM C# Min.wav,/Users/mikemcgovern/Documents/SoundSauce/Melody_Loops/Cymatics_Dragon_Platinum_Expansion/Cymatics - Dragon Platinum Dark Loop - Shadows - 130 BPM C# Min.wav
0189__C#min_130_dark__Scenic__loop-Cymatics_Dragon_Platinum_D__seed777.wav,C#min,130,dark,Scenic,777,cKz! Scenic C#min 130 bpm @crushed_keyz,Cymatics - Dragon Platinum Dark Loop - Shadows - 130 BPM C# Min.wav,/Users/mikemcgovern/Documents/SoundSauce/Melody_Loops/Cymatics_Dragon_Platinum_Expansion/Cymatics - Dragon Platinum Dark Loop - Shadows - 130 BPM C# Min.wav
0190__C#min_130_dark__JuPitER__loop-Cymatics_Dragon_Platinum_D__seed7.wav,C#min,130,dark,JuPitER,7,cKz! JuPitER C#min 130 bpm @crushed_keyz,Cymatics - Dragon Platinum Dark Loop - Shadows - 130 BPM C# Min.wav,/Users/mikemcgovern/Documents/SoundSauce/Melody_Loops/Cymatics_Dragon_Platinum_Expansion/Cymatics - Dragon Platinum Dark Loop - Shadows - 130 BPM C# Min.wav
0191__C#min_130_dark__JuPitER__loop-Cymatics_Dragon_Platinum_D__seed123.wav,C#min,130,dark,JuPitER,123,cKz! JuPitER C#min 130 bpm @crushed_keyz,Cymatics - Dragon Platinum Dark Loop - Shadows - 130 BPM C# Min.wav,/Users/mikemcgovern/Documents/SoundSauce/Melody_Loops/Cymatics_Dragon_Platinum_Expansion/Cymatics - Dragon Platinum Dark Loop - Shadows - 130 BPM C# Min.wav
0192__C#min_130_dark__JuPitER__loop-Cymatics_Dragon_Platinum_D__seed777.wav,C#min,130,dark,JuPitER,777,cKz! JuPitER C#min 130 bpm @crushed_keyz,Cymatics - Dragon Platinum Dark Loop - Shadows - 130 BPM C# Min.wav,/Users/mikemcgovern/Documents/SoundSauce/Melody_Loops/Cymatics_Dragon_Platinum_Expansion/Cymatics - Dragon Platinum Dark Loop - Shadows - 130 BPM C# Min.wav
0193__Cmin_102_oracle__Glassland__loop-Cymatics_Oracle_West_Coast__seed7.wav,Cmin,102,oracle,Glassland,7,cKz! Glassland Cmin 102 bpm @crushed_keyz,Cymatics - Oracle West Coast Melody Loop 6 - 102 BPM C Min Piano.wav,/Users/mikemcgovern/Documents/SoundSauce/Melody_Loops/Cymatics Oracle/Stems/Cymatics - Oracle West Coast Melody Loop 6 - 102 BPM C Min Stems/Cymatics - Oracle West Coast Melody Loop 6 - 102 BPM C Min Piano.wav
0194__Cmin_102_oracle__Glassland__loop-Cymatics_Oracle_West_Coast__seed123.wav,Cmin,102,oracle,Glassland,123,cKz! Glassland Cmin 102 bpm @crushed_keyz,Cymatics - Oracle West Coast Melody Loop 6 - 102 BPM C Min Piano.wav,/Users/mikemcgovern/Documents/SoundSauce/Melody_Loops/Cymatics Oracle/Stems/Cymatics - Oracle West Coast Melody Loop 6 - 102 BPM C Min Stems/Cymatics - Oracle West Coast Melody Loop 6 - 102 BPM C Min Piano.wav
0195__Cmin_102_oracle__Glassland__loop-Cymatics_Oracle_West_Coast__seed777.wav,Cmin,102,oracle,Glassland,777,cKz! Glassland Cmin 102 bpm @crushed_keyz,Cymatics - Oracle West Coast Melody Loop 6 - 102 BPM C Min Piano.wav,/Users/mikemcgovern/Documents/SoundSauce/Melody_Loops/Cymatics Oracle/Stems/Cymatics - Oracle West Coast Melody Loop 6 - 102 BPM C Min Stems/Cymatics - Oracle West Coast Melody Loop 6 - 102 BPM C Min Piano.wav
0196__Cmin_102_oracle__Coldhearted__loop-Cymatics_Oracle_West_Coast__seed7.wav,Cmin,102,oracle,Coldhearted,7,cKz! Coldhearted Cmin 102 bpm @crushed_keyz,Cymatics - Oracle West Coast Melody Loop 6 - 102 BPM C Min Piano.wav,/Users/mikemcgovern/Documents/SoundSauce/Melody_Loops/Cymatics Oracle/Stems/Cymatics - Oracle West Coast Melody Loop 6 - 102 BPM C Min Stems/Cymatics - Oracle West Coast Melody Loop 6 - 102 BPM C Min Piano.wav
0197__Cmin_102_oracle__Coldhearted__loop-Cymatics_Oracle_West_Coast__seed123.wav,Cmin,102,oracle,Coldhearted,123,cKz! Coldhearted Cmin 102 bpm @crushed_keyz,Cymatics - Oracle West Coast Melody Loop 6 - 102 BPM C Min Piano.wav,/Users/mikemcgovern/Documents/SoundSauce/Melody_Loops/Cymatics Oracle/Stems/Cymatics - Oracle West Coast Melody Loop 6 - 102 BPM C Min Stems/Cymatics - Oracle West Coast Melody Loop 6 - 102 BPM C Min Piano.wav
0198__Cmin_102_oracle__Coldhearted__loop-Cymatics_Oracle_West_Coast__seed777.wav,Cmin,102,oracle,Coldhearted,777,cKz! Coldhearted Cmin 102 bpm @crushed_keyz,Cymatics - Oracle West Coast Melody Loop 6 - 102 BPM C Min Piano.wav,/Users/mikemcgovern/Documents/SoundSauce/Melody_Loops/Cymatics Oracle/Stems/Cymatics - Oracle West Coast Melody Loop 6 - 102 BPM C Min Stems/Cymatics - Oracle West Coast Melody Loop 6 - 102 BPM C Min Piano.wav
0199__Cmin_102_oracle__Depths__loop-Cymatics_Oracle_West_Coast__seed7.wav,Cmin,102,oracle,Depths,7,cKz! Depths Cmin 102 bpm @crushed_keyz,Cymatics - Oracle West Coast Melody Loop 6 - 102 BPM C Min Piano.wav,/Users/mikemcgovern/Documents/SoundSauce/Melody_Loops/Cymatics Oracle/Stems/Cymatics - Oracle West Coast Melody Loop 6 - 102 BPM C Min Stems/Cymatics - Oracle West Coast Melody Loop 6 - 102 BPM C Min Piano.wav
0200__Cmin_102_oracle__Depths__loop-Cymatics_Oracle_West_Coast__seed123.wav,Cmin,102,oracle,Depths,123,cKz! Depths Cmin 102 bpm @crushed_keyz,Cymatics - Oracle West Coast Melody Loop 6 - 102 BPM C Min Piano.wav,/Users/mikemcgovern/Documents/SoundSauce/Melody_Loops/Cymatics Oracle/Stems/Cymatics - Oracle West Coast Melody Loop 6 - 102 BPM C Min Stems/Cymatics - Oracle West Coast Melody Loop 6 - 102 BPM C Min Piano.wav
0201__Cmin_102_oracle__Depths__loop-Cymatics_Oracle_West_Coast__seed777.wav,Cmin,102,oracle,Depths,777,cKz! Depths Cmin 102 bpm @crushed_keyz,Cymatics - Oracle West Coast Melody Loop 6 - 102 BPM C Min Piano.wav,/Users/mikemcgovern/Documents/SoundSauce/Melody_Loops/Cymatics Oracle/Stems/Cymatics - Oracle West Coast Melody Loop 6 - 102 BPM C Min Stems/Cymatics - Oracle West Coast Melody Loop 6 - 102 BPM C Min Piano.wav
0202__Cmin_102_oracle__Nasty__loop-Cymatics_Oracle_West_Coast__seed7.wav,Cmin,102,oracle,Nasty,7,cKz! Nasty Cmin 102 bpm @crushed_keyz,Cymatics - Oracle West Coast Melody Loop 6 - 102 BPM C Min Piano.wav,/Users/mikemcgovern/Documents/SoundSauce/Melody_Loops/Cymatics Oracle/Stems/Cymatics - Oracle West Coast Melody Loop 6 - 102 BPM C Min Stems/Cymatics - Oracle West Coast Melody Loop 6 - 102 BPM C Min Piano.wav
0203__Cmin_102_oracle__Nasty__loop-Cymatics_Oracle_West_Coast__seed123.wav,Cmin,102,oracle,Nasty,123,cKz! Nasty Cmin 102 bpm @crushed_keyz,Cymatics - Oracle West Coast Melody Loop 6 - 102 BPM C Min Piano.wav,/Users/mikemcgovern/Documents/SoundSauce/Melody_Loops/Cymatics Oracle/Stems/Cymatics - Oracle West Coast Melody Loop 6 - 102 BPM C Min Stems/Cymatics - Oracle West Coast Melody Loop 6 - 102 BPM C Min Piano.wav
0204__Cmin_102_oracle__Nasty__loop-Cymatics_Oracle_West_Coast__seed777.wav,Cmin,102,oracle,Nasty,777,cKz! Nasty Cmin 102 bpm @crushed_keyz,Cymatics - Oracle West Coast Melody Loop 6 - 102 BPM C Min Piano.wav,/Users/mikemcgovern/Documents/SoundSauce/Melody_Loops/Cymatics Oracle/Stems/Cymatics - Oracle West Coast Melody Loop 6 - 102 BPM C Min Stems/Cymatics - Oracle West Coast Melody Loop 6 - 102 BPM C Min Piano.wav
0205__Cmin_80_various__Halo__loop-Cymatics_Dragon_Various_Lo__seed7.wav,Cmin,80,various,Halo,7,cKz! Halo Cmin 80 bpm @crushed_keyz,Cymatics - Dragon Various Loop - Hush - 80 BPM C Min.wav,/Users/mikemcgovern/Documents/SoundSauce/Melody_Loops/Cymatics - Dragon Pt. 5/Various/Cymatics - Dragon Various Loop - Hush - 80 BPM C Min.wav
0206__Cmin_80_various__Halo__loop-Cymatics_Dragon_Various_Lo__seed123.wav,Cmin,80,various,Halo,123,cKz! Halo Cmin 80 bpm @crushed_keyz,Cymatics - Dragon Various Loop - Hush - 80 BPM C Min.wav,/Users/mikemcgovern/Documents/SoundSauce/Melody_Loops/Cymatics - Dragon Pt. 5/Various/Cymatics - Dragon Various Loop - Hush - 80 BPM C Min.wav
0207__Cmin_80_various__Halo__loop-Cymatics_Dragon_Various_Lo__seed777.wav,Cmin,80,various,Halo,777,cKz! Halo Cmin 80 bpm @crushed_keyz,Cymatics - Dragon Various Loop - Hush - 80 BPM C Min.wav,/Users/mikemcgovern/Documents/SoundSauce/Melody_Loops/Cymatics - Dragon Pt. 5/Various/Cymatics - Dragon Various Loop - Hush - 80 BPM C Min.wav
0208__Cmin_80_various__JuPitER__loop-Cymatics_Dragon_Various_Lo__seed7.wav,Cmin,80,various,JuPitER,7,cKz! JuPitER Cmin 80 bpm @crushed_keyz,Cymatics - Dragon Various Loop - Hush - 80 BPM C Min.wav,/Users/mikemcgovern/Documents/SoundSauce/Melody_Loops/Cymatics - Dragon Pt. 5/Various/Cymatics - Dragon Various Loop - Hush - 80 BPM C Min.wav
0209__Cmin_80_various__JuPitER__loop-Cymatics_Dragon_Various_Lo__seed123.wav,Cmin,80,various,JuPitER,123,cKz! JuPitER Cmin 80 bpm @crushed_keyz,Cymatics - Dragon Various Loop - Hush - 80 BPM C Min.wav,/Users/mikemcgovern/Documents/SoundSauce/Melody_Loops/Cymatics - Dragon Pt. 5/Various/Cymatics - Dragon Various Loop - Hush - 80 BPM C Min.wav
0210__Cmin_80_various__JuPitER__loop-Cymatics_Dragon_Various_Lo__seed777.wav,Cmin,80,various,JuPitER,777,cKz! JuPitER Cmin 80 bpm @crushed_keyz,Cymatics - Dragon Various Loop - Hush - 80 BPM C Min.wav,/Users/mikemcgovern/Documents/SoundSauce/Melody_Loops/Cymatics - Dragon Pt. 5/Various/Cymatics - Dragon Various Loop - Hush - 80 BPM C Min.wav
0211__Cmin_80_various__Panda__loop-Cymatics_Dragon_Various_Lo__seed7.wav,Cmin,80,various,Panda,7,cKz! Panda Cmin 80 bpm @crushed_keyz,Cymatics - Dragon Various Loop - Hush - 80 BPM C Min.wav,/Users/mikemcgovern/Documents/SoundSauce/Melody_Loops/Cymatics - Dragon Pt. 5/Various/Cymatics - Dragon Various Loop - Hush - 80 BPM C Min.wav
0212__Cmin_80_various__Panda__loop-Cymatics_Dragon_Various_Lo__seed123.wav,Cmin,80,various,Panda,123,cKz! Panda Cmin 80 bpm @crushed_keyz,Cymatics - Dragon Various Loop - Hush - 80 BPM C Min.wav,/Users/mikemcgovern/Documents/SoundSauce/Melody_Loops/Cymatics - Dragon Pt. 5/Various/Cymatics - Dragon Various Loop - Hush - 80 BPM C Min.wav
0213__Cmin_80_various__Panda__loop-Cymatics_Dragon_Various_Lo__seed777.wav,Cmin,80,various,Panda,777,cKz! Panda Cmin 80 bpm @crushed_keyz,Cymatics - Dragon Various Loop - Hush - 80 BPM C Min.wav,/Users/mikemcgovern/Documents/SoundSauce/Melody_Loops/Cymatics - Dragon Pt. 5/Various/Cymatics - Dragon Various Loop - Hush - 80 BPM C Min.wav
0214__Cmin_80_various__Rent_Free__loop-Cymatics_Dragon_Various_Lo__seed7.wav,Cmin,80,various,Rent_Free,7,cKz! Rent_Free Cmin 80 bpm @crushed_keyz,Cymatics - Dragon Various Loop - Hush - 80 BPM C Min.wav,/Users/mikemcgovern/Documents/SoundSauce/Melody_Loops/Cymatics - Dragon Pt. 5/Various/Cymatics - Dragon Various Loop - Hush - 80 BPM C Min.wav
0215__Cmin_80_various__Rent_Free__loop-Cymatics_Dragon_Various_Lo__seed123.wav,Cmin,80,various,Rent_Free,123,cKz! Rent_Free Cmin 80 bpm @crushed_keyz,Cymatics - Dragon Various Loop - Hush - 80 BPM C Min.wav,/Users/mikemcgovern/Documents/SoundSauce/Melody_Loops/Cymatics - Dragon Pt. 5/Various/Cymatics - Dragon Various Loop - Hush - 80 BPM C Min.wav
0216__Cmin_80_various__Rent_Free__loop-Cymatics_Dragon_Various_Lo__seed777.wav,Cmin,80,various,Rent_Free,777,cKz! Rent_Free Cmin 80 bpm @crushed_keyz,Cymatics - Dragon Various Loop - Hush - 80 BPM C Min.wav,/Users/mikemcgovern/Documents/SoundSauce/Melody_Loops/Cymatics - Dragon Pt. 5/Various/Cymatics - Dragon Various Loop - Hush - 80 BPM C Min.wav
0217__Cmin_65_trap__Depths__loop-Cymatics_Dragon_Platinum_O__seed7.wav,Cmin,65,trap,Depths,7,cKz! Depths Cmin 65 bpm @crushed_keyz,Cymatics - Dragon Platinum Orchestral Loop - Trap Or Die - 65 BPM C Min.wav,/Users/mikemcgovern/Documents/SoundSauce/Melody_Loops/Cymatics_Dragon_Platinum_Expansion/Cymatics - Dragon Platinum Orchestral Loop - Trap Or Die - 65 BPM C Min.wav
0218__Cmin_65_trap__Depths__loop-Cymatics_Dragon_Platinum_O__seed123.wav,Cmin,65,trap,Depths,123,cKz! Depths Cmin 65 bpm @crushed_keyz,Cymatics - Dragon Platinum Orchestral Loop - Trap Or Die - 65 BPM C Min.wav,/Users/mikemcgovern/Documents/SoundSauce/Melody_Loops/Cymatics_Dragon_Platinum_Expansion/Cymatics - Dragon Platinum Orchestral Loop - Trap Or Die - 65 BPM C Min.wav
0219__Cmin_65_trap__Depths__loop-Cymatics_Dragon_Platinum_O__seed777.wav,Cmin,65,trap,Depths,777,cKz! Depths Cmin 65 bpm @crushed_keyz,Cymatics - Dragon Platinum Orchestral Loop - Trap Or Die - 65 BPM C Min.wav,/Users/mikemcgovern/Documents/SoundSauce/Melody_Loops/Cymatics_Dragon_Platinum_Expansion/Cymatics - Dragon Platinum Orchestral Loop - Trap Or Die - 65 BPM C Min.wav
0220__Cmin_65_trap__BANDS__loop-Cymatics_Dragon_Platinum_O__seed7.wav,Cmin,65,trap,BANDS,7,cKz! BANDS Cmin 65 bpm @crushed_keyz,Cymatics - Dragon Platinum Orchestral Loop - Trap Or Die - 65 BPM C Min.wav,/Users/mikemcgovern/Documents/SoundSauce/Melody_Loops/Cymatics_Dragon_Platinum_Expansion/Cymatics - Dragon Platinum Orchestral Loop - Trap Or Die - 65 BPM C Min.wav
0221__Cmin_65_trap__BANDS__loop-Cymatics_Dragon_Platinum_O__seed123.wav,Cmin,65,trap,BANDS,123,cKz! BANDS Cmin 65 bpm @crushed_keyz,Cymatics - Dragon Platinum Orchestral Loop - Trap Or Die - 65 BPM C Min.wav,/Users/mikemcgovern/Documents/SoundSauce/Melody_Loops/Cymatics_Dragon_Platinum_Expansion/Cymatics - Dragon Platinum Orchestral Loop - Trap Or Die - 65 BPM C Min.wav
0222__Cmin_65_trap__BANDS__loop-Cymatics_Dragon_Platinum_O__seed777.wav,Cmin,65,trap,BANDS,777,cKz! BANDS Cmin 65 bpm @crushed_keyz,Cymatics - Dragon Platinum Orchestral Loop - Trap Or Die - 65 BPM C Min.wav,/Users/mikemcgovern/Documents/SoundSauce/Melody_Loops/Cymatics_Dragon_Platinum_Expansion/Cymatics - Dragon Platinum Orchestral Loop - Trap Or Die - 65 BPM C Min.wav
0223__Cmin_65_trap__StarLight__loop-Cymatics_Dragon_Platinum_O__seed7.wav,Cmin,65,trap,StarLight,7,cKz! StarLight Cmin 65 bpm @crushed_keyz,Cymatics - Dragon Platinum Orchestral Loop - Trap Or Die - 65 BPM C Min.wav,/Users/mikemcgovern/Documents/SoundSauce/Melody_Loops/Cymatics_Dragon_Platinum_Expansion/Cymatics - Dragon Platinum Orchestral Loop - Trap Or Die - 65 BPM C Min.wav
0224__Cmin_65_trap__StarLight__loop-Cymatics_Dragon_Platinum_O__seed123.wav,Cmin,65,trap,StarLight,123,cKz! StarLight Cmin 65 bpm @crushed_keyz,Cymatics - Dragon Platinum Orchestral Loop - Trap Or Die - 65 BPM C Min.wav,/Users/mikemcgovern/Documents/SoundSauce/Melody_Loops/Cymatics_Dragon_Platinum_Expansion/Cymatics - Dragon Platinum Orchestral Loop - Trap Or Die - 65 BPM C Min.wav
0225__Cmin_65_trap__StarLight__loop-Cymatics_Dragon_Platinum_O__seed777.wav,Cmin,65,trap,StarLight,777,cKz! StarLight Cmin 65 bpm @crushed_keyz,Cymatics - Dragon Platinum Orchestral Loop - Trap Or Die - 65 BPM C Min.wav,/Users/mikemcgovern/Documents/SoundSauce/Melody_Loops/Cymatics_Dragon_Platinum_Expansion/Cymatics - Dragon Platinum Orchestral Loop - Trap Or Die - 65 BPM C Min.wav
0226__Cmin_65_trap__Glassland__loop-Cymatics_Dragon_Platinum_O__seed7.wav,Cmin,65,trap,Glassland,7,cKz! Glassland Cmin 65 bpm @crushed_keyz,Cymatics - Dragon Platinum Orchestral Loop - Trap Or Die - 65 BPM C Min.wav,/Users/mikemcgovern/Documents/SoundSauce/Melody_Loops/Cymatics_Dragon_Platinum_Expansion/Cymatics - Dragon Platinum Orchestral Loop - Trap Or Die - 65 BPM C Min.wav
0227__Cmin_65_trap__Glassland__loop-Cymatics_Dragon_Platinum_O__seed123.wav,Cmin,65,trap,Glassland,123,cKz! Glassland Cmin 65 bpm @crushed_keyz,Cymatics - Dragon Platinum Orchestral Loop - Trap Or Die - 65 BPM C Min.wav,/Users/mikemcgovern/Documents/SoundSauce/Melody_Loops/Cymatics_Dragon_Platinum_Expansion/Cymatics - Dragon Platinum Orchestral Loop - Trap Or Die - 65 BPM C Min.wav
0228__Cmin_65_trap__Glassland__loop-Cymatics_Dragon_Platinum_O__seed777.wav,Cmin,65,trap,Glassland,777,cKz! Glassland Cmin 65 bpm @crushed_keyz,Cymatics - Dragon Platinum Orchestral Loop - Trap Or Die - 65 BPM C Min.wav,/Users/mikemcgovern/Documents/SoundSauce/Melody_Loops/Cymatics_Dragon_Platinum_Expansion/Cymatics - Dragon Platinum Orchestral Loop - Trap Or Die - 65 BPM C Min.wav
0229__Cmin_128_dragon__Scenic__loop-Cymatics_Dragon_Nostalgic___seed7.wav,Cmin,128,dragon,Scenic,7,cKz! Scenic Cmin 128 bpm @crushed_keyz,Cymatics - Dragon Nostalgic Loop - Renaissance - 128 BPM C Min.wav,/Users/mikemcgovern/Documents/SoundSauce/Melody_Loops/Cymatics - Dragon Pt. 3/Nostalgic/Cymatics - Dragon Nostalgic Loop - Renaissance - 128 BPM C Min.wav
0230__Cmin_128_dragon__Scenic__loop-Cymatics_Dragon_Nostalgic___seed123.wav,Cmin,128,dragon,Scenic,123,cKz! Scenic Cmin 128 bpm @crushed_keyz,Cymatics - Dragon Nostalgic Loop - Renaissance - 128 BPM C Min.wav,/Users/mikemcgovern/Documents/SoundSauce/Melody_Loops/Cymatics - Dragon Pt. 3/Nostalgic/Cymatics - Dragon Nostalgic Loop - Renaissance - 128 BPM C Min.wav
0231__Cmin_128_dragon__Scenic__loop-Cymatics_Dragon_Nostalgic___seed777.wav,Cmin,128,dragon,Scenic,777,cKz! Scenic Cmin 128 bpm @crushed_keyz,Cymatics - Dragon Nostalgic Loop - Renaissance - 128 BPM C Min.wav,/Users/mikemcgovern/Documents/SoundSauce/Melody_Loops/Cymatics - Dragon Pt. 3/Nostalgic/Cymatics - Dragon Nostalgic Loop - Renaissance - 128 BPM C Min.wav
0232__Cmin_128_dragon__JuPitER__loop-Cymatics_Dragon_Nostalgic___seed7.wav,Cmin,128,dragon,JuPitER,7,cKz! JuPitER Cmin 128 bpm @crushed_keyz,Cymatics - Dragon Nostalgic Loop - Renaissance - 128 BPM C Min.wav,/Users/mikemcgovern/Documents/SoundSauce/Melody_Loops/Cymatics - Dragon Pt. 3/Nostalgic/Cymatics - Dragon Nostalgic Loop - Renaissance - 128 BPM C Min.wav
0233__Cmin_128_dragon__JuPitER__loop-Cymatics_Dragon_Nostalgic___seed123.wav,Cmin,128,dragon,JuPitER,123,cKz! JuPitER Cmin 128 bpm @crushed_keyz,Cymatics - Dragon Nostalgic Loop - Renaissance - 128 BPM C Min.wav,/Users/mikemcgovern/Documents/SoundSauce/Melody_Loops/Cymatics - Dragon Pt. 3/Nostalgic/Cymatics - Dragon Nostalgic Loop - Renaissance - 128 BPM C Min.wav
0234__Cmin_128_dragon__JuPitER__loop-Cymatics_Dragon_Nostalgic___seed777.wav,Cmin,128,dragon,JuPitER,777,cKz! JuPitER Cmin 128 bpm @crushed_keyz,Cymatics - Dragon Nostalgic Loop - Renaissance - 128 BPM C Min.wav,/Users/mikemcgovern/Documents/SoundSauce/Melody_Loops/Cymatics - Dragon Pt. 3/Nostalgic/Cymatics - Dragon Nostalgic Loop - Renaissance - 128 BPM C Min.wav
0235__Cmin_128_dragon__LATE__loop-Cymatics_Dragon_Nostalgic___seed7.wav,Cmin,128,dragon,LATE,7,cKz! LATE Cmin 128 bpm @crushed_keyz,Cymatics - Dragon Nostalgic Loop - Renaissance - 128 BPM C Min.wav,/Users/mikemcgovern/Documents/SoundSauce/Melody_Loops/Cymatics - Dragon Pt. 3/Nostalgic/Cymatics - Dragon Nostalgic Loop - Renaissance - 128 BPM C Min.wav
0236__Cmin_128_dragon__LATE__loop-Cymatics_Dragon_Nostalgic___seed123.wav,Cmin,128,dragon,LATE,123,cKz! LATE Cmin 128 bpm @crushed_keyz,Cymatics - Dragon Nostalgic Loop - Renaissance - 128 BPM C Min.wav,/Users/mikemcgovern/Documents/SoundSauce/Melody_Loops/Cymatics - Dragon Pt. 3/Nostalgic/Cymatics - Dragon Nostalgic Loop - Renaissance - 128 BPM C Min.wav
0237__Cmin_128_dragon__LATE__loop-Cymatics_Dragon_Nostalgic___seed777.wav,Cmin,128,dragon,LATE,777,cKz! LATE Cmin 128 bpm @crushed_keyz,Cymatics - Dragon Nostalgic Loop - Renaissance - 128 BPM C Min.wav,/Users/mikemcgovern/Documents/SoundSauce/Melody_Loops/Cymatics - Dragon Pt. 3/Nostalgic/Cymatics - Dragon Nostalgic Loop - Renaissance - 128 BPM C Min.wav
0238__Cmin_128_dragon__Crystal__loop-Cymatics_Dragon_Nostalgic___seed7.wav,Cmin,128,dragon,Crystal,7,cKz! Crystal Cmin 128 bpm @crushed_keyz,Cymatics - Dragon Nostalgic Loop - Renaissance - 128 BPM C Min.wav,/Users/mikemcgovern/Documents/SoundSauce/Melody_Loops/Cymatics - Dragon Pt. 3/Nostalgic/Cymatics - Dragon Nostalgic Loop - Renaissance - 128 BPM C Min.wav
0239__Cmin_128_dragon__Crystal__loop-Cymatics_Dragon_Nostalgic___seed123.wav,Cmin,128,dragon,Crystal,123,cKz! Crystal Cmin 128 bpm @crushed_keyz,Cymatics - Dragon Nostalgic Loop - Renaissance - 128 BPM C Min.wav,/Users/mikemcgovern/Documents/SoundSauce/Melody_Loops/Cymatics - Dragon Pt. 3/Nostalgic/Cymatics - Dragon Nostalgic Loop - Renaissance - 128 BPM C Min.wav
0240__Cmin_128_dragon__Crystal__loop-Cymatics_Dragon_Nostalgic___seed777.wav,Cmin,128,dragon,Crystal,777,cKz! Crystal Cmin 128 bpm @crushed_keyz,Cymatics - Dragon Nostalgic Loop - Renaissance - 128 BPM C Min.wav,/Users/mikemcgovern/Documents/SoundSauce/Melody_Loops/Cymatics - Dragon Pt. 3/Nostalgic/Cymatics - Dragon Nostalgic Loop - Renaissance - 128 BPM C Min.wav
0241__D#min_106_various__Pressure__loop-Cymatics_Dragon_Various_Lo__seed7.wav,D#min,106,various,Pressure,7,cKz! Pressure D#min 106 bpm @crushed_keyz,Cymatics - Dragon Various Loop - Thieves - 106 BPM D# Min.wav,/Users/mikemcgovern/Documents/SoundSauce/Melody_Loops/Cymatics - Dragon Pt. 5/Various/Cymatics - Dragon Various Loop - Thieves - 106 BPM D# Min.wav
0242__D#min_106_various__Pressure__loop-Cymatics_Dragon_Various_Lo__seed123.wav,D#min,106,various,Pressure,123,cKz! Pressure D#min 106 bpm @crushed_keyz,Cymatics - Dragon Various Loop - Thieves - 106 BPM D# Min.wav,/Users/mikemcgovern/Documents/SoundSauce/Melody_Loops/Cymatics - Dragon Pt. 5/Various/Cymatics - Dragon Various Loop - Thieves - 106 BPM D# Min.wav
0243__D#min_106_various__Pressure__loop-Cymatics_Dragon_Various_Lo__seed777.wav,D#min,106,various,Pressure,777,cKz! Pressure D#min 106 bpm @crushed_keyz,Cymatics - Dragon Various Loop - Thieves - 106 BPM D# Min.wav,/Users/mikemcgovern/Documents/SoundSauce/Melody_Loops/Cymatics - Dragon Pt. 5/Various/Cymatics - Dragon Various Loop - Thieves - 106 BPM D# Min.wav
0244__D#min_106_various__JUNGLE__loop-Cymatics_Dragon_Various_Lo__seed7.wav,D#min,106,various,JUNGLE,7,cKz! JUNGLE D#min 106 bpm @crushed_keyz,Cymatics - Dragon Various Loop - Thieves - 106 BPM D# Min.wav,/Users/mikemcgovern/Documents/SoundSauce/Melody_Loops/Cymatics - Dragon Pt. 5/Various/Cymatics - Dragon Various Loop - Thieves - 106 BPM D# Min.wav
0245__D#min_106_various__JUNGLE__loop-Cymatics_Dragon_Various_Lo__seed123.wav,D#min,106,various,JUNGLE,123,cKz! JUNGLE D#min 106 bpm @crushed_keyz,Cymatics - Dragon Various Loop - Thieves - 106 BPM D# Min.wav,/Users/mikemcgovern/Documents/SoundSauce/Melody_Loops/Cymatics - Dragon Pt. 5/Various/Cymatics - Dragon Various Loop - Thieves - 106 BPM D# Min.wav
0246__D#min_106_various__JUNGLE__loop-Cymatics_Dragon_Various_Lo__seed777.wav,D#min,106,various,JUNGLE,777,cKz! JUNGLE D#min 106 bpm @crushed_keyz,Cymatics - Dragon Various Loop - Thieves - 106 BPM D# Min.wav,/Users/mikemcgovern/Documents/SoundSauce/Melody_Loops/Cymatics - Dragon Pt. 5/Various/Cymatics - Dragon Various Loop - Thieves - 106 BPM D# Min.wav
0247__D#min_106_various__Crystal__loop-Cymatics_Dragon_Various_Lo__seed7.wav,D#min,106,various,Crystal,7,cKz! Crystal D#min 106 bpm @crushed_keyz,Cymatics - Dragon Various Loop - Thieves - 106 BPM D# Min.wav,/Users/mikemcgovern/Documents/SoundSauce/Melody_Loops/Cymatics - Dragon Pt. 5/Various/Cymatics - Dragon Various Loop - Thieves - 106 BPM D# Min.wav
0248__D#min_106_various__Crystal__loop-Cymatics_Dragon_Various_Lo__seed123.wav,D#min,106,various,Crystal,123,cKz! Crystal D#min 106 bpm @crushed_keyz,Cymatics - Dragon Various Loop - Thieves - 106 BPM D# Min.wav,/Users/mikemcgovern/Documents/SoundSauce/Melody_Loops/Cymatics - Dragon Pt. 5/Various/Cymatics - Dragon Various Loop - Thieves - 106 BPM D# Min.wav
0249__D#min_106_various__Crystal__loop-Cymatics_Dragon_Various_Lo__seed777.wav,D#min,106,various,Crystal,777,cKz! Crystal D#min 106 bpm @crushed_keyz,Cymatics - Dragon Various Loop - Thieves - 106 BPM D# Min.wav,/Users/mikemcgovern/Documents/SoundSauce/Melody_Loops/Cymatics - Dragon Pt. 5/Various/Cymatics - Dragon Various Loop - Thieves - 106 BPM D# Min.wav
0250__D#min_106_various__AzUL__loop-Cymatics_Dragon_Various_Lo__seed7.wav,D#min,106,various,AzUL,7,cKz! AzUL D#min 106 bpm @crushed_keyz,Cymatics - Dragon Various Loop - Thieves - 106 BPM D# Min.wav,/Users/mikemcgovern/Documents/SoundSauce/Melody_Loops/Cymatics - Dragon Pt. 5/Various/Cymatics - Dragon Various Loop - Thieves - 106 BPM D# Min.wav
0251__D#min_106_various__AzUL__loop-Cymatics_Dragon_Various_Lo__seed123.wav,D#min,106,various,AzUL,123,cKz! AzUL D#min 106 bpm @crushed_keyz,Cymatics - Dragon Various Loop - Thieves - 106 BPM D# Min.wav,/Users/mikemcgovern/Documents/SoundSauce/Melody_Loops/Cymatics - Dragon Pt. 5/Various/Cymatics - Dragon Various Loop - Thieves - 106 BPM D# Min.wav
0252__D#min_106_various__AzUL__loop-Cymatics_Dragon_Various_Lo__seed777.wav,D#min,106,various,AzUL,777,cKz! AzUL D#min 106 bpm @crushed_keyz,Cymatics - Dragon Various Loop - Thieves - 106 BPM D# Min.wav,/Users/mikemcgovern/Documents/SoundSauce/Melody_Loops/Cymatics - Dragon Pt. 5/Various/Cymatics - Dragon Various Loop - Thieves - 106 BPM D# Min.wav
0253__D#min_90_r&b__Pressure__loop-Cymatics_Oracle_R_B_Melody__seed7.wav,D#min,90,r&b,Pressure,7,cKz! Pressure D#min 90 bpm @crushed_keyz,Cymatics - Oracle R&B Melody Loop 1 - 90 BPM D# Min Piano.wav,/Users/mikemcgovern/Documents/SoundSauce/Melody_Loops/Cymatics Oracle/Stems/Cymatics - Oracle R&B Melody Loop 1 - 90 BPM D# Min Stems/Cymatics - Oracle R&B Melody Loop 1 - 90 BPM D# Min Piano.wav
0254__D#min_90_r&b__Pressure__loop-Cymatics_Oracle_R_B_Melody__seed123.wav,D#min,90,r&b,Pressure,123,cKz! Pressure D#min 90 bpm @crushed_keyz,Cymatics - Oracle R&B Melody Loop 1 - 90 BPM D# Min Piano.wav,/Users/mikemcgovern/Documents/SoundSauce/Melody_Loops/Cymatics Oracle/Stems/Cymatics - Oracle R&B Melody Loop 1 - 90 BPM D# Min Stems/Cymatics - Oracle R&B Melody Loop 1 - 90 BPM D# Min Piano.wav
0255__D#min_90_r&b__Pressure__loop-Cymatics_Oracle_R_B_Melody__seed777.wav,D#min,90,r&b,Pressure,777,cKz! Pressure D#min 90 bpm @crushed_keyz,Cymatics - Oracle R&B Melody Loop 1 - 90 BPM D# Min Piano.wav,/Users/mikemcgovern/Documents/SoundSauce/Melody_Loops/Cymatics Oracle/Stems/Cymatics - Oracle R&B Melody Loop 1 - 90 BPM D# Min Stems/Cymatics - Oracle R&B Melody Loop 1 - 90 BPM D# Min Piano.wav
0256__D#min_90_r&b__LowKey__loop-Cymatics_Oracle_R_B_Melody__seed7.wav,D#min,90,r&b,LowKey,7,cKz! LowKey D#min 90 bpm @crushed_keyz,Cymatics - Oracle R&B Melody Loop 1 - 90 BPM D# Min Piano.wav,/Users/mikemcgovern/Documents/SoundSauce/Melody_Loops/Cymatics Oracle/Stems/Cymatics - Oracle R&B Melody Loop 1 - 90 BPM D# Min Stems/Cymatics - Oracle R&B Melody Loop 1 - 90 BPM D# Min Piano.wav
0257__D#min_90_r&b__LowKey__loop-Cymatics_Oracle_R_B_Melody__seed123.wav,D#min,90,r&b,LowKey,123,cKz! LowKey D#min 90 bpm @crushed_keyz,Cymatics - Oracle R&B Melody Loop 1 - 90 BPM D# Min Piano.wav,/Users/mikemcgovern/Documents/SoundSauce/Melody_Loops/Cymatics Oracle/Stems/Cymatics - Oracle R&B Melody Loop 1 - 90 BPM D# Min Stems/Cymatics - Oracle R&B Melody Loop 1 - 90 BPM D# Min Piano.wav
0258__D#min_90_r&b__LowKey__loop-Cymatics_Oracle_R_B_Melody__seed777.wav,D#min,90,r&b,LowKey,777,cKz! LowKey D#min 90 bpm @crushed_keyz,Cymatics - Oracle R&B Melody Loop 1 - 90 BPM D# Min Piano.wav,/Users/mikemcgovern/Documents/SoundSauce/Melody_Loops/Cymatics Oracle/Stems/Cymatics - Oracle R&B Melody Loop 1 - 90 BPM D# Min Stems/Cymatics - Oracle R&B Melody Loop 1 - 90 BPM D# Min Piano.wav
0259__D#min_90_r&b__JuPitER__loop-Cymatics_Oracle_R_B_Melody__seed7.wav,D#min,90,r&b,JuPitER,7,cKz! JuPitER D#min 90 bpm @crushed_keyz,Cymatics - Oracle R&B Melody Loop 1 - 90 BPM D# Min Piano.wav,/Users/mikemcgovern/Documents/SoundSauce/Melody_Loops/Cymatics Oracle/Stems/Cymatics - Oracle R&B Melody Loop 1 - 90 BPM D# Min Stems/Cymatics - Oracle R&B Melody Loop 1 - 90 BPM D# Min Piano.wav
0260__D#min_90_r&b__JuPitER__loop-Cymatics_Oracle_R_B_Melody__seed123.wav,D#min,90,r&b,JuPitER,123,cKz! JuPitER D#min 90 bpm @crushed_keyz,Cymatics - Oracle R&B Melody Loop 1 - 90 BPM D# Min Piano.wav,/Users/mikemcgovern/Documents/SoundSauce/Melody_Loops/Cymatics Oracle/Stems/Cymatics - Oracle R&B Melody Loop 1 - 90 BPM D# Min Stems/Cymatics - Oracle R&B Melody Loop 1 - 90 BPM D# Min Piano.wav
0261__D#min_90_r&b__JuPitER__loop-Cymatics_Oracle_R_B_Melody__seed777.wav,D#min,90,r&b,JuPitER,777,cKz! JuPitER D#min 90 bpm @crushed_keyz,Cymatics - Oracle R&B Melody Loop 1 - 90 BPM D# Min Piano.wav,/Users/mikemcgovern/Documents/SoundSauce/Melody_Loops/Cymatics Oracle/Stems/Cymatics - Oracle R&B Melody Loop 1 - 90 BPM D# Min Stems/Cymatics - Oracle R&B Melody Loop 1 - 90 BPM D# Min Piano.wav
0262__D#min_90_r&b__Panda__loop-Cymatics_Oracle_R_B_Melody__seed7.wav,D#min,90,r&b,Panda,7,cKz! Panda D#min 90 bpm @crushed_keyz,Cymatics - Oracle R&B Melody Loop 1 - 90 BPM D# Min Piano.wav,/Users/mikemcgovern/Documents/SoundSauce/Melody_Loops/Cymatics Oracle/Stems/Cymatics - Oracle R&B Melody Loop 1 - 90 BPM D# Min Stems/Cymatics - Oracle R&B Melody Loop 1 - 90 BPM D# Min Piano.wav
0263__D#min_90_r&b__Panda__loop-Cymatics_Oracle_R_B_Melody__seed123.wav,D#min,90,r&b,Panda,123,cKz! Panda D#min 90 bpm @crushed_keyz,Cymatics - Oracle R&B Melody Loop 1 - 90 BPM D# Min Piano.wav,/Users/mikemcgovern/Documents/SoundSauce/Melody_Loops/Cymatics Oracle/Stems/Cymatics - Oracle R&B Melody Loop 1 - 90 BPM D# Min Stems/Cymatics - Oracle R&B Melody Loop 1 - 90 BPM D# Min Piano.wav
0264__D#min_90_r&b__Panda__loop-Cymatics_Oracle_R_B_Melody__seed777.wav,D#min,90,r&b,Panda,777,cKz! Panda D#min 90 bpm @crushed_keyz,Cymatics - Oracle R&B Melody Loop 1 - 90 BPM D# Min Piano.wav,/Users/mikemcgovern/Documents/SoundSauce/Melody_Loops/Cymatics Oracle/Stems/Cymatics - Oracle R&B Melody Loop 1 - 90 BPM D# Min Stems/Cymatics - Oracle R&B Melody Loop 1 - 90 BPM D# Min Piano.wav
0265__D#min_140_cobra__Halo__loop-Cymatics_Cobra_Melody_Loop__seed7.wav,D#min,140,cobra,Halo,7,cKz! Halo D#min 140 bpm @crushed_keyz,Cymatics - Cobra Melody Loop 13 - 140 BPM D# Min.wav,/Users/mikemcgovern/Documents/SoundSauce/Melody_Loops/Cymatics Cobra - Melodics/Melody Loops/Cymatics - Cobra Melody Loop 13 - 140 BPM D# Min.wav
0266__D#min_140_cobra__Halo__loop-Cymatics_Cobra_Melody_Loop__seed123.wav,D#min,140,cobra,Halo,123,cKz! Halo D#min 140 bpm @crushed_keyz,Cymatics - Cobra Melody Loop 13 - 140 BPM D# Min.wav,/Users/mikemcgovern/Documents/SoundSauce/Melody_Loops/Cymatics Cobra - Melodics/Melody Loops/Cymatics - Cobra Melody Loop 13 - 140 BPM D# Min.wav
0267__D#min_140_cobra__Halo__loop-Cymatics_Cobra_Melody_Loop__seed777.wav,D#min,140,cobra,Halo,777,cKz! Halo D#min 140 bpm @crushed_keyz,Cymatics - Cobra Melody Loop 13 - 140 BPM D# Min.wav,/Users/mikemcgovern/Documents/SoundSauce/Melody_Loops/Cymatics Cobra - Melodics/Melody Loops/Cymatics - Cobra Melody Loop 13 - 140 BPM D# Min.wav
0268__D#min_140_cobra__CANOPY__loop-Cymatics_Cobra_Melody_Loop__seed7.wav,D#min,140,cobra,CANOPY,7,cKz! CANOPY D#min 140 bpm @crushed_keyz,Cymatics - Cobra Melody Loop 13 - 140 BPM D# Min.wav,/Users/mikemcgovern/Documents/SoundSauce/Melody_Loops/Cymatics Cobra - Melodics/Melody Loops/Cymatics - Cobra Melody Loop 13 - 140 BPM D# Min.wav
0269__D#min_140_cobra__CANOPY__loop-Cymatics_Cobra_Melody_Loop__seed123.wav,D#min,140,cobra,CANOPY,123,cKz! CANOPY D#min 140 bpm @crushed_keyz,Cymatics - Cobra Melody Loop 13 - 140 BPM D# Min.wav,/Users/mikemcgovern/Documents/SoundSauce/Melody_Loops/Cymatics Cobra - Melodics/Melody Loops/Cymatics - Cobra Melody Loop 13 - 140 BPM D# Min.wav
0270__D#min_140_cobra__CANOPY__loop-Cymatics_Cobra_Melody_Loop__seed777.wav,D#min,140,cobra,CANOPY,777,cKz! CANOPY D#min 140 bpm @crushed_keyz,Cymatics - Cobra Melody Loop 13 - 140 BPM D# Min.wav,/Users/mikemcgovern/Documents/SoundSauce/Melody_Loops/Cymatics Cobra - Melodics/Melody Loops/Cymatics - Cobra Melody Loop 13 - 140 BPM D# Min.wav
0271__D#min_140_cobra__Pressure__loop-Cymatics_Cobra_Melody_Loop__seed7.wav,D#min,140,cobra,Pressure,7,cKz! Pressure D#min 140 bpm @crushed_keyz,Cymatics - Cobra Melody Loop 13 - 140 BPM D# Min.wav,/Users/mikemcgovern/Documents/SoundSauce/Melody_Loops/Cymatics Cobra - Melodics/Melody Loops/Cymatics - Cobra Melody Loop 13 - 140 BPM D# Min.wav
0272__D#min_140_cobra__Pressure__loop-Cymatics_Cobra_Melody_Loop__seed123.wav,D#min,140,cobra,Pressure,123,cKz! Pressure D#min 140 bpm @crushed_keyz,Cymatics - Cobra Melody Loop 13 - 140 BPM D# Min.wav,/Users/mikemcgovern/Documents/SoundSauce/Melody_Loops/Cymatics Cobra - Melodics/Melody Loops/Cymatics - Cobra Melody Loop 13 - 140 BPM D# Min.wav
0273__D#min_140_cobra__Pressure__loop-Cymatics_Cobra_Melody_Loop__seed777.wav,D#min,140,cobra,Pressure,777,cKz! Pressure D#min 140 bpm @crushed_keyz,Cymatics - Cobra Melody Loop 13 - 140 BPM D# Min.wav,/Users/mikemcgovern/Documents/SoundSauce/Melody_Loops/Cymatics Cobra - Melodics/Melody Loops/Cymatics - Cobra Melody Loop 13 - 140 BPM D# Min.wav
0274__D#min_140_cobra__TrapSoul__loop-Cymatics_Cobra_Melody_Loop__seed7.wav,D#min,140,cobra,TrapSoul,7,cKz! TrapSoul D#min 140 bpm @crushed_keyz,Cymatics - Cobra Melody Loop 13 - 140 BPM D# Min.wav,/Users/mikemcgovern/Documents/SoundSauce/Melody_Loops/Cymatics Cobra - Melodics/Melody Loops/Cymatics - Cobra Melody Loop 13 - 140 BPM D# Min.wav
0275__D#min_140_cobra__TrapSoul__loop-Cymatics_Cobra_Melody_Loop__seed123.wav,D#min,140,cobra,TrapSoul,123,cKz! TrapSoul D#min 140 bpm @crushed_keyz,Cymatics - Cobra Melody Loop 13 - 140 BPM D# Min.wav,/Users/mikemcgovern/Documents/SoundSauce/Melody_Loops/Cymatics Cobra - Melodics/Melody Loops/Cymatics - Cobra Melody Loop 13 - 140 BPM D# Min.wav
0276__D#min_140_cobra__TrapSoul__loop-Cymatics_Cobra_Melody_Loop__seed777.wav,D#min,140,cobra,TrapSoul,777,cKz! TrapSoul D#min 140 bpm @crushed_keyz,Cymatics - Cobra Melody Loop 13 - 140 BPM D# Min.wav,/Users/mikemcgovern/Documents/SoundSauce/Melody_Loops/Cymatics Cobra - Melodics/Melody Loops/Cymatics - Cobra Melody Loop 13 - 140 BPM D# Min.wav
0277__D#min_94_rnb__LowKey__loop-Cymatics_Gems_Vol_6_Glowin__seed7.wav,D#min,94,rnb,LowKey,7,cKz! LowKey D#min 94 bpm @crushed_keyz,Cymatics Gems Vol 6 - Glowing - 94 BPM D# Min.wav,/Users/mikemcgovern/Documents/SoundSauce/Melody_Loops/Cymatics Gems Vol 6 - Future RnB Melodies/Cymatics Gems Vol 6 - Glowing - 94 BPM D# Min.wav
0278__D#min_94_rnb__LowKey__loop-Cymatics_Gems_Vol_6_Glowin__seed123.wav,D#min,94,rnb,LowKey,123,cKz! LowKey D#min 94 bpm @crushed_keyz,Cymatics Gems Vol 6 - Glowing - 94 BPM D# Min.wav,/Users/mikemcgovern/Documents/SoundSauce/Melody_Loops/Cymatics Gems Vol 6 - Future RnB Melodies/Cymatics Gems Vol 6 - Glowing - 94 BPM D# Min.wav
0279__D#min_94_rnb__LowKey__loop-Cymatics_Gems_Vol_6_Glowin__seed777.wav,D#min,94,rnb,LowKey,777,cKz! LowKey D#min 94 bpm @crushed_keyz,Cymatics Gems Vol 6 - Glowing - 94 BPM D# Min.wav,/Users/mikemcgovern/Documents/SoundSauce/Melody_Loops/Cymatics Gems Vol 6 - Future RnB Melodies/Cymatics Gems Vol 6 - Glowing - 94 BPM D# Min.wav
0280__D#min_94_rnb__Glassland__loop-Cymatics_Gems_Vol_6_Glowin__seed7.wav,D#min,94,rnb,Glassland,7,cKz! Glassland D#min 94 bpm @crushed_keyz,Cymatics Gems Vol 6 - Glowing - 94 BPM D# Min.wav,/Users/mikemcgovern/Documents/SoundSauce/Melody_Loops/Cymatics Gems Vol 6 - Future RnB Melodies/Cymatics Gems Vol 6 - Glowing - 94 BPM D# Min.wav
0281__D#min_94_rnb__Glassland__loop-Cymatics_Gems_Vol_6_Glowin__seed123.wav,D#min,94,rnb,Glassland,123,cKz! Glassland D#min 94 bpm @crushed_keyz,Cymatics Gems Vol 6 - Glowing - 94 BPM D# Min.wav,/Users/mikemcgovern/Documents/SoundSauce/Melody_Loops/Cymatics Gems Vol 6 - Future RnB Melodies/Cymatics Gems Vol 6 - Glowing - 94 BPM D# Min.wav
0282__D#min_94_rnb__Glassland__loop-Cymatics_Gems_Vol_6_Glowin__seed777.wav,D#min,94,rnb,Glassland,777,cKz! Glassland D#min 94 bpm @crushed_keyz,Cymatics Gems Vol 6 - Glowing - 94 BPM D# Min.wav,/Users/mikemcgovern/Documents/SoundSauce/Melody_Loops/Cymatics Gems Vol 6 - Future RnB Melodies/Cymatics Gems Vol 6 - Glowing - 94 BPM D# Min.wav
0283__D#min_94_rnb__Mirage__loop-Cymatics_Gems_Vol_6_Glowin__seed7.wav,D#min,94,rnb,Mirage,7,cKz! Mirage D#min 94 bpm @crushed_keyz,Cymatics Gems Vol 6 - Glowing - 94 BPM D# Min.wav,/Users/mikemcgovern/Documents/SoundSauce/Melody_Loops/Cymatics Gems Vol 6 - Future RnB Melodies/Cymatics Gems Vol 6 - Glowing - 94 BPM D# Min.wav
0284__D#min_94_rnb__Mirage__loop-Cymatics_Gems_Vol_6_Glowin__seed123.wav,D#min,94,rnb,Mirage,123,cKz! Mirage D#min 94 bpm @crushed_keyz,Cymatics Gems Vol 6 - Glowing - 94 BPM D# Min.wav,/Users/mikemcgovern/Documents/SoundSauce/Melody_Loops/Cymatics Gems Vol 6 - Future RnB Melodies/Cymatics Gems Vol 6 - Glowing - 94 BPM D# Min.wav
0285__D#min_94_rnb__Mirage__loop-Cymatics_Gems_Vol_6_Glowin__seed777.wav,D#min,94,rnb,Mirage,777,cKz! Mirage D#min 94 bpm @crushed_keyz,Cymatics Gems Vol 6 - Glowing - 94 BPM D# Min.wav,/Users/mikemcgovern/Documents/SoundSauce/Melody_Loops/Cymatics Gems Vol 6 - Future RnB Melodies/Cymatics Gems Vol 6 - Glowing - 94 BPM D# Min.wav
0286__D#min_94_rnb__Mars__loop-Cymatics_Gems_Vol_6_Glowin__seed7.wav,D#min,94,rnb,Mars,7,cKz! Mars D#min 94 bpm @crushed_keyz,Cymatics Gems Vol 6 - Glowing - 94 BPM D# Min.wav,/Users/mikemcgovern/Documents/SoundSauce/Melody_Loops/Cymatics Gems Vol 6 - Future RnB Melodies/Cymatics Gems Vol 6 - Glowing - 94 BPM D# Min.wav
0287__D#min_94_rnb__Mars__loop-Cymatics_Gems_Vol_6_Glowin__seed123.wav,D#min,94,rnb,Mars,123,cKz! Mars D#min 94 bpm @crushed_keyz,Cymatics Gems Vol 6 - Glowing - 94 BPM D# Min.wav,/Users/mikemcgovern/Documents/SoundSauce/Melody_Loops/Cymatics Gems Vol 6 - Future RnB Melodies/Cymatics Gems Vol 6 - Glowing - 94 BPM D# Min.wav
0288__D#min_94_rnb__Mars__loop-Cymatics_Gems_Vol_6_Glowin__seed777.wav,D#min,94,rnb,Mars,777,cKz! Mars D#min 94 bpm @crushed_keyz,Cymatics Gems Vol 6 - Glowing - 94 BPM D# Min.wav,/Users/mikemcgovern/Documents/SoundSauce/Melody_Loops/Cymatics Gems Vol 6 - Future RnB Melodies/Cymatics Gems Vol 6 - Glowing - 94 BPM D# Min.wav
0289__Dmin_100_r&b__Velvet__loop-Cymatics_Dragon_R_B_Loop_L__seed7.wav,Dmin,100,r&b,Velvet,7,cKz! Velvet Dmin 100 bpm @crushed_keyz,Cymatics - Dragon R&B Loop - Liquid Courage - 100 BPM D Min.wav,/Users/mikemcgovern/Documents/SoundSauce/Melody_Loops/Cymatics - Dragon Pt. 4/R&B/Cymatics - Dragon R&B Loop - Liquid Courage - 100 BPM D Min.wav
0290__Dmin_100_r&b__Velvet__loop-Cymatics_Dragon_R_B_Loop_L__seed123.wav,Dmin,100,r&b,Velvet,123,cKz! Velvet Dmin 100 bpm @crushed_keyz,Cymatics - Dragon R&B Loop - Liquid Courage - 100 BPM D Min.wav,/Users/mikemcgovern/Documents/SoundSauce/Melody_Loops/Cymatics - Dragon Pt. 4/R&B/Cymatics - Dragon R&B Loop - Liquid Courage - 100 BPM D Min.wav
0291__Dmin_100_r&b__Velvet__loop-Cymatics_Dragon_R_B_Loop_L__seed777.wav,Dmin,100,r&b,Velvet,777,cKz! Velvet Dmin 100 bpm @crushed_keyz,Cymatics - Dragon R&B Loop - Liquid Courage - 100 BPM D Min.wav,/Users/mikemcgovern/Documents/SoundSauce/Melody_Loops/Cymatics - Dragon Pt. 4/R&B/Cymatics - Dragon R&B Loop - Liquid Courage - 100 BPM D Min.wav
0292__Dmin_100_r&b__StarLight__loop-Cymatics_Dragon_R_B_Loop_L__seed7.wav,Dmin,100,r&b,StarLight,7,cKz! StarLight Dmin 100 bpm @crushed_keyz,Cymatics - Dragon R&B Loop - Liquid Courage - 100 BPM D Min.wav,/Users/mikemcgovern/Documents/SoundSauce/Melody_Loops/Cymatics - Dragon Pt. 4/R&B/Cymatics - Dragon R&B Loop - Liquid Courage - 100 BPM D Min.wav
0293__Dmin_100_r&b__StarLight__loop-Cymatics_Dragon_R_B_Loop_L__seed123.wav,Dmin,100,r&b,StarLight,123,cKz! StarLight Dmin 100 bpm @crushed_keyz,Cymatics - Dragon R&B Loop - Liquid Courage - 100 BPM D Min.wav,/Users/mikemcgovern/Documents/SoundSauce/Melody_Loops/Cymatics - Dragon Pt. 4/R&B/Cymatics - Dragon R&B Loop - Liquid Courage - 100 BPM D Min.wav
0294__Dmin_100_r&b__StarLight__loop-Cymatics_Dragon_R_B_Loop_L__seed777.wav,Dmin,100,r&b,StarLight,777,cKz! StarLight Dmin 100 bpm @crushed_keyz,Cymatics - Dragon R&B Loop - Liquid Courage - 100 BPM D Min.wav,/Users/mikemcgovern/Documents/SoundSauce/Melody_Loops/Cymatics - Dragon Pt. 4/R&B/Cymatics - Dragon R&B Loop - Liquid Courage - 100 BPM D Min.wav
0295__Dmin_100_r&b__LATE__loop-Cymatics_Dragon_R_B_Loop_L__seed7.wav,Dmin,100,r&b,LATE,7,cKz! LATE Dmin 100 bpm @crushed_keyz,Cymatics - Dragon R&B Loop - Liquid Courage - 100 BPM D Min.wav,/Users/mikemcgovern/Documents/SoundSauce/Melody_Loops/Cymatics - Dragon Pt. 4/R&B/Cymatics - Dragon R&B Loop - Liquid Courage - 100 BPM D Min.wav
0296__Dmin_100_r&b__LATE__loop-Cymatics_Dragon_R_B_Loop_L__seed123.wav,Dmin,100,r&b,LATE,123,cKz! LATE Dmin 100 bpm @crushed_keyz,Cymatics - Dragon R&B Loop - Liquid Courage - 100 BPM D Min.wav,/Users/mikemcgovern/Documents/SoundSauce/Melody_Loops/Cymatics - Dragon Pt. 4/R&B/Cymatics - Dragon R&B Loop - Liquid Courage - 100 BPM D Min.wav
0297__Dmin_100_r&b__LATE__loop-Cymatics_Dragon_R_B_Loop_L__seed777.wav,Dmin,100,r&b,LATE,777,cKz! LATE Dmin 100 bpm @crushed_keyz,Cymatics - Dragon R&B Loop - Liquid Courage - 100 BPM D Min.wav,/Users/mikemcgovern/Documents/SoundSauce/Melody_Loops/Cymatics - Dragon Pt. 4/R&B/Cymatics - Dragon R&B Loop - Liquid Courage - 100 BPM D Min.wav
0298__Dmin_100_r&b__BANDS__loop-Cymatics_Dragon_R_B_Loop_L__seed7.wav,Dmin,100,r&b,BANDS,7,cKz! BANDS Dmin 100 bpm @crushed_keyz,Cymatics - Dragon R&B Loop - Liquid Courage - 100 BPM D Min.wav,/Users/mikemcgovern/Documents/SoundSauce/Melody_Loops/Cymatics - Dragon Pt. 4/R&B/Cymatics - Dragon R&B Loop - Liquid Courage - 100 BPM D Min.wav
0299__Dmin_100_r&b__BANDS__loop-Cymatics_Dragon_R_B_Loop_L__seed123.wav,Dmin,100,r&b,BANDS,123,cKz! BANDS Dmin 100 bpm @crushed_keyz,Cymatics - Dragon R&B Loop - Liquid Courage - 100 BPM D Min.wav,/Users/mikemcgovern/Documents/SoundSauce/Melody_Loops/Cymatics - Dragon Pt. 4/R&B/Cymatics - Dragon R&B Loop - Liquid Courage - 100 BPM D Min.wav
0300__Dmin_100_r&b__BANDS__loop-Cymatics_Dragon_R_B_Loop_L__seed777.wav,Dmin,100,r&b,BANDS,777,cKz! BANDS Dmin 100 bpm @crushed_keyz,Cymatics - Dragon R&B Loop - Liquid Courage - 100 BPM D Min.wav,/Users/mikemcgovern/Documents/SoundSauce/Melody_Loops/Cymatics - Dragon Pt. 4/R&B/Cymatics - Dragon R&B Loop - Liquid Courage - 100 BPM D Min.wav
0301__Dmin_140_dark__Mars__loop-Cymatics_Dragon_Dark_Loop___seed7.wav,Dmin,140,dark,Mars,7,cKz! Mars Dmin 140 bpm @crushed_keyz,Cymatics - Dragon Dark Loop - Mortals - 140 BPM D Min.wav,/Users/mikemcgovern/Documents/SoundSauce/Melody_Loops/Cymatics_Dragon_1/Dark/Cymatics - Dragon Dark Loop - Mortals - 140 BPM D Min.wav
0302__Dmin_140_dark__Mars__loop-Cymatics_Dragon_Dark_Loop___seed123.wav,Dmin,140,dark,Mars,123,cKz! Mars Dmin 140 bpm @crushed_keyz,Cymatics - Dragon Dark Loop - Mortals - 140 BPM D Min.wav,/Users/mikemcgovern/Documents/SoundSauce/Melody_Loops/Cymatics_Dragon_1/Dark/Cymatics - Dragon Dark Loop - Mortals - 140 BPM D Min.wav
0303__Dmin_140_dark__Mars__loop-Cymatics_Dragon_Dark_Loop___seed777.wav,Dmin,140,dark,Mars,777,cKz! Mars Dmin 140 bpm @crushed_keyz,Cymatics - Dragon Dark Loop - Mortals - 140 BPM D Min.wav,/Users/mikemcgovern/Documents/SoundSauce/Melody_Loops/Cymatics_Dragon_1/Dark/Cymatics - Dragon Dark Loop - Mortals - 140 BPM D Min.wav
0304__Dmin_140_dark__Halo__loop-Cymatics_Dragon_Dark_Loop___seed7.wav,Dmin,140,dark,Halo,7,cKz! Halo Dmin 140 bpm @crushed_keyz,Cymatics - Dragon Dark Loop - Mortals - 140 BPM D Min.wav,/Users/mikemcgovern/Documents/SoundSauce/Melody_Loops/Cymatics_Dragon_1/Dark/Cymatics - Dragon Dark Loop - Mortals - 140 BPM D Min.wav
0305__Dmin_140_dark__Halo__loop-Cymatics_Dragon_Dark_Loop___seed123.wav,Dmin,140,dark,Halo,123,cKz! Halo Dmin 140 bpm @crushed_keyz,Cymatics - Dragon Dark Loop - Mortals - 140 BPM D Min.wav,/Users/mikemcgovern/Documents/SoundSauce/Melody_Loops/Cymatics_Dragon_1/Dark/Cymatics - Dragon Dark Loop - Mortals - 140 BPM D Min.wav
0306__Dmin_140_dark__Halo__loop-Cymatics_Dragon_Dark_Loop___seed777.wav,Dmin,140,dark,Halo,777,cKz! Halo Dmin 140 bpm @crushed_keyz,Cymatics - Dragon Dark Loop - Mortals - 140 BPM D Min.wav,/Users/mikemcgovern/Documents/SoundSauce/Melody_Loops/Cymatics_Dragon_1/Dark/Cymatics - Dragon Dark Loop - Mortals - 140 BPM D Min.wav
0307__Dmin_140_dark__Soulful__loop-Cymatics_Dragon_Dark_Loop___seed7.wav,Dmin,140,dark,Soulful,7,cKz! Soulful Dmin 140 bpm @crushed_keyz,Cymatics - Dragon Dark Loop - Mortals - 140 BPM D Min.wav,/Users/mikemcgovern/Documents/SoundSauce/Melody_Loops/Cymatics_Dragon_1/Dark/Cymatics - Dragon Dark Loop - Mortals - 140 BPM D Min.wav
0308__Dmin_140_dark__Soulful__loop-Cymatics_Dragon_Dark_Loop___seed123.wav,Dmin,140,dark,Soulful,123,cKz! Soulful Dmin 140 bpm @crushed_keyz,Cymatics - Dragon Dark Loop - Mortals - 140 BPM D Min.wav,/Users/mikemcgovern/Documents/SoundSauce/Melody_Loops/Cymatics_Dragon_1/Dark/Cymatics - Dragon Dark Loop - Mortals - 140 BPM D Min.wav
0309__Dmin_140_dark__Soulful__loop-Cymatics_Dragon_Dark_Loop___seed777.wav,Dmin,140,dark,Soulful,777,cKz! Soulful Dmin 140 bpm @crushed_keyz,Cymatics - Dragon Dark Loop - Mortals - 140 BPM D Min.wav,/Users/mikemcgovern/Documents/SoundSauce/Melody_Loops/Cymatics_Dragon_1/Dark/Cymatics - Dragon Dark Loop - Mortals - 140 BPM D Min.wav
0310__Dmin_140_dark__LowKey__loop-Cymatics_Dragon_Dark_Loop___seed7.wav,Dmin,140,dark,LowKey,7,cKz! LowKey Dmin 140 bpm @crushed_keyz,Cymatics - Dragon Dark Loop - Mortals - 140 BPM D Min.wav,/Users/mikemcgovern/Documents/SoundSauce/Melody_Loops/Cymatics_Dragon_1/Dark/Cymatics - Dragon Dark Loop - Mortals - 140 BPM D Min.wav
0311__Dmin_140_dark__LowKey__loop-Cymatics_Dragon_Dark_Loop___seed123.wav,Dmin,140,dark,LowKey,123,cKz! LowKey Dmin 140 bpm @crushed_keyz,Cymatics - Dragon Dark Loop - Mortals - 140 BPM D Min.wav,/Users/mikemcgovern/Documents/SoundSauce/Melody_Loops/Cymatics_Dragon_1/Dark/Cymatics - Dragon Dark Loop - Mortals - 140 BPM D Min.wav
0312__Dmin_140_dark__LowKey__loop-Cymatics_Dragon_Dark_Loop___seed777.wav,Dmin,140,dark,LowKey,777,cKz! LowKey Dmin 140 bpm @crushed_keyz,Cymatics - Dragon Dark Loop - Mortals - 140 BPM D Min.wav,/Users/mikemcgovern/Documents/SoundSauce/Melody_Loops/Cymatics_Dragon_1/Dark/Cymatics - Dragon Dark Loop - Mortals - 140 BPM D Min.wav
0313__Dmin_120_oracle__Coldhearted__loop-Cymatics_Oracle_Simple_Mel__seed7.wav,Dmin,120,oracle,Coldhearted,7,cKz! Coldhearted Dmin 120 bpm @crushed_keyz,Cymatics - Oracle Simple Melody Loop 2 - 120 BPM D Min Piano.wav,/Users/mikemcgovern/Documents/SoundSauce/Melody_Loops/Cymatics Oracle/Stems/Cymatics - Oracle Simple Melody Loop 2 - 120 BPM D Min Stems/Cymatics - Oracle Simple Melody Loop 2 - 120 BPM D Min Piano.wav
0314__Dmin_120_oracle__Coldhearted__loop-Cymatics_Oracle_Simple_Mel__seed123.wav,Dmin,120,oracle,Coldhearted,123,cKz! Coldhearted Dmin 120 bpm @crushed_keyz,Cymatics - Oracle Simple Melody Loop 2 - 120 BPM D Min Piano.wav,/Users/mikemcgovern/Documents/SoundSauce/Melody_Loops/Cymatics Oracle/Stems/Cymatics - Oracle Simple Melody Loop 2 - 120 BPM D Min Stems/Cymatics - Oracle Simple Melody Loop 2 - 120 BPM D Min Piano.wav
0315__Dmin_120_oracle__Coldhearted__loop-Cymatics_Oracle_Simple_Mel__seed777.wav,Dmin,120,oracle,Coldhearted,777,cKz! Coldhearted Dmin 120 bpm @crushed_keyz,Cymatics - Oracle Simple Melody Loop 2 - 120 BPM D Min Piano.wav,/Users/mikemcgovern/Documents/SoundSauce/Melody_Loops/Cymatics Oracle/Stems/Cymatics - Oracle Simple Melody Loop 2 - 120 BPM D Min Stems/Cymatics - Oracle Simple Melody Loop 2 - 120 BPM D Min Piano.wav
0316__Dmin_120_oracle__Crystal__loop-Cymatics_Oracle_Simple_Mel__seed7.wav,Dmin,120,oracle,Crystal,7,cKz! Crystal Dmin 120 bpm @crushed_keyz,Cymatics - Oracle Simple Melody Loop 2 - 120 BPM D Min Piano.wav,/Users/mikemcgovern/Documents/SoundSauce/Melody_Loops/Cymatics Oracle/Stems/Cymatics - Oracle Simple Melody Loop 2 - 120 BPM D Min Stems/Cymatics - Oracle Simple Melody Loop 2 - 120 BPM D Min Piano.wav
0317__Dmin_120_oracle__Crystal__loop-Cymatics_Oracle_Simple_Mel__seed123.wav,Dmin,120,oracle,Crystal,123,cKz! Crystal Dmin 120 bpm @crushed_keyz,Cymatics - Oracle Simple Melody Loop 2 - 120 BPM D Min Piano.wav,/Users/mikemcgovern/Documents/SoundSauce/Melody_Loops/Cymatics Oracle/Stems/Cymatics - Oracle Simple Melody Loop 2 - 120 BPM D Min Stems/Cymatics - Oracle Simple Melody Loop 2 - 120 BPM D Min Piano.wav
0318__Dmin_120_oracle__Crystal__loop-Cymatics_Oracle_Simple_Mel__seed777.wav,Dmin,120,oracle,Crystal,777,cKz! Crystal Dmin 120 bpm @crushed_keyz,Cymatics - Oracle Simple Melody Loop 2 - 120 BPM D Min Piano.wav,/Users/mikemcgovern/Documents/SoundSauce/Melody_Loops/Cymatics Oracle/Stems/Cymatics - Oracle Simple Melody Loop 2 - 120 BPM D Min Stems/Cymatics - Oracle Simple Melody Loop 2 - 120 BPM D Min Piano.wav
0319__Dmin_120_oracle__Velvet__loop-Cymatics_Oracle_Simple_Mel__seed7.wav,Dmin,120,oracle,Velvet,7,cKz! Velvet Dmin 120 bpm @crushed_keyz,Cymatics - Oracle Simple Melody Loop 2 - 120 BPM D Min Piano.wav,/Users/mikemcgovern/Documents/SoundSauce/Melody_Loops/Cymatics Oracle/Stems/Cymatics - Oracle Simple Melody Loop 2 - 120 BPM D Min Stems/Cymatics - Oracle Simple Melody Loop 2 - 120 BPM D Min Piano.wav
0320__Dmin_120_oracle__Velvet__loop-Cymatics_Oracle_Simple_Mel__seed123.wav,Dmin,120,oracle,Velvet,123,cKz! Velvet Dmin 120 bpm @crushed_keyz,Cymatics - Oracle Simple Melody Loop 2 - 120 BPM D Min Piano.wav,/Users/mikemcgovern/Documents/SoundSauce/Melody_Loops/Cymatics Oracle/Stems/Cymatics - Oracle Simple Melody Loop 2 - 120 BPM D Min Stems/Cymatics - Oracle Simple Melody Loop 2 - 120 BPM D Min Piano.wav
0321__Dmin_120_oracle__Velvet__loop-Cymatics_Oracle_Simple_Mel__seed777.wav,Dmin,120,oracle,Velvet,777,cKz! Velvet Dmin 120 bpm @crushed_keyz,Cymatics - Oracle Simple Melody Loop 2 - 120 BPM D Min Piano.wav,/Users/mikemcgovern/Documents/SoundSauce/Melody_Loops/Cymatics Oracle/Stems/Cymatics - Oracle Simple Melody Loop 2 - 120 BPM D Min Stems/Cymatics - Oracle Simple Melody Loop 2 - 120 BPM D Min Piano.wav
0322__Dmin_120_oracle__Cry__loop-Cymatics_Oracle_Simple_Mel__seed7.wav,Dmin,120,oracle,Cry,7,cKz! Cry Dmin 120 bpm @crushed_keyz,Cymatics - Oracle Simple Melody Loop 2 - 120 BPM D Min Piano.wav,/Users/mikemcgovern/Documents/SoundSauce/Melody_Loops/Cymatics Oracle/Stems/Cymatics - Oracle Simple Melody Loop 2 - 120 BPM D Min Stems/Cymatics - Oracle Simple Melody Loop 2 - 120 BPM D Min Piano.wav
0323__Dmin_120_oracle__Cry__loop-Cymatics_Oracle_Simple_Mel__seed123.wav,Dmin,120,oracle,Cry,123,cKz! Cry Dmin 120 bpm @crushed_keyz,Cymatics - Oracle Simple Melody Loop 2 - 120 BPM D Min Piano.wav,/Users/mikemcgovern/Documents/SoundSauce/Melody_Loops/Cymatics Oracle/Stems/Cymatics - Oracle Simple Melody Loop 2 - 120 BPM D Min Stems/Cymatics - Oracle Simple Melody Loop 2 - 120 BPM D Min Piano.wav
0324__Dmin_120_oracle__Cry__loop-Cymatics_Oracle_Simple_Mel__seed777.wav,Dmin,120,oracle,Cry,777,cKz! Cry Dmin 120 bpm @crushed_keyz,Cymatics - Oracle Simple Melody Loop 2 - 120 BPM D Min Piano.wav,/Users/mikemcgovern/Documents/SoundSauce/Melody_Loops/Cymatics Oracle/Stems/Cymatics - Oracle Simple Melody Loop 2 - 120 BPM D Min Stems/Cymatics - Oracle Simple Melody Loop 2 - 120 BPM D Min Piano.wav
0325__Dmin_160_ethnic__TrapSoul__loop-Cymatics_Dragon_Ethnic_Loo__seed7.wav,Dmin,160,ethnic,TrapSoul,7,cKz! TrapSoul Dmin 160 bpm @crushed_keyz,Cymatics - Dragon Ethnic Loop - Street Lights - 160 BPM D Min.wav,/Users/mikemcgovern/Documents/SoundSauce/Melody_Loops/Cymatics_Dragon_2/Ethnic/Cymatics - Dragon Ethnic Loop - Street Lights - 160 BPM D Min.wav
0326__Dmin_160_ethnic__TrapSoul__loop-Cymatics_Dragon_Ethnic_Loo__seed123.wav,Dmin,160,ethnic,TrapSoul,123,cKz! TrapSoul Dmin 160 bpm @crushed_keyz,Cymatics - Dragon Ethnic Loop - Street Lights - 160 BPM D Min.wav,/Users/mikemcgovern/Documents/SoundSauce/Melody_Loops/Cymatics_Dragon_2/Ethnic/Cymatics - Dragon Ethnic Loop - Street Lights - 160 BPM D Min.wav
0327__Dmin_160_ethnic__TrapSoul__loop-Cymatics_Dragon_Ethnic_Loo__seed777.wav,Dmin,160,ethnic,TrapSoul,777,cKz! TrapSoul Dmin 160 bpm @crushed_keyz,Cymatics - Dragon Ethnic Loop - Street Lights - 160 BPM D Min.wav,/Users/mikemcgovern/Documents/SoundSauce/Melody_Loops/Cymatics_Dragon_2/Ethnic/Cymatics - Dragon Ethnic Loop - Street Lights - 160 BPM D Min.wav
0328__Dmin_160_ethnic__CoSmoS__loop-Cymatics_Dragon_Ethnic_Loo__seed7.wav,Dmin,160,ethnic,CoSmoS,7,cKz! CoSmoS Dmin 160 bpm @crushed_keyz,Cymatics - Dragon Ethnic Loop - Street Lights - 160 BPM D Min.wav,/Users/mikemcgovern/Documents/SoundSauce/Melody_Loops/Cymatics_Dragon_2/Ethnic/Cymatics - Dragon Ethnic Loop - Street Lights - 160 BPM D Min.wav
0329__Dmin_160_ethnic__CoSmoS__loop-Cymatics_Dragon_Ethnic_Loo__seed123.wav,Dmin,160,ethnic,CoSmoS,123,cKz! CoSmoS Dmin 160 bpm @crushed_keyz,Cymatics - Dragon Ethnic Loop - Street Lights - 160 BPM D Min.wav,/Users/mikemcgovern/Documents/SoundSauce/Melody_Loops/Cymatics_Dragon_2/Ethnic/Cymatics - Dragon Ethnic Loop - Street Lights - 160 BPM D Min.wav
0330__Dmin_160_ethnic__CoSmoS__loop-Cymatics_Dragon_Ethnic_Loo__seed777.wav,Dmin,160,ethnic,CoSmoS,777,cKz! CoSmoS Dmin 160 bpm @crushed_keyz,Cymatics - Dragon Ethnic Loop - Street Lights - 160 BPM D Min.wav,/Users/mikemcgovern/Documents/SoundSauce/Melody_Loops/Cymatics_Dragon_2/Ethnic/Cymatics - Dragon Ethnic Loop - Street Lights - 160 BPM D Min.wav
0331__Dmin_160_ethnic__JUNGLE__loop-Cymatics_Dragon_Ethnic_Loo__seed7.wav,Dmin,160,ethnic,JUNGLE,7,cKz! JUNGLE Dmin 160 bpm @crushed_keyz,Cymatics - Dragon Ethnic Loop - Street Lights - 160 BPM D Min.wav,/Users/mikemcgovern/Documents/SoundSauce/Melody_Loops/Cymatics_Dragon_2/Ethnic/Cymatics - Dragon Ethnic Loop - Street Lights - 160 BPM D Min.wav
0332__Dmin_160_ethnic__JUNGLE__loop-Cymatics_Dragon_Ethnic_Loo__seed123.wav,Dmin,160,ethnic,JUNGLE,123,cKz! JUNGLE Dmin 160 bpm @crushed_keyz,Cymatics - Dragon Ethnic Loop - Street Lights - 160 BPM D Min.wav,/Users/mikemcgovern/Documents/SoundSauce/Melody_Loops/Cymatics_Dragon_2/Ethnic/Cymatics - Dragon Ethnic Loop - Street Lights - 160 BPM D Min.wav
0333__Dmin_160_ethnic__JUNGLE__loop-Cymatics_Dragon_Ethnic_Loo__seed777.wav,Dmin,160,ethnic,JUNGLE,777,cKz! JUNGLE Dmin 160 bpm @crushed_keyz,Cymatics - Dragon Ethnic Loop - Street Lights - 160 BPM D Min.wav,/Users/mikemcgovern/Documents/SoundSauce/Melody_Loops/Cymatics_Dragon_2/Ethnic/Cymatics - Dragon Ethnic Loop - Street Lights - 160 BPM D Min.wav
0334__Dmin_160_ethnic__Ember__loop-Cymatics_Dragon_Ethnic_Loo__seed7.wav,Dmin,160,ethnic,Ember,7,cKz! Ember Dmin 160 bpm @crushed_keyz,Cymatics - Dragon Ethnic Loop - Street Lights - 160 BPM D Min.wav,/Users/mikemcgovern/Documents/SoundSauce/Melody_Loops/Cymatics_Dragon_2/Ethnic/Cymatics - Dragon Ethnic Loop - Street Lights - 160 BPM D Min.wav
0335__Dmin_160_ethnic__Ember__loop-Cymatics_Dragon_Ethnic_Loo__seed123.wav,Dmin,160,ethnic,Ember,123,cKz! Ember Dmin 160 bpm @crushed_keyz,Cymatics - Dragon Ethnic Loop - Street Lights - 160 BPM D Min.wav,/Users/mikemcgovern/Documents/SoundSauce/Melody_Loops/Cymatics_Dragon_2/Ethnic/Cymatics - Dragon Ethnic Loop - Street Lights - 160 BPM D Min.wav
0336__Dmin_160_ethnic__Ember__loop-Cymatics_Dragon_Ethnic_Loo__seed777.wav,Dmin,160,ethnic,Ember,777,cKz! Ember Dmin 160 bpm @crushed_keyz,Cymatics - Dragon Ethnic Loop - Street Lights - 160 BPM D Min.wav,/Users/mikemcgovern/Documents/SoundSauce/Melody_Loops/Cymatics_Dragon_2/Ethnic/Cymatics - Dragon Ethnic Loop - Street Lights - 160 BPM D Min.wav
0337__Emin_160_cobra__Mirage__loop-Cymatics_Cobra_Melody_Loop__seed7.wav,Emin,160,cobra,Mirage,7,cKz! Mirage Emin 160 bpm @crushed_keyz,Cymatics - Cobra Melody Loop 23 - 160 BPM E Min.wav,/Users/mikemcgovern/Documents/SoundSauce/Melody_Loops/Cymatics Cobra - Melodics/Melody Loops/Cymatics - Cobra Melody Loop 23 - 160 BPM E Min.wav
0338__Emin_160_cobra__Mirage__loop-Cymatics_Cobra_Melody_Loop__seed123.wav,Emin,160,cobra,Mirage,123,cKz! Mirage Emin 160 bpm @crushed_keyz,Cymatics - Cobra Melody Loop 23 - 160 BPM E Min.wav,/Users/mikemcgovern/Documents/SoundSauce/Melody_Loops/Cymatics Cobra - Melodics/Melody Loops/Cymatics - Cobra Melody Loop 23 - 160 BPM E Min.wav
0339__Emin_160_cobra__Mirage__loop-Cymatics_Cobra_Melody_Loop__seed777.wav,Emin,160,cobra,Mirage,777,cKz! Mirage Emin 160 bpm @crushed_keyz,Cymatics - Cobra Melody Loop 23 - 160 BPM E Min.wav,/Users/mikemcgovern/Documents/SoundSauce/Melody_Loops/Cymatics Cobra - Melodics/Melody Loops/Cymatics - Cobra Melody Loop 23 - 160 BPM E Min.wav
0340__Emin_160_cobra__Depths__loop-Cymatics_Cobra_Melody_Loop__seed7.wav,Emin,160,cobra,Depths,7,cKz! Depths Emin 160 bpm @crushed_keyz,Cymatics - Cobra Melody Loop 23 - 160 BPM E Min.wav,/Users/mikemcgovern/Documents/SoundSauce/Melody_Loops/Cymatics Cobra - Melodics/Melody Loops/Cymatics - Cobra Melody Loop 23 - 160 BPM E Min.wav
0341__Emin_160_cobra__Depths__loop-Cymatics_Cobra_Melody_Loop__seed123.wav,Emin,160,cobra,Depths,123,cKz! Depths Emin 160 bpm @crushed_keyz,Cymatics - Cobra Melody Loop 23 - 160 BPM E Min.wav,/Users/mikemcgovern/Documents/SoundSauce/Melody_Loops/Cymatics Cobra - Melodics/Melody Loops/Cymatics - Cobra Melody Loop 23 - 160 BPM E Min.wav
0342__Emin_160_cobra__Depths__loop-Cymatics_Cobra_Melody_Loop__seed777.wav,Emin,160,cobra,Depths,777,cKz! Depths Emin 160 bpm @crushed_keyz,Cymatics - Cobra Melody Loop 23 - 160 BPM E Min.wav,/Users/mikemcgovern/Documents/SoundSauce/Melody_Loops/Cymatics Cobra - Melodics/Melody Loops/Cymatics - Cobra Melody Loop 23 - 160 BPM E Min.wav
0343__Emin_160_cobra__Soulful__loop-Cymatics_Cobra_Melody_Loop__seed7.wav,Emin,160,cobra,Soulful,7,cKz! Soulful Emin 160 bpm @crushed_keyz,Cymatics - Cobra Melody Loop 23 - 160 BPM E Min.wav,/Users/mikemcgovern/Documents/SoundSauce/Melody_Loops/Cymatics Cobra - Melodics/Melody Loops/Cymatics - Cobra Melody Loop 23 - 160 BPM E Min.wav
0344__Emin_160_cobra__Soulful__loop-Cymatics_Cobra_Melody_Loop__seed123.wav,Emin,160,cobra,Soulful,123,cKz! Soulful Emin 160 bpm @crushed_keyz,Cymatics - Cobra Melody Loop 23 - 160 BPM E Min.wav,/Users/mikemcgovern/Documents/SoundSauce/Melody_Loops/Cymatics Cobra - Melodics/Melody Loops/Cymatics - Cobra Melody Loop 23 - 160 BPM E Min.wav
0345__Emin_160_cobra__Soulful__loop-Cymatics_Cobra_Melody_Loop__seed777.wav,Emin,160,cobra,Soulful,777,cKz! Soulful Emin 160 bpm @crushed_keyz,Cymatics - Cobra Melody Loop 23 - 160 BPM E Min.wav,/Users/mikemcgovern/Documents/SoundSauce/Melody_Loops/Cymatics Cobra - Melodics/Melody Loops/Cymatics - Cobra Melody Loop 23 - 160 BPM E Min.wav
0346__Emin_160_cobra__Rent_Free__loop-Cymatics_Cobra_Melody_Loop__seed7.wav,Emin,160,cobra,Rent_Free,7,cKz! Rent_Free Emin 160 bpm @crushed_keyz,Cymatics - Cobra Melody Loop 23 - 160 BPM E Min.wav,/Users/mikemcgovern/Documents/SoundSauce/Melody_Loops/Cymatics Cobra - Melodics/Melody Loops/Cymatics - Cobra Melody Loop 23 - 160 BPM E Min.wav
0347__Emin_160_cobra__Rent_Free__loop-Cymatics_Cobra_Melody_Loop__seed123.wav,Emin,160,cobra,Rent_Free,123,cKz! Rent_Free Emin 160 bpm @crushed_keyz,Cymatics - Cobra Melody Loop 23 - 160 BPM E Min.wav,/Users/mikemcgovern/Documents/SoundSauce/Melody_Loops/Cymatics Cobra - Melodics/Melody Loops/Cymatics - Cobra Melody Loop 23 - 160 BPM E Min.wav
0348__Emin_160_cobra__Rent_Free__loop-Cymatics_Cobra_Melody_Loop__seed777.wav,Emin,160,cobra,Rent_Free,777,cKz! Rent_Free Emin 160 bpm @crushed_keyz,Cymatics - Cobra Melody Loop 23 - 160 BPM E Min.wav,/Users/mikemcgovern/Documents/SoundSauce/Melody_Loops/Cymatics Cobra - Melodics/Melody Loops/Cymatics - Cobra Melody Loop 23 - 160 BPM E Min.wav
0349__Emin_110_cobra__Panda__loop-Cymatics_Cobra_Melody_Loop__seed7.wav,Emin,110,cobra,Panda,7,cKz! Panda Emin 110 bpm @crushed_keyz,Cymatics - Cobra Melody Loop 5 - 110 BPM E Min.wav,/Users/mikemcgovern/Documents/SoundSauce/Melody_Loops/Cymatics Cobra - Melodics/Melody Loops/Cymatics - Cobra Melody Loop 5 - 110 BPM E Min.wav
0350__Emin_110_cobra__Panda__loop-Cymatics_Cobra_Melody_Loop__seed123.wav,Emin,110,cobra,Panda,123,cKz! Panda Emin 110 bpm @crushed_keyz,Cymatics - Cobra Melody Loop 5 - 110 BPM E Min.wav,/Users/mikemcgovern/Documents/SoundSauce/Melody_Loops/Cymatics Cobra - Melodics/Melody Loops/Cymatics - Cobra Melody Loop 5 - 110 BPM E Min.wav
0351__Emin_110_cobra__Panda__loop-Cymatics_Cobra_Melody_Loop__seed777.wav,Emin,110,cobra,Panda,777,cKz! Panda Emin 110 bpm @crushed_keyz,Cymatics - Cobra Melody Loop 5 - 110 BPM E Min.wav,/Users/mikemcgovern/Documents/SoundSauce/Melody_Loops/Cymatics Cobra - Melodics/Melody Loops/Cymatics - Cobra Melody Loop 5 - 110 BPM E Min.wav
0352__Emin_110_cobra__Scenic__loop-Cymatics_Cobra_Melody_Loop__seed7.wav,Emin,110,cobra,Scenic,7,cKz! Scenic Emin 110 bpm @crushed_keyz,Cymatics - Cobra Melody Loop 5 - 110 BPM E Min.wav,/Users/mikemcgovern/Documents/SoundSauce/Melody_Loops/Cymatics Cobra - Melodics/Melody Loops/Cymatics - Cobra Melody Loop 5 - 110 BPM E Min.wav
0353__Emin_110_cobra__Scenic__loop-Cymatics_Cobra_Melody_Loop__seed123.wav,Emin,110,cobra,Scenic,123,cKz! Scenic Emin 110 bpm @crushed_keyz,Cymatics - Cobra Melody Loop 5 - 110 BPM E Min.wav,/Users/mikemcgovern/Documents/SoundSauce/Melody_Loops/Cymatics Cobra - Melodics/Melody Loops/Cymatics - Cobra Melody Loop 5 - 110 BPM E Min.wav
0354__Emin_110_cobra__Scenic__loop-Cymatics_Cobra_Melody_Loop__seed777.wav,Emin,110,cobra,Scenic,777,cKz! Scenic Emin 110 bpm @crushed_keyz,Cymatics - Cobra Melody Loop 5 - 110 BPM E Min.wav,/Users/mikemcgovern/Documents/SoundSauce/Melody_Loops/Cymatics Cobra - Melodics/Melody Loops/Cymatics - Cobra Melody Loop 5 - 110 BPM E Min.wav
0355__Emin_110_cobra__Rent_Free__loop-Cymatics_Cobra_Melody_Loop__seed7.wav,Emin,110,cobra,Rent_Free,7,cKz! Rent_Free Emin 110 bpm @crushed_keyz,Cymatics - Cobra Melody Loop 5 - 110 BPM E Min.wav,/Users/mikemcgovern/Documents/SoundSauce/Melody_Loops/Cymatics Cobra - Melodics/Melody Loops/Cymatics - Cobra Melody Loop 5 - 110 BPM E Min.wav
0356__Emin_110_cobra__Rent_Free__loop-Cymatics_Cobra_Melody_Loop__seed123.wav,Emin,110,cobra,Rent_Free,123,cKz! Rent_Free Emin 110 bpm @crushed_keyz,Cymatics - Cobra Melody Loop 5 - 110 BPM E Min.wav,/Users/mikemcgovern/Documents/SoundSauce/Melody_Loops/Cymatics Cobra - Melodics/Melody Loops/Cymatics - Cobra Melody Loop 5 - 110 BPM E Min.wav
0357__Emin_110_cobra__Rent_Free__loop-Cymatics_Cobra_Melody_Loop__seed777.wav,Emin,110,cobra,Rent_Free,777,cKz! Rent_Free Emin 110 bpm @crushed_keyz,Cymatics - Cobra Melody Loop 5 - 110 BPM E Min.wav,/Users/mikemcgovern/Documents/SoundSauce/Melody_Loops/Cymatics Cobra - Melodics/Melody Loops/Cymatics - Cobra Melody Loop 5 - 110 BPM E Min.wav
0358__Emin_110_cobra__Glassland__loop-Cymatics_Cobra_Melody_Loop__seed7.wav,Emin,110,cobra,Glassland,7,cKz! Glassland Emin 110 bpm @crushed_keyz,Cymatics - Cobra Melody Loop 5 - 110 BPM E Min.wav,/Users/mikemcgovern/Documents/SoundSauce/Melody_Loops/Cymatics Cobra - Melodics/Melody Loops/Cymatics - Cobra Melody Loop 5 - 110 BPM E Min.wav
0359__Emin_110_cobra__Glassland__loop-Cymatics_Cobra_Melody_Loop__seed123.wav,Emin,110,cobra,Glassland,123,cKz! Glassland Emin 110 bpm @crushed_keyz,Cymatics - Cobra Melody Loop 5 - 110 BPM E Min.wav,/Users/mikemcgovern/Documents/SoundSauce/Melody_Loops/Cymatics Cobra - Melodics/Melody Loops/Cymatics - Cobra Melody Loop 5 - 110 BPM E Min.wav
0360__Emin_110_cobra__Glassland__loop-Cymatics_Cobra_Melody_Loop__seed777.wav,Emin,110,cobra,Glassland,777,cKz! Glassland Emin 110 bpm @crushed_keyz,Cymatics - Cobra Melody Loop 5 - 110 BPM E Min.wav,/Users/mikemcgovern/Documents/SoundSauce/Melody_Loops/Cymatics Cobra - Melodics/Melody Loops/Cymatics - Cobra Melody Loop 5 - 110 BPM E Min.wav
0361__Emin_150_various__Coupe__loop-Cymatics_Oracle_Various_Me__seed7.wav,Emin,150,various,Coupe,7,cKz! Coupe Emin 150 bpm @crushed_keyz,Cymatics - Oracle Various Melody Loop 15 - 150 BPM E Min.wav,/Users/mikemcgovern/Documents/SoundSauce/Melody_Loops/Cymatics Oracle/Melodies/Cymatics - Oracle Various Melody Loop 15 - 150 BPM E Min.wav
0362__Emin_150_various__Coupe__loop-Cymatics_Oracle_Various_Me__seed123.wav,Emin,150,various,Coupe,123,cKz! Coupe Emin 150 bpm @crushed_keyz,Cymatics - Oracle Various Melody Loop 15 - 150 BPM E Min.wav,/Users/mikemcgovern/Documents/SoundSauce/Melody_Loops/Cymatics Oracle/Melodies/Cymatics - Oracle Various Melody Loop 15 - 150 BPM E Min.wav
0363__Emin_150_various__Coupe__loop-Cymatics_Oracle_Various_Me__seed777.wav,Emin,150,various,Coupe,777,cKz! Coupe Emin 150 bpm @crushed_keyz,Cymatics - Oracle Various Melody Loop 15 - 150 BPM E Min.wav,/Users/mikemcgovern/Documents/SoundSauce/Melody_Loops/Cymatics Oracle/Melodies/Cymatics - Oracle Various Melody Loop 15 - 150 BPM E Min.wav
0364__Emin_150_various__Mars__loop-Cymatics_Oracle_Various_Me__seed7.wav,Emin,150,various,Mars,7,cKz! Mars Emin 150 bpm @crushed_keyz,Cymatics - Oracle Various Melody Loop 15 - 150 BPM E Min.wav,/Users/mikemcgovern/Documents/SoundSauce/Melody_Loops/Cymatics Oracle/Melodies/Cymatics - Oracle Various Melody Loop 15 - 150 BPM E Min.wav
0365__Emin_150_various__Mars__loop-Cymatics_Oracle_Various_Me__seed123.wav,Emin,150,various,Mars,123,cKz! Mars Emin 150 bpm @crushed_keyz,Cymatics - Oracle Various Melody Loop 15 - 150 BPM E Min.wav,/Users/mikemcgovern/Documents/SoundSauce/Melody_Loops/Cymatics Oracle/Melodies/Cymatics - Oracle Various Melody Loop 15 - 150 BPM E Min.wav
0366__Emin_150_various__Mars__loop-Cymatics_Oracle_Various_Me__seed777.wav,Emin,150,various,Mars,777,cKz! Mars Emin 150 bpm @crushed_keyz,Cymatics - Oracle Various Melody Loop 15 - 150 BPM E Min.wav,/Users/mikemcgovern/Documents/SoundSauce/Melody_Loops/Cymatics Oracle/Melodies/Cymatics - Oracle Various Melody Loop 15 - 150 BPM E Min.wav
0367__Emin_150_various__LATE__loop-Cymatics_Oracle_Various_Me__seed7.wav,Emin,150,various,LATE,7,cKz! LATE Emin 150 bpm @crushed_keyz,Cymatics - Oracle Various Melody Loop 15 - 150 BPM E Min.wav,/Users/mikemcgovern/Documents/SoundSauce/Melody_Loops/Cymatics Oracle/Melodies/Cymatics - Oracle Various Melody Loop 15 - 150 BPM E Min.wav
0368__Emin_150_various__LATE__loop-Cymatics_Oracle_Various_Me__seed123.wav,Emin,150,various,LATE,123,cKz! LATE Emin 150 bpm @crushed_keyz,Cymatics - Oracle Various Melody Loop 15 - 150 BPM E Min.wav,/Users/mikemcgovern/Documents/SoundSauce/Melody_Loops/Cymatics Oracle/Melodies/Cymatics - Oracle Various Melody Loop 15 - 150 BPM E Min.wav
0369__Emin_150_various__LATE__loop-Cymatics_Oracle_Various_Me__seed777.wav,Emin,150,various,LATE,777,cKz! LATE Emin 150 bpm @crushed_keyz,Cymatics - Oracle Various Melody Loop 15 - 150 BPM E Min.wav,/Users/mikemcgovern/Documents/SoundSauce/Melody_Loops/Cymatics Oracle/Melodies/Cymatics - Oracle Various Melody Loop 15 - 150 BPM E Min.wav
0370__Emin_150_various__ACTiVE__loop-Cymatics_Oracle_Various_Me__seed7.wav,Emin,150,various,ACTiVE,7,cKz! ACTiVE Emin 150 bpm @crushed_keyz,Cymatics - Oracle Various Melody Loop 15 - 150 BPM E Min.wav,/Users/mikemcgovern/Documents/SoundSauce/Melody_Loops/Cymatics Oracle/Melodies/Cymatics - Oracle Various Melody Loop 15 - 150 BPM E Min.wav
0371__Emin_150_various__ACTiVE__loop-Cymatics_Oracle_Various_Me__seed123.wav,Emin,150,various,ACTiVE,123,cKz! ACTiVE Emin 150 bpm @crushed_keyz,Cymatics - Oracle Various Melody Loop 15 - 150 BPM E Min.wav,/Users/mikemcgovern/Documents/SoundSauce/Melody_Loops/Cymatics Oracle/Melodies/Cymatics - Oracle Various Melody Loop 15 - 150 BPM E Min.wav
0372__Emin_150_various__ACTiVE__loop-Cymatics_Oracle_Various_Me__seed777.wav,Emin,150,various,ACTiVE,777,cKz! ACTiVE Emin 150 bpm @crushed_keyz,Cymatics - Oracle Various Melody Loop 15 - 150 BPM E Min.wav,/Users/mikemcgovern/Documents/SoundSauce/Melody_Loops/Cymatics Oracle/Melodies/Cymatics - Oracle Various Melody Loop 15 - 150 BPM E Min.wav
0373__Emin_94_dark__Ember__loop-Cymatics_Gems_Dark_Loop_Nu__seed7.wav,Emin,94,dark,Ember,7,cKz! Ember Emin 94 bpm @crushed_keyz,Cymatics - Gems Dark Loop - Numb - 94 BPM E Min.wav,/Users/mikemcgovern/Documents/SoundSauce/Melody_Loops/Cymatics_Gems_Ultimate_Edition_Vol_1_Pt_1/Dark/Cymatics - Gems Dark Loop - Numb - 94 BPM E Min.wav
0374__Emin_94_dark__Ember__loop-Cymatics_Gems_Dark_Loop_Nu__seed123.wav,Emin,94,dark,Ember,123,cKz! Ember Emin 94 bpm @crushed_keyz,Cymatics - Gems Dark Loop - Numb - 94 BPM E Min.wav,/Users/mikemcgovern/Documents/SoundSauce/Melody_Loops/Cymatics_Gems_Ultimate_Edition_Vol_1_Pt_1/Dark/Cymatics - Gems Dark Loop - Numb - 94 BPM E Min.wav
0375__Emin_94_dark__Ember__loop-Cymatics_Gems_Dark_Loop_Nu__seed777.wav,Emin,94,dark,Ember,777,cKz! Ember Emin 94 bpm @crushed_keyz,Cymatics - Gems Dark Loop - Numb - 94 BPM E Min.wav,/Users/mikemcgovern/Documents/SoundSauce/Melody_Loops/Cymatics_Gems_Ultimate_Edition_Vol_1_Pt_1/Dark/Cymatics - Gems Dark Loop - Numb - 94 BPM E Min.wav
0376__Emin_94_dark__BANDS__loop-Cymatics_Gems_Dark_Loop_Nu__seed7.wav,Emin,94,dark,BANDS,7,cKz! BANDS Emin 94 bpm @crushed_keyz,Cymatics - Gems Dark Loop - Numb - 94 BPM E Min.wav,/Users/mikemcgovern/Documents/SoundSauce/Melody_Loops/Cymatics_Gems_Ultimate_Edition_Vol_1_Pt_1/Dark/Cymatics - Gems Dark Loop - Numb - 94 BPM E Min.wav
0377__Emin_94_dark__BANDS__loop-Cymatics_Gems_Dark_Loop_Nu__seed123.wav,Emin,94,dark,BANDS,123,cKz! BANDS Emin 94 bpm @crushed_keyz,Cymatics - Gems Dark Loop - Numb - 94 BPM E Min.wav,/Users/mikemcgovern/Documents/SoundSauce/Melody_Loops/Cymatics_Gems_Ultimate_Edition_Vol_1_Pt_1/Dark/Cymatics - Gems Dark Loop - Numb - 94 BPM E Min.wav
0378__Emin_94_dark__BANDS__loop-Cymatics_Gems_Dark_Loop_Nu__seed777.wav,Emin,94,dark,BANDS,777,cKz! BANDS Emin 94 bpm @crushed_keyz,Cymatics - Gems Dark Loop - Numb - 94 BPM E Min.wav,/Users/mikemcgovern/Documents/SoundSauce/Melody_Loops/Cymatics_Gems_Ultimate_Edition_Vol_1_Pt_1/Dark/Cymatics - Gems Dark Loop - Numb - 94 BPM E Min.wav
0379__Emin_94_dark__JuPitER__loop-Cymatics_Gems_Dark_Loop_Nu__seed7.wav,Emin,94,dark,JuPitER,7,cKz! JuPitER Emin 94 bpm @crushed_keyz,Cymatics - Gems Dark Loop - Numb - 94 BPM E Min.wav,/Users/mikemcgovern/Documents/SoundSauce/Melody_Loops/Cymatics_Gems_Ultimate_Edition_Vol_1_Pt_1/Dark/Cymatics - Gems Dark Loop - Numb - 94 BPM E Min.wav
0380__Emin_94_dark__JuPitER__loop-Cymatics_Gems_Dark_Loop_Nu__seed123.wav,Emin,94,dark,JuPitER,123,cKz! JuPitER Emin 94 bpm @crushed_keyz,Cymatics - Gems Dark Loop - Numb - 94 BPM E Min.wav,/Users/mikemcgovern/Documents/SoundSauce/Melody_Loops/Cymatics_Gems_Ultimate_Edition_Vol_1_Pt_1/Dark/Cymatics - Gems Dark Loop - Numb - 94 BPM E Min.wav
0381__Emin_94_dark__JuPitER__loop-Cymatics_Gems_Dark_Loop_Nu__seed777.wav,Emin,94,dark,JuPitER,777,cKz! JuPitER Emin 94 bpm @crushed_keyz,Cymatics - Gems Dark Loop - Numb - 94 BPM E Min.wav,/Users/mikemcgovern/Documents/SoundSauce/Melody_Loops/Cymatics_Gems_Ultimate_Edition_Vol_1_Pt_1/Dark/Cymatics - Gems Dark Loop - Numb - 94 BPM E Min.wav
0382__Emin_94_dark__POWER__loop-Cymatics_Gems_Dark_Loop_Nu__seed7.wav,Emin,94,dark,POWER,7,cKz! POWER Emin 94 bpm @crushed_keyz,Cymatics - Gems Dark Loop - Numb - 94 BPM E Min.wav,/Users/mikemcgovern/Documents/SoundSauce/Melody_Loops/Cymatics_Gems_Ultimate_Edition_Vol_1_Pt_1/Dark/Cymatics - Gems Dark Loop - Numb - 94 BPM E Min.wav
0383__Emin_94_dark__POWER__loop-Cymatics_Gems_Dark_Loop_Nu__seed123.wav,Emin,94,dark,POWER,123,cKz! POWER Emin 94 bpm @crushed_keyz,Cymatics - Gems Dark Loop - Numb - 94 BPM E Min.wav,/Users/mikemcgovern/Documents/SoundSauce/Melody_Loops/Cymatics_Gems_Ultimate_Edition_Vol_1_Pt_1/Dark/Cymatics - Gems Dark Loop - Numb - 94 BPM E Min.wav
0384__Emin_94_dark__POWER__loop-Cymatics_Gems_Dark_Loop_Nu__seed777.wav,Emin,94,dark,POWER,777,cKz! POWER Emin 94 bpm @crushed_keyz,Cymatics - Gems Dark Loop - Numb - 94 BPM E Min.wav,/Users/mikemcgovern/Documents/SoundSauce/Melody_Loops/Cymatics_Gems_Ultimate_Edition_Vol_1_Pt_1/Dark/Cymatics - Gems Dark Loop - Numb - 94 BPM E Min.wav
0385__F#min_100_rnb__Ember__loop-Cymatics_Gems_Vol_6_Never___seed7.wav,F#min,100,rnb,Ember,7,cKz! Ember F#min 100 bpm @crushed_keyz,Cymatics Gems Vol 6 - Never - 100 BPM F# Min.wav,/Users/mikemcgovern/Documents/SoundSauce/Melody_Loops/Cymatics Gems Vol 6 - Future RnB Melodies/Cymatics Gems Vol 6 - Never - 100 BPM F# Min.wav
0386__F#min_100_rnb__Ember__loop-Cymatics_Gems_Vol_6_Never___seed123.wav,F#min,100,rnb,Ember,123,cKz! Ember F#min 100 bpm @crushed_keyz,Cymatics Gems Vol 6 - Never - 100 BPM F# Min.wav,/Users/mikemcgovern/Documents/SoundSauce/Melody_Loops/Cymatics Gems Vol 6 - Future RnB Melodies/Cymatics Gems Vol 6 - Never - 100 BPM F# Min.wav
0387__F#min_100_rnb__Ember__loop-Cymatics_Gems_Vol_6_Never___seed777.wav,F#min,100,rnb,Ember,777,cKz! Ember F#min 100 bpm @crushed_keyz,Cymatics Gems Vol 6 - Never - 100 BPM F# Min.wav,/Users/mikemcgovern/Documents/SoundSauce/Melody_Loops/Cymatics Gems Vol 6 - Future RnB Melodies/Cymatics Gems Vol 6 - Never - 100 BPM F# Min.wav
0388__F#min_100_rnb__Veil__loop-Cymatics_Gems_Vol_6_Never___seed7.wav,F#min,100,rnb,Veil,7,cKz! Veil F#min 100 bpm @crushed_keyz,Cymatics Gems Vol 6 - Never - 100 BPM F# Min.wav,/Users/mikemcgovern/Documents/SoundSauce/Melody_Loops/Cymatics Gems Vol 6 - Future RnB Melodies/Cymatics Gems Vol 6 - Never - 100 BPM F# Min.wav
0389__F#min_100_rnb__Veil__loop-Cymatics_Gems_Vol_6_Never___seed123.wav,F#min,100,rnb,Veil,123,cKz! Veil F#min 100 bpm @crushed_keyz,Cymatics Gems Vol 6 - Never - 100 BPM F# Min.wav,/Users/mikemcgovern/Documents/SoundSauce/Melody_Loops/Cymatics Gems Vol 6 - Future RnB Melodies/Cymatics Gems Vol 6 - Never - 100 BPM F# Min.wav
0390__F#min_100_rnb__Veil__loop-Cymatics_Gems_Vol_6_Never___seed777.wav,F#min,100,rnb,Veil,777,cKz! Veil F#min 100 bpm @crushed_keyz,Cymatics Gems Vol 6 - Never - 100 BPM F# Min.wav,/Users/mikemcgovern/Documents/SoundSauce/Melody_Loops/Cymatics Gems Vol 6 - Future RnB Melodies/Cymatics Gems Vol 6 - Never - 100 BPM F# Min.wav
0391__F#min_100_rnb__Soulful__loop-Cymatics_Gems_Vol_6_Never___seed7.wav,F#min,100,rnb,Soulful,7,cKz! Soulful F#min 100 bpm @crushed_keyz,Cymatics Gems Vol 6 - Never - 100 BPM F# Min.wav,/Users/mikemcgovern/Documents/SoundSauce/Melody_Loops/Cymatics Gems Vol 6 - Future RnB Melodies/Cymatics Gems Vol 6 - Never - 100 BPM F# Min.wav
0392__F#min_100_rnb__Soulful__loop-Cymatics_Gems_Vol_6_Never___seed123.wav,F#min,100,rnb,Soulful,123,cKz! Soulful F#min 100 bpm @crushed_keyz,Cymatics Gems Vol 6 - Never - 100 BPM F# Min.wav,/Users/mikemcgovern/Documents/SoundSauce/Melody_Loops/Cymatics Gems Vol 6 - Future RnB Melodies/Cymatics Gems Vol 6 - Never - 100 BPM F# Min.wav
0393__F#min_100_rnb__Soulful__loop-Cymatics_Gems_Vol_6_Never___seed777.wav,F#min,100,rnb,Soulful,777,cKz! Soulful F#min 100 bpm @crushed_keyz,Cymatics Gems Vol 6 - Never - 100 BPM F# Min.wav,/Users/mikemcgovern/Documents/SoundSauce/Melody_Loops/Cymatics Gems Vol 6 - Future RnB Melodies/Cymatics Gems Vol 6 - Never - 100 BPM F# Min.wav
0394__F#min_100_rnb__Depths__loop-Cymatics_Gems_Vol_6_Never___seed7.wav,F#min,100,rnb,Depths,7,cKz! Depths F#min 100 bpm @crushed_keyz,Cymatics Gems Vol 6 - Never - 100 BPM F# Min.wav,/Users/mikemcgovern/Documents/SoundSauce/Melody_Loops/Cymatics Gems Vol 6 - Future RnB Melodies/Cymatics Gems Vol 6 - Never - 100 BPM F# Min.wav
0395__F#min_100_rnb__Depths__loop-Cymatics_Gems_Vol_6_Never___seed123.wav,F#min,100,rnb,Depths,123,cKz! Depths F#min 100 bpm @crushed_keyz,Cymatics Gems Vol 6 - Never - 100 BPM F# Min.wav,/Users/mikemcgovern/Documents/SoundSauce/Melody_Loops/Cymatics Gems Vol 6 - Future RnB Melodies/Cymatics Gems Vol 6 - Never - 100 BPM F# Min.wav
0396__F#min_100_rnb__Depths__loop-Cymatics_Gems_Vol_6_Never___seed777.wav,F#min,100,rnb,Depths,777,cKz! Depths F#min 100 bpm @crushed_keyz,Cymatics Gems Vol 6 - Never - 100 BPM F# Min.wav,/Users/mikemcgovern/Documents/SoundSauce/Melody_Loops/Cymatics Gems Vol 6 - Future RnB Melodies/Cymatics Gems Vol 6 - Never - 100 BPM F# Min.wav
0397__F#min_105_dark__Glassland__loop-Cymatics_Oracle_Dark_Melod__seed7.wav,F#min,105,dark,Glassland,7,cKz! Glassland F#min 105 bpm @crushed_keyz,Cymatics - Oracle Dark Melody Loop 2 - 105 BPM F# Min Bell.wav,/Users/mikemcgovern/Documents/SoundSauce/Melody_Loops/Cymatics Oracle/Stems/Cymatics - Oracle Dark Melody Loop 2 - 105 BPM F# Min Stems/Cymatics - Oracle Dark Melody Loop 2 - 105 BPM F# Min Bell.wav
0398__F#min_105_dark__Glassland__loop-Cymatics_Oracle_Dark_Melod__seed123.wav,F#min,105,dark,Glassland,123,cKz! Glassland F#min 105 bpm @crushed_keyz,Cymatics - Oracle Dark Melody Loop 2 - 105 BPM F# Min Bell.wav,/Users/mikemcgovern/Documents/SoundSauce/Melody_Loops/Cymatics Oracle/Stems/Cymatics - Oracle Dark Melody Loop 2 - 105 BPM F# Min Stems/Cymatics - Oracle Dark Melody Loop 2 - 105 BPM F# Min Bell.wav
0399__F#min_105_dark__Glassland__loop-Cymatics_Oracle_Dark_Melod__seed777.wav,F#min,105,dark,Glassland,777,cKz! Glassland F#min 105 bpm @crushed_keyz,Cymatics - Oracle Dark Melody Loop 2 - 105 BPM F# Min Bell.wav,/Users/mikemcgovern/Documents/SoundSauce/Melody_Loops/Cymatics Oracle/Stems/Cymatics - Oracle Dark Melody Loop 2 - 105 BPM F# Min Stems/Cymatics - Oracle Dark Melody Loop 2 - 105 BPM F# Min Bell.wav
0400__F#min_105_dark__ACTiVE__loop-Cymatics_Oracle_Dark_Melod__seed7.wav,F#min,105,dark,ACTiVE,7,cKz! ACTiVE F#min 105 bpm @crushed_keyz,Cymatics - Oracle Dark Melody Loop 2 - 105 BPM F# Min Bell.wav,/Users/mikemcgovern/Documents/SoundSauce/Melody_Loops/Cymatics Oracle/Stems/Cymatics - Oracle Dark Melody Loop 2 - 105 BPM F# Min Stems/Cymatics - Oracle Dark Melody Loop 2 - 105 BPM F# Min Bell.wav
0401__F#min_105_dark__ACTiVE__loop-Cymatics_Oracle_Dark_Melod__seed123.wav,F#min,105,dark,ACTiVE,123,cKz! ACTiVE F#min 105 bpm @crushed_keyz,Cymatics - Oracle Dark Melody Loop 2 - 105 BPM F# Min Bell.wav,/Users/mikemcgovern/Documents/SoundSauce/Melody_Loops/Cymatics Oracle/Stems/Cymatics - Oracle Dark Melody Loop 2 - 105 BPM F# Min Stems/Cymatics - Oracle Dark Melody Loop 2 - 105 BPM F# Min Bell.wav
0402__F#min_105_dark__ACTiVE__loop-Cymatics_Oracle_Dark_Melod__seed777.wav,F#min,105,dark,ACTiVE,777,cKz! ACTiVE F#min 105 bpm @crushed_keyz,Cymatics - Oracle Dark Melody Loop 2 - 105 BPM F# Min Bell.wav,/Users/mikemcgovern/Documents/SoundSauce/Melody_Loops/Cymatics Oracle/Stems/Cymatics - Oracle Dark Melody Loop 2 - 105 BPM F# Min Stems/Cymatics - Oracle Dark Melody Loop 2 - 105 BPM F# Min Bell.wav
0403__F#min_105_dark__Mars__loop-Cymatics_Oracle_Dark_Melod__seed7.wav,F#min,105,dark,Mars,7,cKz! Mars F#min 105 bpm @crushed_keyz,Cymatics - Oracle Dark Melody Loop 2 - 105 BPM F# Min Bell.wav,/Users/mikemcgovern/Documents/SoundSauce/Melody_Loops/Cymatics Oracle/Stems/Cymatics - Oracle Dark Melody Loop 2 - 105 BPM F# Min Stems/Cymatics - Oracle Dark Melody Loop 2 - 105 BPM F# Min Bell.wav
0404__F#min_105_dark__Mars__loop-Cymatics_Oracle_Dark_Melod__seed123.wav,F#min,105,dark,Mars,123,cKz! Mars F#min 105 bpm @crushed_keyz,Cymatics - Oracle Dark Melody Loop 2 - 105 BPM F# Min Bell.wav,/Users/mikemcgovern/Documents/SoundSauce/Melody_Loops/Cymatics Oracle/Stems/Cymatics - Oracle Dark Melody Loop 2 - 105 BPM F# Min Stems/Cymatics - Oracle Dark Melody Loop 2 - 105 BPM F# Min Bell.wav
0405__F#min_105_dark__Mars__loop-Cymatics_Oracle_Dark_Melod__seed777.wav,F#min,105,dark,Mars,777,cKz! Mars F#min 105 bpm @crushed_keyz,Cymatics - Oracle Dark Melody Loop 2 - 105 BPM F# Min Bell.wav,/Users/mikemcgovern/Documents/SoundSauce/Melody_Loops/Cymatics Oracle/Stems/Cymatics - Oracle Dark Melody Loop 2 - 105 BPM F# Min Stems/Cymatics - Oracle Dark Melody Loop 2 - 105 BPM F# Min Bell.wav
0406__F#min_105_dark__Cry__loop-Cymatics_Oracle_Dark_Melod__seed7.wav,F#min,105,dark,Cry,7,cKz! Cry F#min 105 bpm @crushed_keyz,Cymatics - Oracle Dark Melody Loop 2 - 105 BPM F# Min Bell.wav,/Users/mikemcgovern/Documents/SoundSauce/Melody_Loops/Cymatics Oracle/Stems/Cymatics - Oracle Dark Melody Loop 2 - 105 BPM F# Min Stems/Cymatics - Oracle Dark Melody Loop 2 - 105 BPM F# Min Bell.wav
0407__F#min_105_dark__Cry__loop-Cymatics_Oracle_Dark_Melod__seed123.wav,F#min,105,dark,Cry,123,cKz! Cry F#min 105 bpm @crushed_keyz,Cymatics - Oracle Dark Melody Loop 2 - 105 BPM F# Min Bell.wav,/Users/mikemcgovern/Documents/SoundSauce/Melody_Loops/Cymatics Oracle/Stems/Cymatics - Oracle Dark Melody Loop 2 - 105 BPM F# Min Stems/Cymatics - Oracle Dark Melody Loop 2 - 105 BPM F# Min Bell.wav
0408__F#min_105_dark__Cry__loop-Cymatics_Oracle_Dark_Melod__seed777.wav,F#min,105,dark,Cry,777,cKz! Cry F#min 105 bpm @crushed_keyz,Cymatics - Oracle Dark Melody Loop 2 - 105 BPM F# Min Bell.wav,/Users/mikemcgovern/Documents/SoundSauce/Melody_Loops/Cymatics Oracle/Stems/Cymatics - Oracle Dark Melody Loop 2 - 105 BPM F# Min Stems/Cymatics - Oracle Dark Melody Loop 2 - 105 BPM F# Min Bell.wav
0409__F#min_130_sad__Twilight__loop-Cymatics_Oracle_Sad_Melody__seed7.wav,F#min,130,sad,Twilight,7,cKz! Twilight F#min 130 bpm @crushed_keyz,Cymatics - Oracle Sad Melody Loop 4 - 130 BPM F# Min.wav,/Users/mikemcgovern/Documents/SoundSauce/Melody_Loops/Cymatics Oracle/Melodies/Cymatics - Oracle Sad Melody Loop 4 - 130 BPM F# Min.wav
0410__F#min_130_sad__Twilight__loop-Cymatics_Oracle_Sad_Melody__seed123.wav,F#min,130,sad,Twilight,123,cKz! Twilight F#min 130 bpm @crushed_keyz,Cymatics - Oracle Sad Melody Loop 4 - 130 BPM F# Min.wav,/Users/mikemcgovern/Documents/SoundSauce/Melody_Loops/Cymatics Oracle/Melodies/Cymatics - Oracle Sad Melody Loop 4 - 130 BPM F# Min.wav
0411__F#min_130_sad__Twilight__loop-Cymatics_Oracle_Sad_Melody__seed777.wav,F#min,130,sad,Twilight,777,cKz! Twilight F#min 130 bpm @crushed_keyz,Cymatics - Oracle Sad Melody Loop 4 - 130 BPM F# Min.wav,/Users/mikemcgovern/Documents/SoundSauce/Melody_Loops/Cymatics Oracle/Melodies/Cymatics - Oracle Sad Melody Loop 4 - 130 BPM F# Min.wav
0412__F#min_130_sad__Cry__loop-Cymatics_Oracle_Sad_Melody__seed7.wav,F#min,130,sad,Cry,7,cKz! Cry F#min 130 bpm @crushed_keyz,Cymatics - Oracle Sad Melody Loop 4 - 130 BPM F# Min.wav,/Users/mikemcgovern/Documents/SoundSauce/Melody_Loops/Cymatics Oracle/Melodies/Cymatics - Oracle Sad Melody Loop 4 - 130 BPM F# Min.wav
0413__F#min_130_sad__Cry__loop-Cymatics_Oracle_Sad_Melody__seed123.wav,F#min,130,sad,Cry,123,cKz! Cry F#min 130 bpm @crushed_keyz,Cymatics - Oracle Sad Melody Loop 4 - 130 BPM F# Min.wav,/Users/mikemcgovern/Documents/SoundSauce/Melody_Loops/Cymatics Oracle/Melodies/Cymatics - Oracle Sad Melody Loop 4 - 130 BPM F# Min.wav
0414__F#min_130_sad__Cry__loop-Cymatics_Oracle_Sad_Melody__seed777.wav,F#min,130,sad,Cry,777,cKz! Cry F#min 130 bpm @crushed_keyz,Cymatics - Oracle Sad Melody Loop 4 - 130 BPM F# Min.wav,/Users/mikemcgovern/Documents/SoundSauce/Melody_Loops/Cymatics Oracle/Melodies/Cymatics - Oracle Sad Melody Loop 4 - 130 BPM F# Min.wav
0415__F#min_130_sad__Midnight__loop-Cymatics_Oracle_Sad_Melody__seed7.wav,F#min,130,sad,Midnight,7,cKz! Midnight F#min 130 bpm @crushed_keyz,Cymatics - Oracle Sad Melody Loop 4 - 130 BPM F# Min.wav,/Users/mikemcgovern/Documents/SoundSauce/Melody_Loops/Cymatics Oracle/Melodies/Cymatics - Oracle Sad Melody Loop 4 - 130 BPM F# Min.wav
0416__F#min_130_sad__Midnight__loop-Cymatics_Oracle_Sad_Melody__seed123.wav,F#min,130,sad,Midnight,123,cKz! Midnight F#min 130 bpm @crushed_keyz,Cymatics - Oracle Sad Melody Loop 4 - 130 BPM F# Min.wav,/Users/mikemcgovern/Documents/SoundSauce/Melody_Loops/Cymatics Oracle/Melodies/Cymatics - Oracle Sad Melody Loop 4 - 130 BPM F# Min.wav
0417__F#min_130_sad__Midnight__loop-Cymatics_Oracle_Sad_Melody__seed777.wav,F#min,130,sad,Midnight,777,cKz! Midnight F#min 130 bpm @crushed_keyz,Cymatics - Oracle Sad Melody Loop 4 - 130 BPM F# Min.wav,/Users/mikemcgovern/Documents/SoundSauce/Melody_Loops/Cymatics Oracle/Melodies/Cymatics - Oracle Sad Melody Loop 4 - 130 BPM F# Min.wav
0418__F#min_130_sad__Echo__loop-Cymatics_Oracle_Sad_Melody__seed7.wav,F#min,130,sad,Echo,7,cKz! Echo F#min 130 bpm @crushed_keyz,Cymatics - Oracle Sad Melody Loop 4 - 130 BPM F# Min.wav,/Users/mikemcgovern/Documents/SoundSauce/Melody_Loops/Cymatics Oracle/Melodies/Cymatics - Oracle Sad Melody Loop 4 - 130 BPM F# Min.wav
0419__F#min_130_sad__Echo__loop-Cymatics_Oracle_Sad_Melody__seed123.wav,F#min,130,sad,Echo,123,cKz! Echo F#min 130 bpm @crushed_keyz,Cymatics - Oracle Sad Melody Loop 4 - 130 BPM F# Min.wav,/Users/mikemcgovern/Documents/SoundSauce/Melody_Loops/Cymatics Oracle/Melodies/Cymatics - Oracle Sad Melody Loop 4 - 130 BPM F# Min.wav
0420__F#min_130_sad__Echo__loop-Cymatics_Oracle_Sad_Melody__seed777.wav,F#min,130,sad,Echo,777,cKz! Echo F#min 130 bpm @crushed_keyz,Cymatics - Oracle Sad Melody Loop 4 - 130 BPM F# Min.wav,/Users/mikemcgovern/Documents/SoundSauce/Melody_Loops/Cymatics Oracle/Melodies/Cymatics - Oracle Sad Melody Loop 4 - 130 BPM F# Min.wav
0421__F#min_113_cobra__Cry__loop-Cymatics_Cobra_Flute_Loop___seed7.wav,F#min,113,cobra,Cry,7,cKz! Cry F#min 113 bpm @crushed_keyz,Cymatics - Cobra Flute Loop 2 Wet - 113 BPM F# Min.wav,/Users/mikemcgovern/Documents/SoundSauce/Melody_Loops/Cymatics Cobra - Melodics/Instrument Loops/Flutes/Processed/Cymatics - Cobra Flute Loop 2 Wet - 113 BPM F# Min.wav
0422__F#min_113_cobra__Cry__loop-Cymatics_Cobra_Flute_Loop___seed123.wav,F#min,113,cobra,Cry,123,cKz! Cry F#min 113 bpm @crushed_keyz,Cymatics - Cobra Flute Loop 2 Wet - 113 BPM F# Min.wav,/Users/mikemcgovern/Documents/SoundSauce/Melody_Loops/Cymatics Cobra - Melodics/Instrument Loops/Flutes/Processed/Cymatics - Cobra Flute Loop 2 Wet - 113 BPM F# Min.wav
0423__F#min_113_cobra__Cry__loop-Cymatics_Cobra_Flute_Loop___seed777.wav,F#min,113,cobra,Cry,777,cKz! Cry F#min 113 bpm @crushed_keyz,Cymatics - Cobra Flute Loop 2 Wet - 113 BPM F# Min.wav,/Users/mikemcgovern/Documents/SoundSauce/Melody_Loops/Cymatics Cobra - Melodics/Instrument Loops/Flutes/Processed/Cymatics - Cobra Flute Loop 2 Wet - 113 BPM F# Min.wav
0424__F#min_113_cobra__Rent_Free__loop-Cymatics_Cobra_Flute_Loop___seed7.wav,F#min,113,cobra,Rent_Free,7,cKz! Rent_Free F#min 113 bpm @crushed_keyz,Cymatics - Cobra Flute Loop 2 Wet - 113 BPM F# Min.wav,/Users/mikemcgovern/Documents/SoundSauce/Melody_Loops/Cymatics Cobra - Melodics/Instrument Loops/Flutes/Processed/Cymatics - Cobra Flute Loop 2 Wet - 113 BPM F# Min.wav
0425__F#min_113_cobra__Rent_Free__loop-Cymatics_Cobra_Flute_Loop___seed123.wav,F#min,113,cobra,Rent_Free,123,cKz! Rent_Free F#min 113 bpm @crushed_keyz,Cymatics - Cobra Flute Loop 2 Wet - 113 BPM F# Min.wav,/Users/mikemcgovern/Documents/SoundSauce/Melody_Loops/Cymatics Cobra - Melodics/Instrument Loops/Flutes/Processed/Cymatics - Cobra Flute Loop 2 Wet - 113 BPM F# Min.wav
0426__F#min_113_cobra__Rent_Free__loop-Cymatics_Cobra_Flute_Loop___seed777.wav,F#min,113,cobra,Rent_Free,777,cKz! Rent_Free F#min 113 bpm @crushed_keyz,Cymatics - Cobra Flute Loop 2 Wet - 113 BPM F# Min.wav,/Users/mikemcgovern/Documents/SoundSauce/Melody_Loops/Cymatics Cobra - Melodics/Instrument Loops/Flutes/Processed/Cymatics - Cobra Flute Loop 2 Wet - 113 BPM F# Min.wav
0427__F#min_113_cobra__Dusk__loop-Cymatics_Cobra_Flute_Loop___seed7.wav,F#min,113,cobra,Dusk,7,cKz! Dusk F#min 113 bpm @crushed_keyz,Cymatics - Cobra Flute Loop 2 Wet - 113 BPM F# Min.wav,/Users/mikemcgovern/Documents/SoundSauce/Melody_Loops/Cymatics Cobra - Melodics/Instrument Loops/Flutes/Processed/Cymatics - Cobra Flute Loop 2 Wet - 113 BPM F# Min.wav
0428__F#min_113_cobra__Dusk__loop-Cymatics_Cobra_Flute_Loop___seed123.wav,F#min,113,cobra,Dusk,123,cKz! Dusk F#min 113 bpm @crushed_keyz,Cymatics - Cobra Flute Loop 2 Wet - 113 BPM F# Min.wav,/Users/mikemcgovern/Documents/SoundSauce/Melody_Loops/Cymatics Cobra - Melodics/Instrument Loops/Flutes/Processed/Cymatics - Cobra Flute Loop 2 Wet - 113 BPM F# Min.wav
0429__F#min_113_cobra__Dusk__loop-Cymatics_Cobra_Flute_Loop___seed777.wav,F#min,113,cobra,Dusk,777,cKz! Dusk F#min 113 bpm @crushed_keyz,Cymatics - Cobra Flute Loop 2 Wet - 113 BPM F# Min.wav,/Users/mikemcgovern/Documents/SoundSauce/Melody_Loops/Cymatics Cobra - Melodics/Instrument Loops/Flutes/Processed/Cymatics - Cobra Flute Loop 2 Wet - 113 BPM F# Min.wav
0430__F#min_113_cobra__Mirage__loop-Cymatics_Cobra_Flute_Loop___seed7.wav,F#min,113,cobra,Mirage,7,cKz! Mirage F#min 113 bpm @crushed_keyz,Cymatics - Cobra Flute Loop 2 Wet - 113 BPM F# Min.wav,/Users/mikemcgovern/Documents/SoundSauce/Melody_Loops/Cymatics Cobra - Melodics/Instrument Loops/Flutes/Processed/Cymatics - Cobra Flute Loop 2 Wet - 113 BPM F# Min.wav
0431__F#min_113_cobra__Mirage__loop-Cymatics_Cobra_Flute_Loop___seed123.wav,F#min,113,cobra,Mirage,123,cKz! Mirage F#min 113 bpm @crushed_keyz,Cymatics - Cobra Flute Loop 2 Wet - 113 BPM F# Min.wav,/Users/mikemcgovern/Documents/SoundSauce/Melody_Loops/Cymatics Cobra - Melodics/Instrument Loops/Flutes/Processed/Cymatics - Cobra Flute Loop 2 Wet - 113 BPM F# Min.wav
0432__F#min_113_cobra__Mirage__loop-Cymatics_Cobra_Flute_Loop___seed777.wav,F#min,113,cobra,Mirage,777,cKz! Mirage F#min 113 bpm @crushed_keyz,Cymatics - Cobra Flute Loop 2 Wet - 113 BPM F# Min.wav,/Users/mikemcgovern/Documents/SoundSauce/Melody_Loops/Cymatics Cobra - Melodics/Instrument Loops/Flutes/Processed/Cymatics - Cobra Flute Loop 2 Wet - 113 BPM F# Min.wav
0433__Fmin_160_various__Coldhearted__loop-Cymatics_Oracle_Various_Me__seed7.wav,Fmin,160,various,Coldhearted,7,cKz! Coldhearted Fmin 160 bpm @crushed_keyz,Cymatics - Oracle Various Melody Loop 19 - 160 BPM F Min.wav,/Users/mikemcgovern/Documents/SoundSauce/Melody_Loops/Cymatics Oracle/Melodies/Cymatics - Oracle Various Melody Loop 19 - 160 BPM F Min.wav
0434__Fmin_160_various__Coldhearted__loop-Cymatics_Oracle_Various_Me__seed123.wav,Fmin,160,various,Coldhearted,123,cKz! Coldhearted Fmin 160 bpm @crushed_keyz,Cymatics - Oracle Various Melody Loop 19 - 160 BPM F Min.wav,/Users/mikemcgovern/Documents/SoundSauce/Melody_Loops/Cymatics Oracle/Melodies/Cymatics - Oracle Various Melody Loop 19 - 160 BPM F Min.wav
0435__Fmin_160_various__Coldhearted__loop-Cymatics_Oracle_Various_Me__seed777.wav,Fmin,160,various,Coldhearted,777,cKz! Coldhearted Fmin 160 bpm @crushed_keyz,Cymatics - Oracle Various Melody Loop 19 - 160 BPM F Min.wav,/Users/mikemcgovern/Documents/SoundSauce/Melody_Loops/Cymatics Oracle/Melodies/Cymatics - Oracle Various Melody Loop 19 - 160 BPM F Min.wav
0436__Fmin_160_various__Depths__loop-Cymatics_Oracle_Various_Me__seed7.wav,Fmin,160,various,Depths,7,cKz! Depths Fmin 160 bpm @crushed_keyz,Cymatics - Oracle Various Melody Loop 19 - 160 BPM F Min.wav,/Users/mikemcgovern/Documents/SoundSauce/Melody_Loops/Cymatics Oracle/Melodies/Cymatics - Oracle Various Melody Loop 19 - 160 BPM F Min.wav
0437__Fmin_160_various__Depths__loop-Cymatics_Oracle_Various_Me__seed123.wav,Fmin,160,various,Depths,123,cKz! Depths Fmin 160 bpm @crushed_keyz,Cymatics - Oracle Various Melody Loop 19 - 160 BPM F Min.wav,/Users/mikemcgovern/Documents/SoundSauce/Melody_Loops/Cymatics Oracle/Melodies/Cymatics - Oracle Various Melody Loop 19 - 160 BPM F Min.wav
0438__Fmin_160_various__Depths__loop-Cymatics_Oracle_Various_Me__seed777.wav,Fmin,160,various,Depths,777,cKz! Depths Fmin 160 bpm @crushed_keyz,Cymatics - Oracle Various Melody Loop 19 - 160 BPM F Min.wav,/Users/mikemcgovern/Documents/SoundSauce/Melody_Loops/Cymatics Oracle/Melodies/Cymatics - Oracle Various Melody Loop 19 - 160 BPM F Min.wav
0439__Fmin_160_various__BANDS__loop-Cymatics_Oracle_Various_Me__seed7.wav,Fmin,160,various,BANDS,7,cKz! BANDS Fmin 160 bpm @crushed_keyz,Cymatics - Oracle Various Melody Loop 19 - 160 BPM F Min.wav,/Users/mikemcgovern/Documents/SoundSauce/Melody_Loops/Cymatics Oracle/Melodies/Cymatics - Oracle Various Melody Loop 19 - 160 BPM F Min.wav
0440__Fmin_160_various__BANDS__loop-Cymatics_Oracle_Various_Me__seed123.wav,Fmin,160,various,BANDS,123,cKz! BANDS Fmin 160 bpm @crushed_keyz,Cymatics - Oracle Various Melody Loop 19 - 160 BPM F Min.wav,/Users/mikemcgovern/Documents/SoundSauce/Melody_Loops/Cymatics Oracle/Melodies/Cymatics - Oracle Various Melody Loop 19 - 160 BPM F Min.wav
0441__Fmin_160_various__BANDS__loop-Cymatics_Oracle_Various_Me__seed777.wav,Fmin,160,various,BANDS,777,cKz! BANDS Fmin 160 bpm @crushed_keyz,Cymatics - Oracle Various Melody Loop 19 - 160 BPM F Min.wav,/Users/mikemcgovern/Documents/SoundSauce/Melody_Loops/Cymatics Oracle/Melodies/Cymatics - Oracle Various Melody Loop 19 - 160 BPM F Min.wav
0442__Fmin_160_various__Coupe__loop-Cymatics_Oracle_Various_Me__seed7.wav,Fmin,160,various,Coupe,7,cKz! Coupe Fmin 160 bpm @crushed_keyz,Cymatics - Oracle Various Melody Loop 19 - 160 BPM F Min.wav,/Users/mikemcgovern/Documents/SoundSauce/Melody_Loops/Cymatics Oracle/Melodies/Cymatics - Oracle Various Melody Loop 19 - 160 BPM F Min.wav
0443__Fmin_160_various__Coupe__loop-Cymatics_Oracle_Various_Me__seed123.wav,Fmin,160,various,Coupe,123,cKz! Coupe Fmin 160 bpm @crushed_keyz,Cymatics - Oracle Various Melody Loop 19 - 160 BPM F Min.wav,/Users/mikemcgovern/Documents/SoundSauce/Melody_Loops/Cymatics Oracle/Melodies/Cymatics - Oracle Various Melody Loop 19 - 160 BPM F Min.wav
0444__Fmin_160_various__Coupe__loop-Cymatics_Oracle_Various_Me__seed777.wav,Fmin,160,various,Coupe,777,cKz! Coupe Fmin 160 bpm @crushed_keyz,Cymatics - Oracle Various Melody Loop 19 - 160 BPM F Min.wav,/Users/mikemcgovern/Documents/SoundSauce/Melody_Loops/Cymatics Oracle/Melodies/Cymatics - Oracle Various Melody Loop 19 - 160 BPM F Min.wav
0445__Fmin_130_dragon__ACTiVE__loop-Cymatics_Dragon_Nostalgic___seed7.wav,Fmin,130,dragon,ACTiVE,7,cKz! ACTiVE Fmin 130 bpm @crushed_keyz,Cymatics - Dragon Nostalgic Loop - Endless - 130 BPM F Min.wav,/Users/mikemcgovern/Documents/SoundSauce/Melody_Loops/Cymatics - Dragon Pt. 3/Nostalgic/Cymatics - Dragon Nostalgic Loop - Endless - 130 BPM F Min.wav
0446__Fmin_130_dragon__ACTiVE__loop-Cymatics_Dragon_Nostalgic___seed123.wav,Fmin,130,dragon,ACTiVE,123,cKz! ACTiVE Fmin 130 bpm @crushed_keyz,Cymatics - Dragon Nostalgic Loop - Endless - 130 BPM F Min.wav,/Users/mikemcgovern/Documents/SoundSauce/Melody_Loops/Cymatics - Dragon Pt. 3/Nostalgic/Cymatics - Dragon Nostalgic Loop - Endless - 130 BPM F Min.wav
0447__Fmin_130_dragon__ACTiVE__loop-Cymatics_Dragon_Nostalgic___seed777.wav,Fmin,130,dragon,ACTiVE,777,cKz! ACTiVE Fmin 130 bpm @crushed_keyz,Cymatics - Dragon Nostalgic Loop - Endless - 130 BPM F Min.wav,/Users/mikemcgovern/Documents/SoundSauce/Melody_Loops/Cymatics - Dragon Pt. 3/Nostalgic/Cymatics - Dragon Nostalgic Loop - Endless - 130 BPM F Min.wav
0448__Fmin_130_dragon__Rent_Free__loop-Cymatics_Dragon_Nostalgic___seed7.wav,Fmin,130,dragon,Rent_Free,7,cKz! Rent_Free Fmin 130 bpm @crushed_keyz,Cymatics - Dragon Nostalgic Loop - Endless - 130 BPM F Min.wav,/Users/mikemcgovern/Documents/SoundSauce/Melody_Loops/Cymatics - Dragon Pt. 3/Nostalgic/Cymatics - Dragon Nostalgic Loop - Endless - 130 BPM F Min.wav
0449__Fmin_130_dragon__Rent_Free__loop-Cymatics_Dragon_Nostalgic___seed123.wav,Fmin,130,dragon,Rent_Free,123,cKz! Rent_Free Fmin 130 bpm @crushed_keyz,Cymatics - Dragon Nostalgic Loop - Endless - 130 BPM F Min.wav,/Users/mikemcgovern/Documents/SoundSauce/Melody_Loops/Cymatics - Dragon Pt. 3/Nostalgic/Cymatics - Dragon Nostalgic Loop - Endless - 130 BPM F Min.wav
0450__Fmin_130_dragon__Rent_Free__loop-Cymatics_Dragon_Nostalgic___seed777.wav,Fmin,130,dragon,Rent_Free,777,cKz! Rent_Free Fmin 130 bpm @crushed_keyz,Cymatics - Dragon Nostalgic Loop - Endless - 130 BPM F Min.wav,/Users/mikemcgovern/Documents/SoundSauce/Melody_Loops/Cymatics - Dragon Pt. 3/Nostalgic/Cymatics - Dragon Nostalgic Loop - Endless - 130 BPM F Min.wav
0451__Fmin_130_dragon__Pressure__loop-Cymatics_Dragon_Nostalgic___seed7.wav,Fmin,130,dragon,Pressure,7,cKz! Pressure Fmin 130 bpm @crushed_keyz,Cymatics - Dragon Nostalgic Loop - Endless - 130 BPM F Min.wav,/Users/mikemcgovern/Documents/SoundSauce/Melody_Loops/Cymatics - Dragon Pt. 3/Nostalgic/Cymatics - Dragon Nostalgic Loop - Endless - 130 BPM F Min.wav
0452__Fmin_130_dragon__Pressure__loop-Cymatics_Dragon_Nostalgic___seed123.wav,Fmin,130,dragon,Pressure,123,cKz! Pressure Fmin 130 bpm @crushed_keyz,Cymatics - Dragon Nostalgic Loop - Endless - 130 BPM F Min.wav,/Users/mikemcgovern/Documents/SoundSauce/Melody_Loops/Cymatics - Dragon Pt. 3/Nostalgic/Cymatics - Dragon Nostalgic Loop - Endless - 130 BPM F Min.wav
0453__Fmin_130_dragon__Pressure__loop-Cymatics_Dragon_Nostalgic___seed777.wav,Fmin,130,dragon,Pressure,777,cKz! Pressure Fmin 130 bpm @crushed_keyz,Cymatics - Dragon Nostalgic Loop - Endless - 130 BPM F Min.wav,/Users/mikemcgovern/Documents/SoundSauce/Melody_Loops/Cymatics - Dragon Pt. 3/Nostalgic/Cymatics - Dragon Nostalgic Loop - Endless - 130 BPM F Min.wav
0454__Fmin_130_dragon__TrapSoul__loop-Cymatics_Dragon_Nostalgic___seed7.wav,Fmin,130,dragon,TrapSoul,7,cKz! TrapSoul Fmin 130 bpm @crushed_keyz,Cymatics - Dragon Nostalgic Loop - Endless - 130 BPM F Min.wav,/Users/mikemcgovern/Documents/SoundSauce/Melody_Loops/Cymatics - Dragon Pt. 3/Nostalgic/Cymatics - Dragon Nostalgic Loop - Endless - 130 BPM F Min.wav
0455__Fmin_130_dragon__TrapSoul__loop-Cymatics_Dragon_Nostalgic___seed123.wav,Fmin,130,dragon,TrapSoul,123,cKz! TrapSoul Fmin 130 bpm @crushed_keyz,Cymatics - Dragon Nostalgic Loop - Endless - 130 BPM F Min.wav,/Users/mikemcgovern/Documents/SoundSauce/Melody_Loops/Cymatics - Dragon Pt. 3/Nostalgic/Cymatics - Dragon Nostalgic Loop - Endless - 130 BPM F Min.wav
0456__Fmin_130_dragon__TrapSoul__loop-Cymatics_Dragon_Nostalgic___seed777.wav,Fmin,130,dragon,TrapSoul,777,cKz! TrapSoul Fmin 130 bpm @crushed_keyz,Cymatics - Dragon Nostalgic Loop - Endless - 130 BPM F Min.wav,/Users/mikemcgovern/Documents/SoundSauce/Melody_Loops/Cymatics - Dragon Pt. 3/Nostalgic/Cymatics - Dragon Nostalgic Loop - Endless - 130 BPM F Min.wav
0457__Fmin_70_r&b__ICE__loop-Cymatics_Dragon_Platinum_R__seed7.wav,Fmin,70,r&b,ICE,7,cKz! ICE Fmin 70 bpm @crushed_keyz,Cymatics - Dragon Platinum R&B Loop - Selfish - 70 BPM F Min.wav,/Users/mikemcgovern/Documents/SoundSauce/Melody_Loops/Cymatics_Dragon_Platinum_Expansion/Cymatics - Dragon Platinum R&B Loop - Selfish - 70 BPM F Min.wav
0458__Fmin_70_r&b__ICE__loop-Cymatics_Dragon_Platinum_R__seed123.wav,Fmin,70,r&b,ICE,123,cKz! ICE Fmin 70 bpm @crushed_keyz,Cymatics - Dragon Platinum R&B Loop - Selfish - 70 BPM F Min.wav,/Users/mikemcgovern/Documents/SoundSauce/Melody_Loops/Cymatics_Dragon_Platinum_Expansion/Cymatics - Dragon Platinum R&B Loop - Selfish - 70 BPM F Min.wav
0459__Fmin_70_r&b__ICE__loop-Cymatics_Dragon_Platinum_R__seed777.wav,Fmin,70,r&b,ICE,777,cKz! ICE Fmin 70 bpm @crushed_keyz,Cymatics - Dragon Platinum R&B Loop - Selfish - 70 BPM F Min.wav,/Users/mikemcgovern/Documents/SoundSauce/Melody_Loops/Cymatics_Dragon_Platinum_Expansion/Cymatics - Dragon Platinum R&B Loop - Selfish - 70 BPM F Min.wav
0460__Fmin_70_r&b__Ember__loop-Cymatics_Dragon_Platinum_R__seed7.wav,Fmin,70,r&b,Ember,7,cKz! Ember Fmin 70 bpm @crushed_keyz,Cymatics - Dragon Platinum R&B Loop - Selfish - 70 BPM F Min.wav,/Users/mikemcgovern/Documents/SoundSauce/Melody_Loops/Cymatics_Dragon_Platinum_Expansion/Cymatics - Dragon Platinum R&B Loop - Selfish - 70 BPM F Min.wav
0461__Fmin_70_r&b__Ember__loop-Cymatics_Dragon_Platinum_R__seed123.wav,Fmin,70,r&b,Ember,123,cKz! Ember Fmin 70 bpm @crushed_keyz,Cymatics - Dragon Platinum R&B Loop - Selfish - 70 BPM F Min.wav,/Users/mikemcgovern/Documents/SoundSauce/Melody_Loops/Cymatics_Dragon_Platinum_Expansion/Cymatics - Dragon Platinum R&B Loop - Selfish - 70 BPM F Min.wav
0462__Fmin_70_r&b__Ember__loop-Cymatics_Dragon_Platinum_R__seed777.wav,Fmin,70,r&b,Ember,777,cKz! Ember Fmin 70 bpm @crushed_keyz,Cymatics - Dragon Platinum R&B Loop - Selfish - 70 BPM F Min.wav,/Users/mikemcgovern/Documents/SoundSauce/Melody_Loops/Cymatics_Dragon_Platinum_Expansion/Cymatics - Dragon Platinum R&B Loop - Selfish - 70 BPM F Min.wav
0463__Fmin_70_r&b__Coldhearted__loop-Cymatics_Dragon_Platinum_R__seed7.wav,Fmin,70,r&b,Coldhearted,7,cKz! Coldhearted Fmin 70 bpm @crushed_keyz,Cymatics - Dragon Platinum R&B Loop - Selfish - 70 BPM F Min.wav,/Users/mikemcgovern/Documents/SoundSauce/Melody_Loops/Cymatics_Dragon_Platinum_Expansion/Cymatics - Dragon Platinum R&B Loop - Selfish - 70 BPM F Min.wav
0464__Fmin_70_r&b__Coldhearted__loop-Cymatics_Dragon_Platinum_R__seed123.wav,Fmin,70,r&b,Coldhearted,123,cKz! Coldhearted Fmin 70 bpm @crushed_keyz,Cymatics - Dragon Platinum R&B Loop - Selfish - 70 BPM F Min.wav,/Users/mikemcgovern/Documents/SoundSauce/Melody_Loops/Cymatics_Dragon_Platinum_Expansion/Cymatics - Dragon Platinum R&B Loop - Selfish - 70 BPM F Min.wav
0465__Fmin_70_r&b__Coldhearted__loop-Cymatics_Dragon_Platinum_R__seed777.wav,Fmin,70,r&b,Coldhearted,777,cKz! Coldhearted Fmin 70 bpm @crushed_keyz,Cymatics - Dragon Platinum R&B Loop - Selfish - 70 BPM F Min.wav,/Users/mikemcgovern/Documents/SoundSauce/Melody_Loops/Cymatics_Dragon_Platinum_Expansion/Cymatics - Dragon Platinum R&B Loop - Selfish - 70 BPM F Min.wav
0466__Fmin_70_r&b__Echo__loop-Cymatics_Dragon_Platinum_R__seed7.wav,Fmin,70,r&b,Echo,7,cKz! Echo Fmin 70 bpm @crushed_keyz,Cymatics - Dragon Platinum R&B Loop - Selfish - 70 BPM F Min.wav,/Users/mikemcgovern/Documents/SoundSauce/Melody_Loops/Cymatics_Dragon_Platinum_Expansion/Cymatics - Dragon Platinum R&B Loop - Selfish - 70 BPM F Min.wav
0467__Fmin_70_r&b__Echo__loop-Cymatics_Dragon_Platinum_R__seed123.wav,Fmin,70,r&b,Echo,123,cKz! Echo Fmin 70 bpm @crushed_keyz,Cymatics - Dragon Platinum R&B Loop - Selfish - 70 BPM F Min.wav,/Users/mikemcgovern/Documents/SoundSauce/Melody_Loops/Cymatics_Dragon_Platinum_Expansion/Cymatics - Dragon Platinum R&B Loop - Selfish - 70 BPM F Min.wav
0468__Fmin_70_r&b__Echo__loop-Cymatics_Dragon_Platinum_R__seed777.wav,Fmin,70,r&b,Echo,777,cKz! Echo Fmin 70 bpm @crushed_keyz,Cymatics - Dragon Platinum R&B Loop - Selfish - 70 BPM F Min.wav,/Users/mikemcgovern/Documents/SoundSauce/Melody_Loops/Cymatics_Dragon_Platinum_Expansion/Cymatics - Dragon Platinum R&B Loop - Selfish - 70 BPM F Min.wav
0469__Fmin_137_dark__StarLight__loop-Cymatics_Oracle_Dark_Melod__seed7.wav,Fmin,137,dark,StarLight,7,cKz! StarLight Fmin 137 bpm @crushed_keyz,Cymatics - Oracle Dark Melody Loop 8 - 137 BPM F Min Clarinet.wav,/Users/mikemcgovern/Documents/SoundSauce/Melody_Loops/Cymatics Oracle/Stems/Cymatics - Oracle Dark Melody Loop 8 - 137 BPM F Min Stems/Cymatics - Oracle Dark Melody Loop 8 - 137 BPM F Min Clarinet.wav
0470__Fmin_137_dark__StarLight__loop-Cymatics_Oracle_Dark_Melod__seed123.wav,Fmin,137,dark,StarLight,123,cKz! StarLight Fmin 137 bpm @crushed_keyz,Cymatics - Oracle Dark Melody Loop 8 - 137 BPM F Min Clarinet.wav,/Users/mikemcgovern/Documents/SoundSauce/Melody_Loops/Cymatics Oracle/Stems/Cymatics - Oracle Dark Melody Loop 8 - 137 BPM F Min Stems/Cymatics - Oracle Dark Melody Loop 8 - 137 BPM F Min Clarinet.wav
0471__Fmin_137_dark__StarLight__loop-Cymatics_Oracle_Dark_Melod__seed777.wav,Fmin,137,dark,StarLight,777,cKz! StarLight Fmin 137 bpm @crushed_keyz,Cymatics - Oracle Dark Melody Loop 8 - 137 BPM F Min Clarinet.wav,/Users/mikemcgovern/Documents/SoundSauce/Melody_Loops/Cymatics Oracle/Stems/Cymatics - Oracle Dark Melody Loop 8 - 137 BPM F Min Stems/Cymatics - Oracle Dark Melody Loop 8 - 137 BPM F Min Clarinet.wav
0472__Fmin_137_dark__JUNGLE__loop-Cymatics_Oracle_Dark_Melod__seed7.wav,Fmin,137,dark,JUNGLE,7,cKz! JUNGLE Fmin 137 bpm @crushed_keyz,Cymatics - Oracle Dark Melody Loop 8 - 137 BPM F Min Clarinet.wav,/Users/mikemcgovern/Documents/SoundSauce/Melody_Loops/Cymatics Oracle/Stems/Cymatics - Oracle Dark Melody Loop 8 - 137 BPM F Min Stems/Cymatics - Oracle Dark Melody Loop 8 - 137 BPM F Min Clarinet.wav
0473__Fmin_137_dark__JUNGLE__loop-Cymatics_Oracle_Dark_Melod__seed123.wav,Fmin,137,dark,JUNGLE,123,cKz! JUNGLE Fmin 137 bpm @crushed_keyz,Cymatics - Oracle Dark Melody Loop 8 - 137 BPM F Min Clarinet.wav,/Users/mikemcgovern/Documents/SoundSauce/Melody_Loops/Cymatics Oracle/Stems/Cymatics - Oracle Dark Melody Loop 8 - 137 BPM F Min Stems/Cymatics - Oracle Dark Melody Loop 8 - 137 BPM F Min Clarinet.wav
0474__Fmin_137_dark__JUNGLE__loop-Cymatics_Oracle_Dark_Melod__seed777.wav,Fmin,137,dark,JUNGLE,777,cKz! JUNGLE Fmin 137 bpm @crushed_keyz,Cymatics - Oracle Dark Melody Loop 8 - 137 BPM F Min Clarinet.wav,/Users/mikemcgovern/Documents/SoundSauce/Melody_Loops/Cymatics Oracle/Stems/Cymatics - Oracle Dark Melody Loop 8 - 137 BPM F Min Stems/Cymatics - Oracle Dark Melody Loop 8 - 137 BPM F Min Clarinet.wav
0475__Fmin_137_dark__CANOPY__loop-Cymatics_Oracle_Dark_Melod__seed7.wav,Fmin,137,dark,CANOPY,7,cKz! CANOPY Fmin 137 bpm @crushed_keyz,Cymatics - Oracle Dark Melody Loop 8 - 137 BPM F Min Clarinet.wav,/Users/mikemcgovern/Documents/SoundSauce/Melody_Loops/Cymatics Oracle/Stems/Cymatics - Oracle Dark Melody Loop 8 - 137 BPM F Min Stems/Cymatics - Oracle Dark Melody Loop 8 - 137 BPM F Min Clarinet.wav
0476__Fmin_137_dark__CANOPY__loop-Cymatics_Oracle_Dark_Melod__seed123.wav,Fmin,137,dark,CANOPY,123,cKz! CANOPY Fmin 137 bpm @crushed_keyz,Cymatics - Oracle Dark Melody Loop 8 - 137 BPM F Min Clarinet.wav,/Users/mikemcgovern/Documents/SoundSauce/Melody_Loops/Cymatics Oracle/Stems/Cymatics - Oracle Dark Melody Loop 8 - 137 BPM F Min Stems/Cymatics - Oracle Dark Melody Loop 8 - 137 BPM F Min Clarinet.wav
0477__Fmin_137_dark__CANOPY__loop-Cymatics_Oracle_Dark_Melod__seed777.wav,Fmin,137,dark,CANOPY,777,cKz! CANOPY Fmin 137 bpm @crushed_keyz,Cymatics - Oracle Dark Melody Loop 8 - 137 BPM F Min Clarinet.wav,/Users/mikemcgovern/Documents/SoundSauce/Melody_Loops/Cymatics Oracle/Stems/Cymatics - Oracle Dark Melody Loop 8 - 137 BPM F Min Stems/Cymatics - Oracle Dark Melody Loop 8 - 137 BPM F Min Clarinet.wav
0478__Fmin_137_dark__CoSmoS__loop-Cymatics_Oracle_Dark_Melod__seed7.wav,Fmin,137,dark,CoSmoS,7,cKz! CoSmoS Fmin 137 bpm @crushed_keyz,Cymatics - Oracle Dark Melody Loop 8 - 137 BPM F Min Clarinet.wav,/Users/mikemcgovern/Documents/SoundSauce/Melody_Loops/Cymatics Oracle/Stems/Cymatics - Oracle Dark Melody Loop 8 - 137 BPM F Min Stems/Cymatics - Oracle Dark Melody Loop 8 - 137 BPM F Min Clarinet.wav
0479__Fmin_137_dark__CoSmoS__loop-Cymatics_Oracle_Dark_Melod__seed123.wav,Fmin,137,dark,CoSmoS,123,cKz! CoSmoS Fmin 137 bpm @crushed_keyz,Cymatics - Oracle Dark Melody Loop 8 - 137 BPM F Min Clarinet.wav,/Users/mikemcgovern/Documents/SoundSauce/Melody_Loops/Cymatics Oracle/Stems/Cymatics - Oracle Dark Melody Loop 8 - 137 BPM F Min Stems/Cymatics - Oracle Dark Melody Loop 8 - 137 BPM F Min Clarinet.wav
0480__Fmin_137_dark__CoSmoS__loop-Cymatics_Oracle_Dark_Melod__seed777.wav,Fmin,137,dark,CoSmoS,777,cKz! CoSmoS Fmin 137 bpm @crushed_keyz,Cymatics - Oracle Dark Melody Loop 8 - 137 BPM F Min Clarinet.wav,/Users/mikemcgovern/Documents/SoundSauce/Melody_Loops/Cymatics Oracle/Stems/Cymatics - Oracle Dark Melody Loop 8 - 137 BPM F Min Stems/Cymatics - Oracle Dark Melody Loop 8 - 137 BPM F Min Clarinet.wav
0481__G#min_105_ethnic__CoSmoS__loop-Cymatics_Dragon_Ethnic_Loo__seed7.wav,G#min,105,ethnic,CoSmoS,7,cKz! CoSmoS G#min 105 bpm @crushed_keyz,Cymatics - Dragon Ethnic Loop - Runners - 105 BPM G# Min.wav,/Users/mikemcgovern/Documents/SoundSauce/Melody_Loops/Cymatics_Dragon_2/Ethnic/Cymatics - Dragon Ethnic Loop - Runners - 105 BPM G# Min.wav
0482__G#min_105_ethnic__CoSmoS__loop-Cymatics_Dragon_Ethnic_Loo__seed123.wav,G#min,105,ethnic,CoSmoS,123,cKz! CoSmoS G#min 105 bpm @crushed_keyz,Cymatics - Dragon Ethnic Loop - Runners - 105 BPM G# Min.wav,/Users/mikemcgovern/Documents/SoundSauce/Melody_Loops/Cymatics_Dragon_2/Ethnic/Cymatics - Dragon Ethnic Loop - Runners - 105 BPM G# Min.wav
0483__G#min_105_ethnic__CoSmoS__loop-Cymatics_Dragon_Ethnic_Loo__seed777.wav,G#min,105,ethnic,CoSmoS,777,cKz! CoSmoS G#min 105 bpm @crushed_keyz,Cymatics - Dragon Ethnic Loop - Runners - 105 BPM G# Min.wav,/Users/mikemcgovern/Documents/SoundSauce/Melody_Loops/Cymatics_Dragon_2/Ethnic/Cymatics - Dragon Ethnic Loop - Runners - 105 BPM G# Min.wav
0484__G#min_105_ethnic__TrapSoul__loop-Cymatics_Dragon_Ethnic_Loo__seed7.wav,G#min,105,ethnic,TrapSoul,7,cKz! TrapSoul G#min 105 bpm @crushed_keyz,Cymatics - Dragon Ethnic Loop - Runners - 105 BPM G# Min.wav,/Users/mikemcgovern/Documents/SoundSauce/Melody_Loops/Cymatics_Dragon_2/Ethnic/Cymatics - Dragon Ethnic Loop - Runners - 105 BPM G# Min.wav
0485__G#min_105_ethnic__TrapSoul__loop-Cymatics_Dragon_Ethnic_Loo__seed123.wav,G#min,105,ethnic,TrapSoul,123,cKz! TrapSoul G#min 105 bpm @crushed_keyz,Cymatics - Dragon Ethnic Loop - Runners - 105 BPM G# Min.wav,/Users/mikemcgovern/Documents/SoundSauce/Melody_Loops/Cymatics_Dragon_2/Ethnic/Cymatics - Dragon Ethnic Loop - Runners - 105 BPM G# Min.wav
0486__G#min_105_ethnic__TrapSoul__loop-Cymatics_Dragon_Ethnic_Loo__seed777.wav,G#min,105,ethnic,TrapSoul,777,cKz! TrapSoul G#min 105 bpm @crushed_keyz,Cymatics - Dragon Ethnic Loop - Runners - 105 BPM G# Min.wav,/Users/mikemcgovern/Documents/SoundSauce/Melody_Loops/Cymatics_Dragon_2/Ethnic/Cymatics - Dragon Ethnic Loop - Runners - 105 BPM G# Min.wav
0487__G#min_105_ethnic__Panda__loop-Cymatics_Dragon_Ethnic_Loo__seed7.wav,G#min,105,ethnic,Panda,7,cKz! Panda G#min 105 bpm @crushed_keyz,Cymatics - Dragon Ethnic Loop - Runners - 105 BPM G# Min.wav,/Users/mikemcgovern/Documents/SoundSauce/Melody_Loops/Cymatics_Dragon_2/Ethnic/Cymatics - Dragon Ethnic Loop - Runners - 105 BPM G# Min.wav
0488__G#min_105_ethnic__Panda__loop-Cymatics_Dragon_Ethnic_Loo__seed123.wav,G#min,105,ethnic,Panda,123,cKz! Panda G#min 105 bpm @crushed_keyz,Cymatics - Dragon Ethnic Loop - Runners - 105 BPM G# Min.wav,/Users/mikemcgovern/Documents/SoundSauce/Melody_Loops/Cymatics_Dragon_2/Ethnic/Cymatics - Dragon Ethnic Loop - Runners - 105 BPM G# Min.wav
0489__G#min_105_ethnic__Panda__loop-Cymatics_Dragon_Ethnic_Loo__seed777.wav,G#min,105,ethnic,Panda,777,cKz! Panda G#min 105 bpm @crushed_keyz,Cymatics - Dragon Ethnic Loop - Runners - 105 BPM G# Min.wav,/Users/mikemcgovern/Documents/SoundSauce/Melody_Loops/Cymatics_Dragon_2/Ethnic/Cymatics - Dragon Ethnic Loop - Runners - 105 BPM G# Min.wav
0490__G#min_105_ethnic__BANDS__loop-Cymatics_Dragon_Ethnic_Loo__seed7.wav,G#min,105,ethnic,BANDS,7,cKz! BANDS G#min 105 bpm @crushed_keyz,Cymatics - Dragon Ethnic Loop - Runners - 105 BPM G# Min.wav,/Users/mikemcgovern/Documents/SoundSauce/Melody_Loops/Cymatics_Dragon_2/Ethnic/Cymatics - Dragon Ethnic Loop - Runners - 105 BPM G# Min.wav
0491__G#min_105_ethnic__BANDS__loop-Cymatics_Dragon_Ethnic_Loo__seed123.wav,G#min,105,ethnic,BANDS,123,cKz! BANDS G#min 105 bpm @crushed_keyz,Cymatics - Dragon Ethnic Loop - Runners - 105 BPM G# Min.wav,/Users/mikemcgovern/Documents/SoundSauce/Melody_Loops/Cymatics_Dragon_2/Ethnic/Cymatics - Dragon Ethnic Loop - Runners - 105 BPM G# Min.wav
0492__G#min_105_ethnic__BANDS__loop-Cymatics_Dragon_Ethnic_Loo__seed777.wav,G#min,105,ethnic,BANDS,777,cKz! BANDS G#min 105 bpm @crushed_keyz,Cymatics - Dragon Ethnic Loop - Runners - 105 BPM G# Min.wav,/Users/mikemcgovern/Documents/SoundSauce/Melody_Loops/Cymatics_Dragon_2/Ethnic/Cymatics - Dragon Ethnic Loop - Runners - 105 BPM G# Min.wav
0493__G#min_150_dragon__Velvet__loop-Cymatics_Dragon_Orchestral__seed7.wav,G#min,150,dragon,Velvet,7,cKz! Velvet G#min 150 bpm @crushed_keyz,Cymatics - Dragon Orchestral Loop - Crossover - 150 BPM G# Min.wav,/Users/mikemcgovern/Documents/SoundSauce/Melody_Loops/Cymatics - Dragon Pt. 3/Orchestral/Cymatics - Dragon Orchestral Loop - Crossover - 150 BPM G# Min.wav
0494__G#min_150_dragon__Velvet__loop-Cymatics_Dragon_Orchestral__seed123.wav,G#min,150,dragon,Velvet,123,cKz! Velvet G#min 150 bpm @crushed_keyz,Cymatics - Dragon Orchestral Loop - Crossover - 150 BPM G# Min.wav,/Users/mikemcgovern/Documents/SoundSauce/Melody_Loops/Cymatics - Dragon Pt. 3/Orchestral/Cymatics - Dragon Orchestral Loop - Crossover - 150 BPM G# Min.wav
0495__G#min_150_dragon__Velvet__loop-Cymatics_Dragon_Orchestral__seed777.wav,G#min,150,dragon,Velvet,777,cKz! Velvet G#min 150 bpm @crushed_keyz,Cymatics - Dragon Orchestral Loop - Crossover - 150 BPM G# Min.wav,/Users/mikemcgovern/Documents/SoundSauce/Melody_Loops/Cymatics - Dragon Pt. 3/Orchestral/Cymatics - Dragon Orchestral Loop - Crossover - 150 BPM G# Min.wav
0496__G#min_150_dragon__Steppa__loop-Cymatics_Dragon_Orchestral__seed7.wav,G#min,150,dragon,Steppa,7,cKz! Steppa G#min 150 bpm @crushed_keyz,Cymatics - Dragon Orchestral Loop - Crossover - 150 BPM G# Min.wav,/Users/mikemcgovern/Documents/SoundSauce/Melody_Loops/Cymatics - Dragon Pt. 3/Orchestral/Cymatics - Dragon Orchestral Loop - Crossover - 150 BPM G# Min.wav
0497__G#min_150_dragon__Steppa__loop-Cymatics_Dragon_Orchestral__seed123.wav,G#min,150,dragon,Steppa,123,cKz! Steppa G#min 150 bpm @crushed_keyz,Cymatics - Dragon Orchestral Loop - Crossover - 150 BPM G# Min.wav,/Users/mikemcgovern/Documents/SoundSauce/Melody_Loops/Cymatics - Dragon Pt. 3/Orchestral/Cymatics - Dragon Orchestral Loop - Crossover - 150 BPM G# Min.wav
0498__G#min_150_dragon__Steppa__loop-Cymatics_Dragon_Orchestral__seed777.wav,G#min,150,dragon,Steppa,777,cKz! Steppa G#min 150 bpm @crushed_keyz,Cymatics - Dragon Orchestral Loop - Crossover - 150 BPM G# Min.wav,/Users/mikemcgovern/Documents/SoundSauce/Melody_Loops/Cymatics - Dragon Pt. 3/Orchestral/Cymatics - Dragon Orchestral Loop - Crossover - 150 BPM G# Min.wav
0499__G#min_150_dragon__LATE__loop-Cymatics_Dragon_Orchestral__seed7.wav,G#min,150,dragon,LATE,7,cKz! LATE G#min 150 bpm @crushed_keyz,Cymatics - Dragon Orchestral Loop - Crossover - 150 BPM G# Min.wav,/Users/mikemcgovern/Documents/SoundSauce/Melody_Loops/Cymatics - Dragon Pt. 3/Orchestral/Cymatics - Dragon Orchestral Loop - Crossover - 150 BPM G# Min.wav
0500__G#min_150_dragon__LATE__loop-Cymatics_Dragon_Orchestral__seed123.wav,G#min,150,dragon,LATE,123,cKz! LATE G#min 150 bpm @crushed_keyz,Cymatics - Dragon Orchestral Loop - Crossover - 150 BPM G# Min.wav,/Users/mikemcgovern/Documents/SoundSauce/Melody_Loops/Cymatics - Dragon Pt. 3/Orchestral/Cymatics - Dragon Orchestral Loop - Crossover - 150 BPM G# Min.wav
0501__G#min_150_dragon__LATE__loop-Cymatics_Dragon_Orchestral__seed777.wav,G#min,150,dragon,LATE,777,cKz! LATE G#min 150 bpm @crushed_keyz,Cymatics - Dragon Orchestral Loop - Crossover - 150 BPM G# Min.wav,/Users/mikemcgovern/Documents/SoundSauce/Melody_Loops/Cymatics - Dragon Pt. 3/Orchestral/Cymatics - Dragon Orchestral Loop - Crossover - 150 BPM G# Min.wav
0502__G#min_150_dragon__Depths__loop-Cymatics_Dragon_Orchestral__seed7.wav,G#min,150,dragon,Depths,7,cKz! Depths G#min 150 bpm @crushed_keyz,Cymatics - Dragon Orchestral Loop - Crossover - 150 BPM G# Min.wav,/Users/mikemcgovern/Documents/SoundSauce/Melody_Loops/Cymatics - Dragon Pt. 3/Orchestral/Cymatics - Dragon Orchestral Loop - Crossover - 150 BPM G# Min.wav
0503__G#min_150_dragon__Depths__loop-Cymatics_Dragon_Orchestral__seed123.wav,G#min,150,dragon,Depths,123,cKz! Depths G#min 150 bpm @crushed_keyz,Cymatics - Dragon Orchestral Loop - Crossover - 150 BPM G# Min.wav,/Users/mikemcgovern/Documents/SoundSauce/Melody_Loops/Cymatics - Dragon Pt. 3/Orchestral/Cymatics - Dragon Orchestral Loop - Crossover - 150 BPM G# Min.wav
0504__G#min_150_dragon__Depths__loop-Cymatics_Dragon_Orchestral__seed777.wav,G#min,150,dragon,Depths,777,cKz! Depths G#min 150 bpm @crushed_keyz,Cymatics - Dragon Orchestral Loop - Crossover - 150 BPM G# Min.wav,/Users/mikemcgovern/Documents/SoundSauce/Melody_Loops/Cymatics - Dragon Pt. 3/Orchestral/Cymatics - Dragon Orchestral Loop - Crossover - 150 BPM G# Min.wav
0505__G#min_85_sad__Mars__loop-Cymatics_Dragon_Sad_Loop_L__seed7.wav,G#min,85,sad,Mars,7,cKz! Mars G#min 85 bpm @crushed_keyz,Cymatics - Dragon Sad Loop - Love Sick - 85 BPM G# Min.wav,/Users/mikemcgovern/Documents/SoundSauce/Melody_Loops/Cymatics - Dragon Pt. 5/Sad/Cymatics - Dragon Sad Loop - Love Sick - 85 BPM G# Min.wav
0506__G#min_85_sad__Mars__loop-Cymatics_Dragon_Sad_Loop_L__seed123.wav,G#min,85,sad,Mars,123,cKz! Mars G#min 85 bpm @crushed_keyz,Cymatics - Dragon Sad Loop - Love Sick - 85 BPM G# Min.wav,/Users/mikemcgovern/Documents/SoundSauce/Melody_Loops/Cymatics - Dragon Pt. 5/Sad/Cymatics - Dragon Sad Loop - Love Sick - 85 BPM G# Min.wav
0507__G#min_85_sad__Mars__loop-Cymatics_Dragon_Sad_Loop_L__seed777.wav,G#min,85,sad,Mars,777,cKz! Mars G#min 85 bpm @crushed_keyz,Cymatics - Dragon Sad Loop - Love Sick - 85 BPM G# Min.wav,/Users/mikemcgovern/Documents/SoundSauce/Melody_Loops/Cymatics - Dragon Pt. 5/Sad/Cymatics - Dragon Sad Loop - Love Sick - 85 BPM G# Min.wav
0508__G#min_85_sad__Coupe__loop-Cymatics_Dragon_Sad_Loop_L__seed7.wav,G#min,85,sad,Coupe,7,cKz! Coupe G#min 85 bpm @crushed_keyz,Cymatics - Dragon Sad Loop - Love Sick - 85 BPM G# Min.wav,/Users/mikemcgovern/Documents/SoundSauce/Melody_Loops/Cymatics - Dragon Pt. 5/Sad/Cymatics - Dragon Sad Loop - Love Sick - 85 BPM G# Min.wav
0509__G#min_85_sad__Coupe__loop-Cymatics_Dragon_Sad_Loop_L__seed123.wav,G#min,85,sad,Coupe,123,cKz! Coupe G#min 85 bpm @crushed_keyz,Cymatics - Dragon Sad Loop - Love Sick - 85 BPM G# Min.wav,/Users/mikemcgovern/Documents/SoundSauce/Melody_Loops/Cymatics - Dragon Pt. 5/Sad/Cymatics - Dragon Sad Loop - Love Sick - 85 BPM G# Min.wav
0510__G#min_85_sad__Coupe__loop-Cymatics_Dragon_Sad_Loop_L__seed777.wav,G#min,85,sad,Coupe,777,cKz! Coupe G#min 85 bpm @crushed_keyz,Cymatics - Dragon Sad Loop - Love Sick - 85 BPM G# Min.wav,/Users/mikemcgovern/Documents/SoundSauce/Melody_Loops/Cymatics - Dragon Pt. 5/Sad/Cymatics - Dragon Sad Loop - Love Sick - 85 BPM G# Min.wav
0511__G#min_85_sad__Rent_Free__loop-Cymatics_Dragon_Sad_Loop_L__seed7.wav,G#min,85,sad,Rent_Free,7,cKz! Rent_Free G#min 85 bpm @crushed_keyz,Cymatics - Dragon Sad Loop - Love Sick - 85 BPM G# Min.wav,/Users/mikemcgovern/Documents/SoundSauce/Melody_Loops/Cymatics - Dragon Pt. 5/Sad/Cymatics - Dragon Sad Loop - Love Sick - 85 BPM G# Min.wav
0512__G#min_85_sad__Rent_Free__loop-Cymatics_Dragon_Sad_Loop_L__seed123.wav,G#min,85,sad,Rent_Free,123,cKz! Rent_Free G#min 85 bpm @crushed_keyz,Cymatics - Dragon Sad Loop - Love Sick - 85 BPM G# Min.wav,/Users/mikemcgovern/Documents/SoundSauce/Melody_Loops/Cymatics - Dragon Pt. 5/Sad/Cymatics - Dragon Sad Loop - Love Sick - 85 BPM G# Min.wav
0513__G#min_85_sad__Rent_Free__loop-Cymatics_Dragon_Sad_Loop_L__seed777.wav,G#min,85,sad,Rent_Free,777,cKz! Rent_Free G#min 85 bpm @crushed_keyz,Cymatics - Dragon Sad Loop - Love Sick - 85 BPM G# Min.wav,/Users/mikemcgovern/Documents/SoundSauce/Melody_Loops/Cymatics - Dragon Pt. 5/Sad/Cymatics - Dragon Sad Loop - Love Sick - 85 BPM G# Min.wav
0514__G#min_85_sad__Soulful__loop-Cymatics_Dragon_Sad_Loop_L__seed7.wav,G#min,85,sad,Soulful,7,cKz! Soulful G#min 85 bpm @crushed_keyz,Cymatics - Dragon Sad Loop - Love Sick - 85 BPM G# Min.wav,/Users/mikemcgovern/Documents/SoundSauce/Melody_Loops/Cymatics - Dragon Pt. 5/Sad/Cymatics - Dragon Sad Loop - Love Sick - 85 BPM G# Min.wav
0515__G#min_85_sad__Soulful__loop-Cymatics_Dragon_Sad_Loop_L__seed123.wav,G#min,85,sad,Soulful,123,cKz! Soulful G#min 85 bpm @crushed_keyz,Cymatics - Dragon Sad Loop - Love Sick - 85 BPM G# Min.wav,/Users/mikemcgovern/Documents/SoundSauce/Melody_Loops/Cymatics - Dragon Pt. 5/Sad/Cymatics - Dragon Sad Loop - Love Sick - 85 BPM G# Min.wav
0516__G#min_85_sad__Soulful__loop-Cymatics_Dragon_Sad_Loop_L__seed777.wav,G#min,85,sad,Soulful,777,cKz! Soulful G#min 85 bpm @crushed_keyz,Cymatics - Dragon Sad Loop - Love Sick - 85 BPM G# Min.wav,/Users/mikemcgovern/Documents/SoundSauce/Melody_Loops/Cymatics - Dragon Pt. 5/Sad/Cymatics - Dragon Sad Loop - Love Sick - 85 BPM G# Min.wav
0517__G#min_115_dark__Halo__loop-Cymatics_Gems_Dark_Loop_At__seed7.wav,G#min,115,dark,Halo,7,cKz! Halo G#min 115 bpm @crushed_keyz,Cymatics - Gems Dark Loop - Atrocity - 115 BPM G# Min.wav,/Users/mikemcgovern/Documents/SoundSauce/Melody_Loops/Cymatics_Gems_Ultimate_Edition_Vol_1_Pt_1/Dark/Cymatics - Gems Dark Loop - Atrocity - 115 BPM G# Min.wav
0518__G#min_115_dark__Halo__loop-Cymatics_Gems_Dark_Loop_At__seed123.wav,G#min,115,dark,Halo,123,cKz! Halo G#min 115 bpm @crushed_keyz,Cymatics - Gems Dark Loop - Atrocity - 115 BPM G# Min.wav,/Users/mikemcgovern/Documents/SoundSauce/Melody_Loops/Cymatics_Gems_Ultimate_Edition_Vol_1_Pt_1/Dark/Cymatics - Gems Dark Loop - Atrocity - 115 BPM G# Min.wav
0519__G#min_115_dark__Halo__loop-Cymatics_Gems_Dark_Loop_At__seed777.wav,G#min,115,dark,Halo,777,cKz! Halo G#min 115 bpm @crushed_keyz,Cymatics - Gems Dark Loop - Atrocity - 115 BPM G# Min.wav,/Users/mikemcgovern/Documents/SoundSauce/Melody_Loops/Cymatics_Gems_Ultimate_Edition_Vol_1_Pt_1/Dark/Cymatics - Gems Dark Loop - Atrocity - 115 BPM G# Min.wav
0520__G#min_115_dark__BANDS__loop-Cymatics_Gems_Dark_Loop_At__seed7.wav,G#min,115,dark,BANDS,7,cKz! BANDS G#min 115 bpm @crushed_keyz,Cymatics - Gems Dark Loop - Atrocity - 115 BPM G# Min.wav,/Users/mikemcgovern/Documents/SoundSauce/Melody_Loops/Cymatics_Gems_Ultimate_Edition_Vol_1_Pt_1/Dark/Cymatics - Gems Dark Loop - Atrocity - 115 BPM G# Min.wav
0521__G#min_115_dark__BANDS__loop-Cymatics_Gems_Dark_Loop_At__seed123.wav,G#min,115,dark,BANDS,123,cKz! BANDS G#min 115 bpm @crushed_keyz,Cymatics - Gems Dark Loop - Atrocity - 115 BPM G# Min.wav,/Users/mikemcgovern/Documents/SoundSauce/Melody_Loops/Cymatics_Gems_Ultimate_Edition_Vol_1_Pt_1/Dark/Cymatics - Gems Dark Loop - Atrocity - 115 BPM G# Min.wav
0522__G#min_115_dark__BANDS__loop-Cymatics_Gems_Dark_Loop_At__seed777.wav,G#min,115,dark,BANDS,777,cKz! BANDS G#min 115 bpm @crushed_keyz,Cymatics - Gems Dark Loop - Atrocity - 115 BPM G# Min.wav,/Users/mikemcgovern/Documents/SoundSauce/Melody_Loops/Cymatics_Gems_Ultimate_Edition_Vol_1_Pt_1/Dark/Cymatics - Gems Dark Loop - Atrocity - 115 BPM G# Min.wav
0523__G#min_115_dark__Dusk__loop-Cymatics_Gems_Dark_Loop_At__seed7.wav,G#min,115,dark,Dusk,7,cKz! Dusk G#min 115 bpm @crushed_keyz,Cymatics - Gems Dark Loop - Atrocity - 115 BPM G# Min.wav,/Users/mikemcgovern/Documents/SoundSauce/Melody_Loops/Cymatics_Gems_Ultimate_Edition_Vol_1_Pt_1/Dark/Cymatics - Gems Dark Loop - Atrocity - 115 BPM G# Min.wav
0524__G#min_115_dark__Dusk__loop-Cymatics_Gems_Dark_Loop_At__seed123.wav,G#min,115,dark,Dusk,123,cKz! Dusk G#min 115 bpm @crushed_keyz,Cymatics - Gems Dark Loop - Atrocity - 115 BPM G# Min.wav,/Users/mikemcgovern/Documents/SoundSauce/Melody_Loops/Cymatics_Gems_Ultimate_Edition_Vol_1_Pt_1/Dark/Cymatics - Gems Dark Loop - Atrocity - 115 BPM G# Min.wav
0525__G#min_115_dark__Dusk__loop-Cymatics_Gems_Dark_Loop_At__seed777.wav,G#min,115,dark,Dusk,777,cKz! Dusk G#min 115 bpm @crushed_keyz,Cymatics - Gems Dark Loop - Atrocity - 115 BPM G# Min.wav,/Users/mikemcgovern/Documents/SoundSauce/Melody_Loops/Cymatics_Gems_Ultimate_Edition_Vol_1_Pt_1/Dark/Cymatics - Gems Dark Loop - Atrocity - 115 BPM G# Min.wav
0526__G#min_115_dark__Echo__loop-Cymatics_Gems_Dark_Loop_At__seed7.wav,G#min,115,dark,Echo,7,cKz! Echo G#min 115 bpm @crushed_keyz,Cymatics - Gems Dark Loop - Atrocity - 115 BPM G# Min.wav,/Users/mikemcgovern/Documents/SoundSauce/Melody_Loops/Cymatics_Gems_Ultimate_Edition_Vol_1_Pt_1/Dark/Cymatics - Gems Dark Loop - Atrocity - 115 BPM G# Min.wav
0527__G#min_115_dark__Echo__loop-Cymatics_Gems_Dark_Loop_At__seed123.wav,G#min,115,dark,Echo,123,cKz! Echo G#min 115 bpm @crushed_keyz,Cymatics - Gems Dark Loop - Atrocity - 115 BPM G# Min.wav,/Users/mikemcgovern/Documents/SoundSauce/Melody_Loops/Cymatics_Gems_Ultimate_Edition_Vol_1_Pt_1/Dark/Cymatics - Gems Dark Loop - Atrocity - 115 BPM G# Min.wav
0528__G#min_115_dark__Echo__loop-Cymatics_Gems_Dark_Loop_At__seed777.wav,G#min,115,dark,Echo,777,cKz! Echo G#min 115 bpm @crushed_keyz,Cymatics - Gems Dark Loop - Atrocity - 115 BPM G# Min.wav,/Users/mikemcgovern/Documents/SoundSauce/Melody_Loops/Cymatics_Gems_Ultimate_Edition_Vol_1_Pt_1/Dark/Cymatics - Gems Dark Loop - Atrocity - 115 BPM G# Min.wav
0529__Gmin_136_dark__LowKey__loop-Cymatics_Dragon_Dark_Loop___seed7.wav,Gmin,136,dark,LowKey,7,cKz! LowKey Gmin 136 bpm @crushed_keyz,Cymatics - Dragon Dark Loop - Power - 136 BPM G Min.wav,/Users/mikemcgovern/Documents/SoundSauce/Melody_Loops/Cymatics_Dragon_1/Dark/Cymatics - Dragon Dark Loop - Power - 136 BPM G Min.wav
0530__Gmin_136_dark__LowKey__loop-Cymatics_Dragon_Dark_Loop___seed123.wav,Gmin,136,dark,LowKey,123,cKz! LowKey Gmin 136 bpm @crushed_keyz,Cymatics - Dragon Dark Loop - Power - 136 BPM G Min.wav,/Users/mikemcgovern/Documents/SoundSauce/Melody_Loops/Cymatics_Dragon_1/Dark/Cymatics - Dragon Dark Loop - Power - 136 BPM G Min.wav
0531__Gmin_136_dark__LowKey__loop-Cymatics_Dragon_Dark_Loop___seed777.wav,Gmin,136,dark,LowKey,777,cKz! LowKey Gmin 136 bpm @crushed_keyz,Cymatics - Dragon Dark Loop - Power - 136 BPM G Min.wav,/Users/mikemcgovern/Documents/SoundSauce/Melody_Loops/Cymatics_Dragon_1/Dark/Cymatics - Dragon Dark Loop - Power - 136 BPM G Min.wav
0532__Gmin_136_dark__Coldhearted__loop-Cymatics_Dragon_Dark_Loop___seed7.wav,Gmin,136,dark,Coldhearted,7,cKz! Coldhearted Gmin 136 bpm @crushed_keyz,Cymatics - Dragon Dark Loop - Power - 136 BPM G Min.wav,/Users/mikemcgovern/Documents/SoundSauce/Melody_Loops/Cymatics_Dragon_1/Dark/Cymatics - Dragon Dark Loop - Power - 136 BPM G Min.wav
0533__Gmin_136_dark__Coldhearted__loop-Cymatics_Dragon_Dark_Loop___seed123.wav,Gmin,136,dark,Coldhearted,123,cKz! Coldhearted Gmin 136 bpm @crushed_keyz,Cymatics - Dragon Dark Loop - Power - 136 BPM G Min.wav,/Users/mikemcgovern/Documents/SoundSauce/Melody_Loops/Cymatics_Dragon_1/Dark/Cymatics - Dragon Dark Loop - Power - 136 BPM G Min.wav
0534__Gmin_136_dark__Coldhearted__loop-Cymatics_Dragon_Dark_Loop___seed777.wav,Gmin,136,dark,Coldhearted,777,cKz! Coldhearted Gmin 136 bpm @crushed_keyz,Cymatics - Dragon Dark Loop - Power - 136 BPM G Min.wav,/Users/mikemcgovern/Documents/SoundSauce/Melody_Loops/Cymatics_Dragon_1/Dark/Cymatics - Dragon Dark Loop - Power - 136 BPM G Min.wav
0535__Gmin_136_dark__FlaMEnCO__loop-Cymatics_Dragon_Dark_Loop___seed7.wav,Gmin,136,dark,FlaMEnCO,7,cKz! FlaMEnCO Gmin 136 bpm @crushed_keyz,Cymatics - Dragon Dark Loop - Power - 136 BPM G Min.wav,/Users/mikemcgovern/Documents/SoundSauce/Melody_Loops/Cymatics_Dragon_1/Dark/Cymatics - Dragon Dark Loop - Power - 136 BPM G Min.wav
0536__Gmin_136_dark__FlaMEnCO__loop-Cymatics_Dragon_Dark_Loop___seed123.wav,Gmin,136,dark,FlaMEnCO,123,cKz! FlaMEnCO Gmin 136 bpm @crushed_keyz,Cymatics - Dragon Dark Loop - Power - 136 BPM G Min.wav,/Users/mikemcgovern/Documents/SoundSauce/Melody_Loops/Cymatics_Dragon_1/Dark/Cymatics - Dragon Dark Loop - Power - 136 BPM G Min.wav
0537__Gmin_136_dark__FlaMEnCO__loop-Cymatics_Dragon_Dark_Loop___seed777.wav,Gmin,136,dark,FlaMEnCO,777,cKz! FlaMEnCO Gmin 136 bpm @crushed_keyz,Cymatics - Dragon Dark Loop - Power - 136 BPM G Min.wav,/Users/mikemcgovern/Documents/SoundSauce/Melody_Loops/Cymatics_Dragon_1/Dark/Cymatics - Dragon Dark Loop - Power - 136 BPM G Min.wav
0538__Gmin_136_dark__Coupe__loop-Cymatics_Dragon_Dark_Loop___seed7.wav,Gmin,136,dark,Coupe,7,cKz! Coupe Gmin 136 bpm @crushed_keyz,Cymatics - Dragon Dark Loop - Power - 136 BPM G Min.wav,/Users/mikemcgovern/Documents/SoundSauce/Melody_Loops/Cymatics_Dragon_1/Dark/Cymatics - Dragon Dark Loop - Power - 136 BPM G Min.wav
0539__Gmin_136_dark__Coupe__loop-Cymatics_Dragon_Dark_Loop___seed123.wav,Gmin,136,dark,Coupe,123,cKz! Coupe Gmin 136 bpm @crushed_keyz,Cymatics - Dragon Dark Loop - Power - 136 BPM G Min.wav,/Users/mikemcgovern/Documents/SoundSauce/Melody_Loops/Cymatics_Dragon_1/Dark/Cymatics - Dragon Dark Loop - Power - 136 BPM G Min.wav
0540__Gmin_136_dark__Coupe__loop-Cymatics_Dragon_Dark_Loop___seed777.wav,Gmin,136,dark,Coupe,777,cKz! Coupe Gmin 136 bpm @crushed_keyz,Cymatics - Dragon Dark Loop - Power - 136 BPM G Min.wav,/Users/mikemcgovern/Documents/SoundSauce/Melody_Loops/Cymatics_Dragon_1/Dark/Cymatics - Dragon Dark Loop - Power - 136 BPM G Min.wav
0541__Gmin_130_r&b__FlaMEnCO__loop-Cymatics_Dragon_R_B_Loop_R__seed7.wav,Gmin,130,r&b,FlaMEnCO,7,cKz! FlaMEnCO Gmin 130 bpm @crushed_keyz,Cymatics - Dragon R&B Loop - Right Now - 130 BPM G Min.wav,/Users/mikemcgovern/Documents/SoundSauce/Melody_Loops/Cymatics - Dragon Pt. 4/R&B/Cymatics - Dragon R&B Loop - Right Now - 130 BPM G Min.wav
0542__Gmin_130_r&b__FlaMEnCO__loop-Cymatics_Dragon_R_B_Loop_R__seed123.wav,Gmin,130,r&b,FlaMEnCO,123,cKz! FlaMEnCO Gmin 130 bpm @crushed_keyz,Cymatics - Dragon R&B Loop - Right Now - 130 BPM G Min.wav,/Users/mikemcgovern/Documents/SoundSauce/Melody_Loops/Cymatics - Dragon Pt. 4/R&B/Cymatics - Dragon R&B Loop - Right Now - 130 BPM G Min.wav
0543__Gmin_130_r&b__FlaMEnCO__loop-Cymatics_Dragon_R_B_Loop_R__seed777.wav,Gmin,130,r&b,FlaMEnCO,777,cKz! FlaMEnCO Gmin 130 bpm @crushed_keyz,Cymatics - Dragon R&B Loop - Right Now - 130 BPM G Min.wav,/Users/mikemcgovern/Documents/SoundSauce/Melody_Loops/Cymatics - Dragon Pt. 4/R&B/Cymatics - Dragon R&B Loop - Right Now - 130 BPM G Min.wav
0544__Gmin_130_r&b__Ember__loop-Cymatics_Dragon_R_B_Loop_R__seed7.wav,Gmin,130,r&b,Ember,7,cKz! Ember Gmin 130 bpm @crushed_keyz,Cymatics - Dragon R&B Loop - Right Now - 130 BPM G Min.wav,/Users/mikemcgovern/Documents/SoundSauce/Melody_Loops/Cymatics - Dragon Pt. 4/R&B/Cymatics - Dragon R&B Loop - Right Now - 130 BPM G Min.wav
0545__Gmin_130_r&b__Ember__loop-Cymatics_Dragon_R_B_Loop_R__seed123.wav,Gmin,130,r&b,Ember,123,cKz! Ember Gmin 130 bpm @crushed_keyz,Cymatics - Dragon R&B Loop - Right Now - 130 BPM G Min.wav,/Users/mikemcgovern/Documents/SoundSauce/Melody_Loops/Cymatics - Dragon Pt. 4/R&B/Cymatics - Dragon R&B Loop - Right Now - 130 BPM G Min.wav
0546__Gmin_130_r&b__Ember__loop-Cymatics_Dragon_R_B_Loop_R__seed777.wav,Gmin,130,r&b,Ember,777,cKz! Ember Gmin 130 bpm @crushed_keyz,Cymatics - Dragon R&B Loop - Right Now - 130 BPM G Min.wav,/Users/mikemcgovern/Documents/SoundSauce/Melody_Loops/Cymatics - Dragon Pt. 4/R&B/Cymatics - Dragon R&B Loop - Right Now - 130 BPM G Min.wav
0547__Gmin_130_r&b__StarLight__loop-Cymatics_Dragon_R_B_Loop_R__seed7.wav,Gmin,130,r&b,StarLight,7,cKz! StarLight Gmin 130 bpm @crushed_keyz,Cymatics - Dragon R&B Loop - Right Now - 130 BPM G Min.wav,/Users/mikemcgovern/Documents/SoundSauce/Melody_Loops/Cymatics - Dragon Pt. 4/R&B/Cymatics - Dragon R&B Loop - Right Now - 130 BPM G Min.wav
0548__Gmin_130_r&b__StarLight__loop-Cymatics_Dragon_R_B_Loop_R__seed123.wav,Gmin,130,r&b,StarLight,123,cKz! StarLight Gmin 130 bpm @crushed_keyz,Cymatics - Dragon R&B Loop - Right Now - 130 BPM G Min.wav,/Users/mikemcgovern/Documents/SoundSauce/Melody_Loops/Cymatics - Dragon Pt. 4/R&B/Cymatics - Dragon R&B Loop - Right Now - 130 BPM G Min.wav
0549__Gmin_130_r&b__StarLight__loop-Cymatics_Dragon_R_B_Loop_R__seed777.wav,Gmin,130,r&b,StarLight,777,cKz! StarLight Gmin 130 bpm @crushed_keyz,Cymatics - Dragon R&B Loop - Right Now - 130 BPM G Min.wav,/Users/mikemcgovern/Documents/SoundSauce/Melody_Loops/Cymatics - Dragon Pt. 4/R&B/Cymatics - Dragon R&B Loop - Right Now - 130 BPM G Min.wav
0550__Gmin_130_r&b__Crystal__loop-Cymatics_Dragon_R_B_Loop_R__seed7.wav,Gmin,130,r&b,Crystal,7,cKz! Crystal Gmin 130 bpm @crushed_keyz,Cymatics - Dragon R&B Loop - Right Now - 130 BPM G Min.wav,/Users/mikemcgovern/Documents/SoundSauce/Melody_Loops/Cymatics - Dragon Pt. 4/R&B/Cymatics - Dragon R&B Loop - Right Now - 130 BPM G Min.wav
0551__Gmin_130_r&b__Crystal__loop-Cymatics_Dragon_R_B_Loop_R__seed123.wav,Gmin,130,r&b,Crystal,123,cKz! Crystal Gmin 130 bpm @crushed_keyz,Cymatics - Dragon R&B Loop - Right Now - 130 BPM G Min.wav,/Users/mikemcgovern/Documents/SoundSauce/Melody_Loops/Cymatics - Dragon Pt. 4/R&B/Cymatics - Dragon R&B Loop - Right Now - 130 BPM G Min.wav
0552__Gmin_130_r&b__Crystal__loop-Cymatics_Dragon_R_B_Loop_R__seed777.wav,Gmin,130,r&b,Crystal,777,cKz! Crystal Gmin 130 bpm @crushed_keyz,Cymatics - Dragon R&B Loop - Right Now - 130 BPM G Min.wav,/Users/mikemcgovern/Documents/SoundSauce/Melody_Loops/Cymatics - Dragon Pt. 4/R&B/Cymatics - Dragon R&B Loop - Right Now - 130 BPM G Min.wav
0553__Gmin_102_rnb__Panda__loop-Cymatics_Gems_Vol_6_Fading__seed7.wav,Gmin,102,rnb,Panda,7,cKz! Panda Gmin 102 bpm @crushed_keyz,Cymatics Gems Vol 6 - Fading Away - 102 BPM G Min.wav,/Users/mikemcgovern/Documents/SoundSauce/Melody_Loops/Cymatics Gems Vol 6 - Future RnB Melodies/Cymatics Gems Vol 6 - Fading Away - 102 BPM G Min.wav
0554__Gmin_102_rnb__Panda__loop-Cymatics_Gems_Vol_6_Fading__seed123.wav,Gmin,102,rnb,Panda,123,cKz! Panda Gmin 102 bpm @crushed_keyz,Cymatics Gems Vol 6 - Fading Away - 102 BPM G Min.wav,/Users/mikemcgovern/Documents/SoundSauce/Melody_Loops/Cymatics Gems Vol 6 - Future RnB Melodies/Cymatics Gems Vol 6 - Fading Away - 102 BPM G Min.wav
0555__Gmin_102_rnb__Panda__loop-Cymatics_Gems_Vol_6_Fading__seed777.wav,Gmin,102,rnb,Panda,777,cKz! Panda Gmin 102 bpm @crushed_keyz,Cymatics Gems Vol 6 - Fading Away - 102 BPM G Min.wav,/Users/mikemcgovern/Documents/SoundSauce/Melody_Loops/Cymatics Gems Vol 6 - Future RnB Melodies/Cymatics Gems Vol 6 - Fading Away - 102 BPM G Min.wav
0556__Gmin_102_rnb__POWER__loop-Cymatics_Gems_Vol_6_Fading__seed7.wav,Gmin,102,rnb,POWER,7,cKz! POWER Gmin 102 bpm @crushed_keyz,Cymatics Gems Vol 6 - Fading Away - 102 BPM G Min.wav,/Users/mikemcgovern/Documents/SoundSauce/Melody_Loops/Cymatics Gems Vol 6 - Future RnB Melodies/Cymatics Gems Vol 6 - Fading Away - 102 BPM G Min.wav
0557__Gmin_102_rnb__POWER__loop-Cymatics_Gems_Vol_6_Fading__seed123.wav,Gmin,102,rnb,POWER,123,cKz! POWER Gmin 102 bpm @crushed_keyz,Cymatics Gems Vol 6 - Fading Away - 102 BPM G Min.wav,/Users/mikemcgovern/Documents/SoundSauce/Melody_Loops/Cymatics Gems Vol 6 - Future RnB Melodies/Cymatics Gems Vol 6 - Fading Away - 102 BPM G Min.wav
0558__Gmin_102_rnb__POWER__loop-Cymatics_Gems_Vol_6_Fading__seed777.wav,Gmin,102,rnb,POWER,777,cKz! POWER Gmin 102 bpm @crushed_keyz,Cymatics Gems Vol 6 - Fading Away - 102 BPM G Min.wav,/Users/mikemcgovern/Documents/SoundSauce/Melody_Loops/Cymatics Gems Vol 6 - Future RnB Melodies/Cymatics Gems Vol 6 - Fading Away - 102 BPM G Min.wav
0559__Gmin_102_rnb__ICE__loop-Cymatics_Gems_Vol_6_Fading__seed7.wav,Gmin,102,rnb,ICE,7,cKz! ICE Gmin 102 bpm @crushed_keyz,Cymatics Gems Vol 6 - Fading Away - 102 BPM G Min.wav,/Users/mikemcgovern/Documents/SoundSauce/Melody_Loops/Cymatics Gems Vol 6 - Future RnB Melodies/Cymatics Gems Vol 6 - Fading Away - 102 BPM G Min.wav
0560__Gmin_102_rnb__ICE__loop-Cymatics_Gems_Vol_6_Fading__seed123.wav,Gmin,102,rnb,ICE,123,cKz! ICE Gmin 102 bpm @crushed_keyz,Cymatics Gems Vol 6 - Fading Away - 102 BPM G Min.wav,/Users/mikemcgovern/Documents/SoundSauce/Melody_Loops/Cymatics Gems Vol 6 - Future RnB Melodies/Cymatics Gems Vol 6 - Fading Away - 102 BPM G Min.wav
0561__Gmin_102_rnb__ICE__loop-Cymatics_Gems_Vol_6_Fading__seed777.wav,Gmin,102,rnb,ICE,777,cKz! ICE Gmin 102 bpm @crushed_keyz,Cymatics Gems Vol 6 - Fading Away - 102 BPM G Min.wav,/Users/mikemcgovern/Documents/SoundSauce/Melody_Loops/Cymatics Gems Vol 6 - Future RnB Melodies/Cymatics Gems Vol 6 - Fading Away - 102 BPM G Min.wav
0562__Gmin_102_rnb__Halo__loop-Cymatics_Gems_Vol_6_Fading__seed7.wav,Gmin,102,rnb,Halo,7,cKz! Halo Gmin 102 bpm @crushed_keyz,Cymatics Gems Vol 6 - Fading Away - 102 BPM G Min.wav,/Users/mikemcgovern/Documents/SoundSauce/Melody_Loops/Cymatics Gems Vol 6 - Future RnB Melodies/Cymatics Gems Vol 6 - Fading Away - 102 BPM G Min.wav
0563__Gmin_102_rnb__Halo__loop-Cymatics_Gems_Vol_6_Fading__seed123.wav,Gmin,102,rnb,Halo,123,cKz! Halo Gmin 102 bpm @crushed_keyz,Cymatics Gems Vol 6 - Fading Away - 102 BPM G Min.wav,/Users/mikemcgovern/Documents/SoundSauce/Melody_Loops/Cymatics Gems Vol 6 - Future RnB Melodies/Cymatics Gems Vol 6 - Fading Away - 102 BPM G Min.wav
0564__Gmin_102_rnb__Halo__loop-Cymatics_Gems_Vol_6_Fading__seed777.wav,Gmin,102,rnb,Halo,777,cKz! Halo Gmin 102 bpm @crushed_keyz,Cymatics Gems Vol 6 - Fading Away - 102 BPM G Min.wav,/Users/mikemcgovern/Documents/SoundSauce/Melody_Loops/Cymatics Gems Vol 6 - Future RnB Melodies/Cymatics Gems Vol 6 - Fading Away - 102 BPM G Min.wav
0565__Gmin_126_ethnic__LATE__loop-Cymatics_Gems_Ethnic_Loop___seed7.wav,Gmin,126,ethnic,LATE,7,cKz! LATE Gmin 126 bpm @crushed_keyz,Cymatics - Gems Ethnic Loop - Astrology - 126 BPM G Min.wav,/Users/mikemcgovern/Documents/SoundSauce/Melody_Loops/Cymatics_Gems_Ultimate_Edition_Vol_1_Pt_1/Ethnic/Cymatics - Gems Ethnic Loop - Astrology - 126 BPM G Min.wav
0566__Gmin_126_ethnic__LATE__loop-Cymatics_Gems_Ethnic_Loop___seed123.wav,Gmin,126,ethnic,LATE,123,cKz! LATE Gmin 126 bpm @crushed_keyz,Cymatics - Gems Ethnic Loop - Astrology - 126 BPM G Min.wav,/Users/mikemcgovern/Documents/SoundSauce/Melody_Loops/Cymatics_Gems_Ultimate_Edition_Vol_1_Pt_1/Ethnic/Cymatics - Gems Ethnic Loop - Astrology - 126 BPM G Min.wav
0567__Gmin_126_ethnic__LATE__loop-Cymatics_Gems_Ethnic_Loop___seed777.wav,Gmin,126,ethnic,LATE,777,cKz! LATE Gmin 126 bpm @crushed_keyz,Cymatics - Gems Ethnic Loop - Astrology - 126 BPM G Min.wav,/Users/mikemcgovern/Documents/SoundSauce/Melody_Loops/Cymatics_Gems_Ultimate_Edition_Vol_1_Pt_1/Ethnic/Cymatics - Gems Ethnic Loop - Astrology - 126 BPM G Min.wav
0568__Gmin_126_ethnic__Crystal__loop-Cymatics_Gems_Ethnic_Loop___seed7.wav,Gmin,126,ethnic,Crystal,7,cKz! Crystal Gmin 126 bpm @crushed_keyz,Cymatics - Gems Ethnic Loop - Astrology - 126 BPM G Min.wav,/Users/mikemcgovern/Documents/SoundSauce/Melody_Loops/Cymatics_Gems_Ultimate_Edition_Vol_1_Pt_1/Ethnic/Cymatics - Gems Ethnic Loop - Astrology - 126 BPM G Min.wav
0569__Gmin_126_ethnic__Crystal__loop-Cymatics_Gems_Ethnic_Loop___seed123.wav,Gmin,126,ethnic,Crystal,123,cKz! Crystal Gmin 126 bpm @crushed_keyz,Cymatics - Gems Ethnic Loop - Astrology - 126 BPM G Min.wav,/Users/mikemcgovern/Documents/SoundSauce/Melody_Loops/Cymatics_Gems_Ultimate_Edition_Vol_1_Pt_1/Ethnic/Cymatics - Gems Ethnic Loop - Astrology - 126 BPM G Min.wav
0570__Gmin_126_ethnic__Crystal__loop-Cymatics_Gems_Ethnic_Loop___seed777.wav,Gmin,126,ethnic,Crystal,777,cKz! Crystal Gmin 126 bpm @crushed_keyz,Cymatics - Gems Ethnic Loop - Astrology - 126 BPM G Min.wav,/Users/mikemcgovern/Documents/SoundSauce/Melody_Loops/Cymatics_Gems_Ultimate_Edition_Vol_1_Pt_1/Ethnic/Cymatics - Gems Ethnic Loop - Astrology - 126 BPM G Min.wav
0571__Gmin_126_ethnic__Halo__loop-Cymatics_Gems_Ethnic_Loop___seed7.wav,Gmin,126,ethnic,Halo,7,cKz! Halo Gmin 126 bpm @crushed_keyz,Cymatics - Gems Ethnic Loop - Astrology - 126 BPM G Min.wav,/Users/mikemcgovern/Documents/SoundSauce/Melody_Loops/Cymatics_Gems_Ultimate_Edition_Vol_1_Pt_1/Ethnic/Cymatics - Gems Ethnic Loop - Astrology - 126 BPM G Min.wav
0572__Gmin_126_ethnic__Halo__loop-Cymatics_Gems_Ethnic_Loop___seed123.wav,Gmin,126,ethnic,Halo,123,cKz! Halo Gmin 126 bpm @crushed_keyz,Cymatics - Gems Ethnic Loop - Astrology - 126 BPM G Min.wav,/Users/mikemcgovern/Documents/SoundSauce/Melody_Loops/Cymatics_Gems_Ultimate_Edition_Vol_1_Pt_1/Ethnic/Cymatics - Gems Ethnic Loop - Astrology - 126 BPM G Min.wav
0573__Gmin_126_ethnic__Halo__loop-Cymatics_Gems_Ethnic_Loop___seed777.wav,Gmin,126,ethnic,Halo,777,cKz! Halo Gmin 126 bpm @crushed_keyz,Cymatics - Gems Ethnic Loop - Astrology - 126 BPM G Min.wav,/Users/mikemcgovern/Documents/SoundSauce/Melody_Loops/Cymatics_Gems_Ultimate_Edition_Vol_1_Pt_1/Ethnic/Cymatics - Gems Ethnic Loop - Astrology - 126 BPM G Min.wav
0574__Gmin_126_ethnic__ACTiVE__loop-Cymatics_Gems_Ethnic_Loop___seed7.wav,Gmin,126,ethnic,ACTiVE,7,cKz! ACTiVE Gmin 126 bpm @crushed_keyz,Cymatics - Gems Ethnic Loop - Astrology - 126 BPM G Min.wav,/Users/mikemcgovern/Documents/SoundSauce/Melody_Loops/Cymatics_Gems_Ultimate_Edition_Vol_1_Pt_1/Ethnic/Cymatics - Gems Ethnic Loop - Astrology - 126 BPM G Min.wav
0575__Gmin_126_ethnic__ACTiVE__loop-Cymatics_Gems_Ethnic_Loop___seed123.wav,Gmin,126,ethnic,ACTiVE,123,cKz! ACTiVE Gmin 126 bpm @crushed_keyz,Cymatics - Gems Ethnic Loop - Astrology - 126 BPM G Min.wav,/Users/mikemcgovern/Documents/SoundSauce/Melody_Loops/Cymatics_Gems_Ultimate_Edition_Vol_1_Pt_1/Ethnic/Cymatics - Gems Ethnic Loop - Astrology - 126 BPM G Min.wav
0576__Gmin_126_ethnic__ACTiVE__loop-Cymatics_Gems_Ethnic_Loop___seed777.wav,Gmin,126,ethnic,ACTiVE,777,cKz! ACTiVE Gmin 126 bpm @crushed_keyz,Cymatics - Gems Ethnic Loop - Astrology - 126 BPM G Min.wav,/Users/mikemcgovern/Documents/SoundSauce/Melody_Loops/Cymatics_Gems_Ultimate_Edition_Vol_1_Pt_1/Ethnic/Cymatics - Gems Ethnic Loop - Astrology - 126 BPM G Min.wav
